Weapon1,Weapon2,Material1,Material2,Hypothesis,Score,Type1,Type2
4e8c87be73,4e8c87be73,Nickel,Brass,1,0.8326460427144101,125b,125b
4e8c87be73,4e8c87be73,Brass,Nickel,1,0.8331195196485586,125b,125b
db9f861795,db9f861795,Brass,Nickel,1,0.9060372650414742,125b,125b
db9f861795,db9f861795,Nickel,Brass,1,0.9060372650414743,125b,125b
d00bf582d1,d00bf582d1,Brass,Nickel,1,0.6978114584800831,125b,125b
d00bf582d1,d00bf582d1,Nickel,Brass,1,0.6978114584800827,125b,125b
5d53b1980d,5d53b1980d,Nickel,Nickel,1,0.9444291241407557,125b,125b
5d53b1980d,5d53b1980d,Nickel,Nickel,1,0.9444291241407557,125b,125b
eeb4c50ec0,eeb4c50ec0,Brass,Nickel,1,0.652604010228198,125b,125b
eeb4c50ec0,eeb4c50ec0,Nickel,Brass,1,0.6528783312481332,125b,125b
0db08b7f9e,0db08b7f9e,Brass,Nickel,1,0.9404036680410052,125b,125b
0db08b7f9e,0db08b7f9e,Nickel,Brass,1,0.9404036680410056,125b,125b
3aba1ffd71,3aba1ffd71,Brass,Brass,1,0.7665784568982369,125b,125b
3aba1ffd71,3aba1ffd71,Brass,Brass,1,0.7665784568982369,125b,125b
a54ce43a84,a54ce43a84,Nickel,Nickel,1,0.9133440112090656,125b,125b
a54ce43a84,a54ce43a84,Nickel,Nickel,1,0.9133105621439696,125b,125b
bd69b2b57e,bd69b2b57e,Nickel,Nickel,1,0.9152395176922836,125b,125b
bd69b2b57e,bd69b2b57e,Nickel,Nickel,1,0.9152395176922838,125b,125b
8d2c6884a2,8d2c6884a2,Brass,Brass,1,0.7898525972483078,125b,125b
8d2c6884a2,8d2c6884a2,Brass,Brass,1,0.789852597248308,125b,125b
e148843b1b,e148843b1b,Nickel,Nickel,1,0.9236735264126884,125b,125b
e148843b1b,e148843b1b,Nickel,Nickel,1,0.9254215295992168,125b,125b
867e742682,867e742682,Nickel,Brass,1,0.9674447850142257,125b,125b
867e742682,867e742682,Brass,Nickel,1,0.9674447850142259,125b,125b
81bb3cb084,81bb3cb084,Brass,Brass,1,0.8238228682157098,125b,125b
81bb3cb084,81bb3cb084,Brass,Brass,1,0.8238228682157097,125b,125b
46a94c0ba6,46a94c0ba6,Brass,Brass,1,0.9441464224343122,125b,125b
46a94c0ba6,46a94c0ba6,Brass,Brass,1,0.9441464224343122,125b,125b
1a61c27690,1a61c27690,Nickel,Brass,1,0.8449643944046653,125b,125b
1a61c27690,1a61c27690,Brass,Nickel,1,0.8449643944046659,125b,125b
63c6b83358,63c6b83358,Nickel,Brass,1,0.9355078424661681,125b,125b
63c6b83358,63c6b83358,Brass,Nickel,1,0.935507842466168,125b,125b
fb36246e43,fb36246e43,Nickel,Nickel,1,0.9444647078229373,125b,125b
fb36246e43,fb36246e43,Nickel,Nickel,1,0.9444647078229375,125b,125b
fa6595462f,fa6595462f,Brass,Brass,1,0.9542615643229101,125b,125b
fa6595462f,fa6595462f,Brass,Brass,1,0.9545141862594603,125b,125b
f9a66f58d3,f9a66f58d3,Nickel,Brass,1,0.8708798415294284,125b,125b
f9a66f58d3,f9a66f58d3,Brass,Nickel,1,0.8708798415294281,125b,125b
27c44d34a4,27c44d34a4,Brass,Brass,1,0.9763992026076578,125b,125b
27c44d34a4,27c44d34a4,Brass,Brass,1,0.9763992026076582,125b,125b
89d2cec2bc,89d2cec2bc,Brass,Brass,1,0.7646612080107834,125b,125b
89d2cec2bc,89d2cec2bc,Brass,Brass,1,0.7646612080107834,125b,125b
8b448b9e4c,8b448b9e4c,Nickel,Nickel,1,0.9830784691811328,125b,125b
8b448b9e4c,8b448b9e4c,Nickel,Nickel,1,0.9830784691811326,125b,125b
3cadb33f2f,3cadb33f2f,Nickel,Brass,1,0.7673242218772299,125b,125b
3cadb33f2f,3cadb33f2f,Brass,Nickel,1,0.7673242218772298,125b,125b
006a1314fe,006a1314fe,Brass,Brass,1,0.7203568565553378,125b,125b
006a1314fe,006a1314fe,Brass,Brass,1,0.7181130499938287,125b,125b
8edaa51105,8edaa51105,Brass,Nickel,1,0.7858013882829671,125b,125b
8edaa51105,8edaa51105,Nickel,Brass,1,0.7855072560302472,125b,125b
9f5cee2a11,9f5cee2a11,Nickel,Nickel,1,0.9430069397311447,125b,125b
9f5cee2a11,9f5cee2a11,Nickel,Nickel,1,0.9430069397311449,125b,125b
9e169b6b4a,9e169b6b4a,Nickel,Nickel,1,0.9549595228076769,125b,125b
9e169b6b4a,9e169b6b4a,Nickel,Nickel,1,0.9549595228076767,125b,125b
255872d83b,255872d83b,Brass,Nickel,1,0.6649444491104235,125b,125b
255872d83b,255872d83b,Nickel,Brass,1,0.6640965575033597,125b,125b
84e0e9ad16,84e0e9ad16,Brass,Nickel,1,0.9584320972312185,125b,125b
84e0e9ad16,84e0e9ad16,Nickel,Brass,1,0.9584320972312184,125b,125b
9e83787977,9e83787977,Brass,Brass,1,0.9342037683180494,125b,125b
9e83787977,9e83787977,Brass,Brass,1,0.9342037683180492,125b,125b
cdfa00c17a,cdfa00c17a,Brass,Nickel,1,0.8125281179019841,125b,125b
cdfa00c17a,cdfa00c17a,Nickel,Brass,1,0.8125281179019844,125b,125b
5187134316,5187134316,Brass,Brass,1,0.9308891474892546,125b,125b
5187134316,5187134316,Brass,Brass,1,0.9308891474892543,125b,125b
065850e0e3,065850e0e3,Brass,Brass,1,0.9182850360630266,125b,125b
065850e0e3,065850e0e3,Brass,Brass,1,0.9182850360630265,125b,125b
465776f37d,465776f37d,Nickel,Nickel,1,0.8634339500392243,125b,125b
465776f37d,465776f37d,Nickel,Nickel,1,0.8633810164638887,125b,125b
74711b8750,74711b8750,Brass,Nickel,1,0.8223556835046063,125b,125b
74711b8750,74711b8750,Nickel,Brass,1,0.8216354192707326,125b,125b
1fa0c6d8d0,1fa0c6d8d0,Brass,Nickel,1,0.9415560360140528,125b,125b
1fa0c6d8d0,1fa0c6d8d0,Nickel,Brass,1,0.9412434586981878,125b,125b
33cc68a9eb,33cc68a9eb,Brass,Nickel,1,0.9713742703562463,125b,125b
33cc68a9eb,33cc68a9eb,Nickel,Brass,1,0.9713742703562466,125b,125b
326bd7053d,326bd7053d,Nickel,Nickel,1,0.9904662905193747,125b,125b
326bd7053d,326bd7053d,Nickel,Nickel,1,0.9904662905193744,125b,125b
27c03bf211,27c03bf211,Nickel,Brass,1,0.6270191621522294,125b,125b
27c03bf211,27c03bf211,Brass,Nickel,1,0.6269023479915353,125b,125b
f366f00cde,f366f00cde,Brass,Nickel,1,0.8781944622050109,125b,125b
f366f00cde,f366f00cde,Nickel,Brass,1,0.8781944622050106,125b,125b
5c9da0f7f0,5c9da0f7f0,Brass,Brass,1,0.9653382366074638,125b,125b
5c9da0f7f0,5c9da0f7f0,Brass,Brass,1,0.9653382366074637,125b,125b
d469fc3f70,d469fc3f70,Brass,Nickel,1,0.5610939270886137,125b,125b
d469fc3f70,d469fc3f70,Nickel,Brass,1,0.5609068187805659,125b,125b
2a3b7ab647,2a3b7ab647,Nickel,Brass,1,0.9308338277613809,125b,125b
2a3b7ab647,2a3b7ab647,Brass,Nickel,1,0.9308338277613804,125b,125b
9fbbe4fcae,9fbbe4fcae,Nickel,Brass,1,0.8820600886690477,125b,125b
9fbbe4fcae,9fbbe4fcae,Brass,Nickel,1,0.8824321776379815,125b,125b
a524d36b72,a524d36b72,Brass,Brass,1,0.9404428715175458,125b,125b
a524d36b72,a524d36b72,Brass,Brass,1,0.9404428715175457,125b,125b
7204a1feeb,7204a1feeb,Brass,Brass,1,0.9256298937779459,125b,125b
7204a1feeb,7204a1feeb,Brass,Brass,1,0.9253034289591898,125b,125b
651a720f52,651a720f52,Nickel,Brass,1,0.9289549226163918,125b,125b
651a720f52,651a720f52,Brass,Nickel,1,0.9291612448702832,125b,125b
c2081b71be,c2081b71be,Brass,Nickel,1,0.9051021650650102,125b,125b
c2081b71be,c2081b71be,Nickel,Brass,1,0.9049754894762424,125b,125b
bf77a5ca9b,bf77a5ca9b,Nickel,Brass,1,0.9363327886452657,125b,125b
bf77a5ca9b,bf77a5ca9b,Brass,Nickel,1,0.9363327886452654,125b,125b
be50e7d534,be50e7d534,Brass,Nickel,1,0.8106263545860452,125b,125b
be50e7d534,be50e7d534,Nickel,Brass,1,0.8126926373449133,125b,125b
93f6afc25d,93f6afc25d,Nickel,Brass,1,0.8844271636501014,125b,125b
93f6afc25d,93f6afc25d,Brass,Nickel,1,0.8844271636501015,125b,125b
ed472f9cda,ed472f9cda,Nickel,Brass,1,0.8735503524746658,125b,125b
ed472f9cda,ed472f9cda,Brass,Nickel,1,0.8739398782808729,125b,125b
a49e80e2bf,a49e80e2bf,Brass,Nickel,1,0.7276769534187187,125b,125b
a49e80e2bf,a49e80e2bf,Nickel,Brass,1,0.727676953418719,125b,125b
114a81160d,114a81160d,Nickel,Brass,1,0.9676086385955821,125b,125b
114a81160d,114a81160d,Brass,Nickel,1,0.9676086385955821,125b,125b
54602388df,54602388df,Nickel,Brass,1,0.9827462849477727,125b,125b
54602388df,54602388df,Brass,Nickel,1,0.9827462849477724,125b,125b
4a8527a9a0,4a8527a9a0,Nickel,Nickel,1,0.8738142696872415,125b,125b
4a8527a9a0,4a8527a9a0,Nickel,Nickel,1,0.8704023591364539,125b,125b
1588672e36,1588672e36,Brass,Nickel,1,0.9766064060246713,125b,125b
1588672e36,1588672e36,Nickel,Brass,1,0.977257292978055,125b,125b
5a62fb7223,5a62fb7223,Nickel,Nickel,1,0.9487158594369665,125b,125b
5a62fb7223,5a62fb7223,Nickel,Nickel,1,0.9487158594369665,125b,125b
cd576798db,cd576798db,Nickel,Nickel,1,0.7209758619411318,125b,125b
cd576798db,cd576798db,Nickel,Nickel,1,0.7205764076875762,125b,125b
0c7139a036,0c7139a036,Nickel,Brass,1,0.7112248798413943,125b,125b
0c7139a036,0c7139a036,Brass,Nickel,1,0.7112248798413945,125b,125b
fc6e345a87,fc6e345a87,Brass,Nickel,1,0.8554767242062573,125b,125b
fc6e345a87,fc6e345a87,Nickel,Brass,1,0.8582977428918019,125b,125b
f8c4c41732,f8c4c41732,Brass,Nickel,1,0.7542551078527735,125b,125b
f8c4c41732,f8c4c41732,Nickel,Brass,1,0.7537073347056223,125b,125b
b8299ace38,b8299ace38,Brass,Brass,1,0.8411326793411877,125b,125b
b8299ace38,b8299ace38,Brass,Brass,1,0.8404705308907565,125b,125b
77d984eb8b,77d984eb8b,Brass,Nickel,1,0.9506114832084113,125b,125b
77d984eb8b,77d984eb8b,Nickel,Brass,1,0.9506114832084112,125b,125b
9d580ca5f3,9d580ca5f3,Nickel,Nickel,1,0.6380070163387986,125b,125b
9d580ca5f3,9d580ca5f3,Nickel,Nickel,1,0.6380070163387987,125b,125b
9645e12969,9645e12969,Brass,Nickel,1,0.9114137624273949,125b,125b
9645e12969,9645e12969,Nickel,Brass,1,0.9114137624273949,125b,125b
64161ddb14,64161ddb14,Nickel,Nickel,1,0.8691163293303329,125b,125b
64161ddb14,64161ddb14,Nickel,Nickel,1,0.8694614064496303,125b,125b
e139e26428,e139e26428,Nickel,Nickel,1,0.8910758283030634,125b,125b
e139e26428,e139e26428,Nickel,Nickel,1,0.8910758283030633,125b,125b
8c82f237f9,8c82f237f9,Brass,Nickel,1,0.8326167742985309,125b,125b
8c82f237f9,8c82f237f9,Nickel,Brass,1,0.8290506088358761,125b,125b
8197f401c9,8197f401c9,Nickel,Nickel,1,0.8801360423799354,125b,125b
8197f401c9,8197f401c9,Nickel,Nickel,1,0.8801360423799358,125b,125b
e3d39b187c,e3d39b187c,Brass,Brass,1,0.9151537810607335,125b,125b
e3d39b187c,e3d39b187c,Brass,Brass,1,0.9151537810607336,125b,125b
5e1f731abe,5e1f731abe,Brass,Brass,1,0.8611963295484065,125b,125b
5e1f731abe,5e1f731abe,Brass,Brass,1,0.8611963295484065,125b,125b
b9dba629ae,b9dba629ae,Nickel,Nickel,1,0.8317878125067429,125b,125b
b9dba629ae,b9dba629ae,Nickel,Nickel,1,0.8317878125067428,125b,125b
13189e401d,13189e401d,Nickel,Brass,1,0.7278045667257286,125b,125b
13189e401d,13189e401d,Brass,Nickel,1,0.7276976732797116,125b,125b
b92f20bb93,b92f20bb93,Brass,Nickel,1,0.7761169437149708,125b,125b
b92f20bb93,b92f20bb93,Nickel,Brass,1,0.7762698840494873,125b,125b
218ae10a65,218ae10a65,Nickel,Nickel,1,0.7701174204547455,125b,125b
218ae10a65,218ae10a65,Nickel,Nickel,1,0.7698788339128512,125b,125b
b4f6763191,b4f6763191,Nickel,Nickel,1,0.8090927155181471,125b,125b
b4f6763191,b4f6763191,Nickel,Nickel,1,0.8096238279800019,125b,125b
ef85c2ef6b,ef85c2ef6b,Nickel,Nickel,1,0.9728910590592406,125b,125b
ef85c2ef6b,ef85c2ef6b,Nickel,Nickel,1,0.9728910590592406,125b,125b
554cd2f9ad,554cd2f9ad,Brass,Nickel,1,0.9227451058281976,125b,125b
554cd2f9ad,554cd2f9ad,Nickel,Brass,1,0.9227451058281974,125b,125b
a9542eafb6,a9542eafb6,Nickel,Brass,1,0.9551272519556946,125b,125b
a9542eafb6,a9542eafb6,Brass,Nickel,1,0.9551272519556941,125b,125b
d54a78b3f6,d54a78b3f6,Brass,Brass,1,0.8439114920361858,125b,125b
d54a78b3f6,d54a78b3f6,Brass,Brass,1,0.8434230099368423,125b,125b
275310424a,275310424a,Brass,Nickel,1,0.7944340824364697,125b,125b
275310424a,275310424a,Nickel,Brass,1,0.7937737386636948,125b,125b
dd8d33227f,dd8d33227f,Nickel,Brass,1,0.949810171527544,125b,125b
dd8d33227f,dd8d33227f,Brass,Nickel,1,0.9498101715275443,125b,125b
7db9fa3fdc,7db9fa3fdc,Brass,Brass,1,0.842730060650694,125b,125b
7db9fa3fdc,7db9fa3fdc,Brass,Brass,1,0.8427463453215371,125b,125b
0b782c3069,0b782c3069,Nickel,Nickel,1,0.9494094235903946,125b,125b
0b782c3069,0b782c3069,Nickel,Nickel,1,0.9494094235903944,125b,125b
b4475e07ab,b4475e07ab,Nickel,Nickel,1,0.9001618797703625,125b,125b
b4475e07ab,b4475e07ab,Nickel,Nickel,1,0.900161879770362,125b,125b
1440f0509e,1440f0509e,Nickel,Nickel,1,0.9689393071486877,125b,125b
1440f0509e,1440f0509e,Nickel,Nickel,1,0.9689393071486877,125b,125b
744a7e7690,744a7e7690,Nickel,Nickel,1,0.8734952181547365,125b,125b
744a7e7690,744a7e7690,Nickel,Nickel,1,0.8734952181547366,125b,125b
88c293654f,88c293654f,Brass,Nickel,1,0.7825159683068538,125b,125b
88c293654f,88c293654f,Nickel,Brass,1,0.7826568255079489,125b,125b
9fbf447e53,9fbf447e53,Nickel,Brass,1,0.7702561547837666,125b,125b
9fbf447e53,9fbf447e53,Brass,Nickel,1,0.7702561547837664,125b,125b
1be78463d7,1be78463d7,Nickel,Brass,1,0.9752830124955918,125b,125b
1be78463d7,1be78463d7,Brass,Nickel,1,0.975283012495592,125b,125b
41f1030655,41f1030655,Nickel,Brass,1,0.9599860938846818,125b,125b
41f1030655,41f1030655,Brass,Nickel,1,0.9599860938846814,125b,125b
ac9b7024b2,ac9b7024b2,Nickel,Nickel,1,0.7557774595041589,125b,125b
ac9b7024b2,ac9b7024b2,Nickel,Nickel,1,0.7560790744993509,125b,125b
07ffa2d44f,07ffa2d44f,Nickel,Nickel,1,0.9059163458357942,125b,125b
07ffa2d44f,07ffa2d44f,Nickel,Nickel,1,0.9059163458357938,125b,125b
2dafb6ca52,2dafb6ca52,Nickel,Brass,1,0.6219106960639033,125b,125b
2dafb6ca52,2dafb6ca52,Brass,Nickel,1,0.6216905571001132,125b,125b
1f2544214d,1f2544214d,Nickel,Nickel,1,0.8444962450556376,125b,125b
1f2544214d,1f2544214d,Nickel,Nickel,1,0.844496245055637,125b,125b
37d21f987c,37d21f987c,Brass,Brass,1,0.7054278192233,125b,125b
37d21f987c,37d21f987c,Brass,Brass,1,0.696403165309044,125b,125b
43012574d4,43012574d4,Nickel,Nickel,1,0.8818275288105679,125b,125b
43012574d4,43012574d4,Nickel,Nickel,1,0.882510689443475,125b,125b
0f1b7d028f,0f1b7d028f,Brass,Brass,1,0.9696708610966546,125b,125b
0f1b7d028f,0f1b7d028f,Brass,Brass,1,0.9696708610966545,125b,125b
a3b1085bea,a3b1085bea,Brass,Nickel,1,0.8670750237338251,125b,125b
a3b1085bea,a3b1085bea,Nickel,Brass,1,0.8670750237338254,125b,125b
3443ea5ba5,3443ea5ba5,Brass,Brass,1,0.754524074641839,125b,125b
3443ea5ba5,3443ea5ba5,Brass,Brass,1,0.7545240746418391,125b,125b
21664540e1,21664540e1,Brass,Brass,1,0.8683916855464343,125b,125b
21664540e1,21664540e1,Brass,Brass,1,0.8683916855464344,125b,125b
a0575f4e5b,a0575f4e5b,Nickel,Nickel,1,0.8608385256806194,125b,125b
a0575f4e5b,a0575f4e5b,Nickel,Nickel,1,0.8613542491608159,125b,125b
90d6397a11,90d6397a11,Brass,Brass,1,0.7642981161828454,125b,125b
90d6397a11,90d6397a11,Brass,Brass,1,0.7642240229703361,125b,125b
633fbb7de1,633fbb7de1,Nickel,Nickel,1,0.6559192626678196,125b,125b
633fbb7de1,633fbb7de1,Nickel,Nickel,1,0.6555419690344356,125b,125b
3a2a75a851,3a2a75a851,Brass,Brass,1,0.9100884776830863,125b,125b
3a2a75a851,3a2a75a851,Brass,Brass,1,0.9100884776830865,125b,125b
803e2e304c,803e2e304c,Brass,Nickel,1,0.6467781224503953,125b,125b
803e2e304c,803e2e304c,Nickel,Brass,1,0.6461313566141892,125b,125b
a404412c4e,a404412c4e,Nickel,Brass,1,0.8997078744502951,125b,125b
a404412c4e,a404412c4e,Brass,Nickel,1,0.8997078744502953,125b,125b
b18136930a,b18136930a,Nickel,Nickel,1,0.9387853672482885,125b,125b
b18136930a,b18136930a,Nickel,Nickel,1,0.9375524163291916,125b,125b
ef4d4aee2a,ef4d4aee2a,Nickel,Brass,1,0.8956641942731355,125b,125b
ef4d4aee2a,ef4d4aee2a,Brass,Nickel,1,0.8959881595315676,125b,125b
d5070cee0f,d5070cee0f,Nickel,Brass,1,0.9855058145489509,125b,125b
d5070cee0f,d5070cee0f,Brass,Nickel,1,0.9855058145489513,125b,125b
06e173827a,06e173827a,Nickel,Brass,1,0.7737426406671899,125b,125b
06e173827a,06e173827a,Brass,Nickel,1,0.7740202893136175,125b,125b
ab584c07c2,ab584c07c2,Brass,Brass,1,0.9574506919095491,125b,125b
ab584c07c2,ab584c07c2,Brass,Brass,1,0.9568163940590286,125b,125b
e6cc40d201,e6cc40d201,Brass,Nickel,1,0.8712617432179263,125b,125b
e6cc40d201,e6cc40d201,Nickel,Brass,1,0.8713342725878904,125b,125b
d64504718a,d64504718a,Brass,Nickel,1,0.6028124681942976,125b,125b
d64504718a,d64504718a,Nickel,Brass,1,0.5733642705877217,125b,125b
6e46d2b898,6e46d2b898,Brass,Nickel,1,0.952028450262079,125b,125b
6e46d2b898,6e46d2b898,Nickel,Brass,1,0.9520284502620792,125b,125b
4b653e1078,4b653e1078,Nickel,Nickel,1,0.6759808748010228,125b,125b
4b653e1078,4b653e1078,Nickel,Nickel,1,0.6756602578969038,125b,125b
dd89c806a4,dd89c806a4,Nickel,Nickel,1,0.9260756478673283,125b,125b
dd89c806a4,dd89c806a4,Nickel,Nickel,1,0.9260756478673285,125b,125b
13e462a218,13e462a218,Nickel,Nickel,1,0.6546609871302979,125b,125b
13e462a218,13e462a218,Nickel,Nickel,1,0.6546609871302979,125b,125b
4bbf967d87,4bbf967d87,Brass,Brass,1,0.6758858781366404,125b,125b
4bbf967d87,4bbf967d87,Brass,Brass,1,0.6753584766355553,125b,125b
3c6819beb9,3c6819beb9,Brass,Brass,1,0.904010899644305,125b,125b
3c6819beb9,3c6819beb9,Brass,Brass,1,0.904010899644305,125b,125b
442ed1aba3,442ed1aba3,Brass,Brass,1,0.7212540484381451,125b,125b
442ed1aba3,442ed1aba3,Brass,Brass,1,0.7212540484381451,125b,125b
c9661c2165,c9661c2165,Nickel,Nickel,1,0.8098686332141609,125b,125b
c9661c2165,c9661c2165,Nickel,Nickel,1,0.8103042194710471,125b,125b
cccba287c0,cccba287c0,Brass,Brass,1,0.8581138538029522,125b,125b
cccba287c0,cccba287c0,Brass,Brass,1,0.8581138538029524,125b,125b
fe57804d2f,fe57804d2f,Brass,Nickel,1,0.8672617448031482,125b,125b
fe57804d2f,fe57804d2f,Nickel,Brass,1,0.867261744803148,125b,125b
5e80774246,5e80774246,Nickel,Brass,1,0.8850083742925849,125b,125b
5e80774246,5e80774246,Brass,Nickel,1,0.8850083742925849,125b,125b
a7941599a3,a7941599a3,Brass,Nickel,1,0.79119918101386,125b,125b
a7941599a3,a7941599a3,Nickel,Brass,1,0.7911097637786751,125b,125b
53b447cf40,53b447cf40,Nickel,Nickel,1,0.9446858139428462,125b,125b
53b447cf40,53b447cf40,Nickel,Nickel,1,0.9446858139428462,125b,125b
7f3b7d60f8,7f3b7d60f8,Nickel,Brass,1,0.8736145980397488,125b,125b
7f3b7d60f8,7f3b7d60f8,Brass,Nickel,1,0.8742407682629839,125b,125b
1f1cc95695,1f1cc95695,Nickel,Brass,1,0.5960386600310652,125b,125b
1f1cc95695,1f1cc95695,Brass,Nickel,1,0.5958480632950955,125b,125b
1ed3442cfa,1ed3442cfa,Nickel,Nickel,1,0.9581690226242578,125b,125b
1ed3442cfa,1ed3442cfa,Nickel,Nickel,1,0.9581690226242581,125b,125b
386dbcc899,386dbcc899,Brass,Nickel,1,0.5913478492864197,125b,125b
386dbcc899,386dbcc899,Nickel,Brass,1,0.5916507470230337,125b,125b
9749f4949a,9749f4949a,Brass,Brass,1,0.8827766858025302,125b,125b
9749f4949a,9749f4949a,Brass,Brass,1,0.8827766858025301,125b,125b
e6b0884c5f,e6b0884c5f,Brass,Brass,1,0.7402024327266157,125b,125b
e6b0884c5f,e6b0884c5f,Brass,Brass,1,0.7402024327266155,125b,125b
797ececd4d,797ececd4d,Brass,Brass,1,0.9507932834117223,125b,125b
797ececd4d,797ececd4d,Brass,Brass,1,0.950793283411722,125b,125b
53e96a3c39,53e96a3c39,Nickel,Brass,1,0.5511078470543396,125b,125b
53e96a3c39,53e96a3c39,Brass,Nickel,1,0.5514122147098733,125b,125b
db4804f266,db4804f266,Nickel,Nickel,1,0.9687208851358581,125b,125b
db4804f266,db4804f266,Nickel,Nickel,1,0.968720885135858,125b,125b
ea5653bbfb,ea5653bbfb,Brass,Brass,1,0.8673397114795378,125b,125b
ea5653bbfb,ea5653bbfb,Brass,Brass,1,0.8672200801010059,125b,125b
650f711e0f,650f711e0f,Brass,Nickel,1,0.9383510320053529,125b,125b
650f711e0f,650f711e0f,Nickel,Brass,1,0.9383510320053525,125b,125b
ae9b0acf0b,ae9b0acf0b,Nickel,Nickel,1,0.8953405813132134,125b,125b
ae9b0acf0b,ae9b0acf0b,Nickel,Nickel,1,0.895340581313213,125b,125b
485d8c99eb,485d8c99eb,Nickel,Brass,1,0.8379631981779377,125b,125b
485d8c99eb,485d8c99eb,Brass,Nickel,1,0.8370423707956971,125b,125b
0e45ff7118,0e45ff7118,Nickel,Brass,1,0.6748852838313477,125b,125b
0e45ff7118,0e45ff7118,Brass,Nickel,1,0.6740732367869536,125b,125b
ff11e3e39e,ff11e3e39e,Brass,Nickel,1,0.687311122891685,125b,125b
ff11e3e39e,ff11e3e39e,Nickel,Brass,1,0.6873391459216932,125b,125b
93ac97b997,93ac97b997,Brass,Nickel,1,0.591924047851666,125b,125b
93ac97b997,93ac97b997,Nickel,Brass,1,0.5910275820677232,125b,125b
0d991a198f,0d991a198f,Nickel,Nickel,1,0.9729833027955681,125b,125b
0d991a198f,0d991a198f,Nickel,Nickel,1,0.9729833027955679,125b,125b
0705af84e4,0705af84e4,Brass,Brass,1,0.9495714069248659,125b,125b
0705af84e4,0705af84e4,Brass,Brass,1,0.9496472621264321,125b,125b
cc6c455419,cc6c455419,Nickel,Brass,1,0.7394730470605727,125b,125b
cc6c455419,cc6c455419,Brass,Nickel,1,0.7394440408099184,125b,125b
b4ecec09f7,b4ecec09f7,Brass,Brass,1,0.9047148052952984,125b,125b
b4ecec09f7,b4ecec09f7,Brass,Brass,1,0.9047148052952984,125b,125b
bd89ab2453,bd89ab2453,Nickel,Brass,1,0.8919403036896818,125b,125b
bd89ab2453,bd89ab2453,Brass,Nickel,1,0.8919403036896821,125b,125b
5c05f057df,5c05f057df,Brass,Brass,1,0.9017516574712894,125b,125b
5c05f057df,5c05f057df,Brass,Brass,1,0.9017516574712892,125b,125b
024453ba54,024453ba54,Nickel,Nickel,1,0.9092516786323944,125b,125b
024453ba54,024453ba54,Nickel,Nickel,1,0.9091907943117614,125b,125b
f9063e2a6e,f9063e2a6e,Nickel,Brass,1,0.8322008123984925,125b,125b
f9063e2a6e,f9063e2a6e,Brass,Nickel,1,0.8315860016678227,125b,125b
a83feb1bb6,a83feb1bb6,Nickel,Brass,1,0.7324339642445538,125b,125b
a83feb1bb6,a83feb1bb6,Brass,Nickel,1,0.7319967849017813,125b,125b
c0355dcdaa,c0355dcdaa,Nickel,Nickel,1,0.9508846312483046,125b,125b
c0355dcdaa,c0355dcdaa,Nickel,Nickel,1,0.9473127620014118,125b,125b
f20719359c,f20719359c,Brass,Brass,1,0.7002157179955445,125b,125b
f20719359c,f20719359c,Brass,Brass,1,0.7004878536771294,125b,125b
ff7d167ca0,ff7d167ca0,Brass,Brass,1,0.7504537748823149,125b,125b
ff7d167ca0,ff7d167ca0,Brass,Brass,1,0.750453774882315,125b,125b
4e0193ff9e,4e0193ff9e,Brass,Nickel,1,0.666079094511109,125b,125b
4e0193ff9e,4e0193ff9e,Nickel,Brass,1,0.6660790945111091,125b,125b
9b00c4c264,9b00c4c264,Brass,Nickel,1,0.9717811378321612,125b,125b
9b00c4c264,9b00c4c264,Nickel,Brass,1,0.9720321981374774,125b,125b
6fe84404dd,6fe84404dd,Nickel,Nickel,1,0.7903326383637702,125b,125b
6fe84404dd,6fe84404dd,Nickel,Nickel,1,0.7901342197689236,125b,125b
2d95605114,2d95605114,Brass,Brass,1,0.532946310793991,fcc2,fcc2
2d95605114,2d95605114,Brass,Brass,1,0.5077275256386868,fcc2,fcc2
84106ae247,84106ae247,Nickel,Nickel,1,0.8926925648032372,fcc2,fcc2
84106ae247,84106ae247,Nickel,Nickel,1,0.8926925648032371,fcc2,fcc2
eb358a4d60,eb358a4d60,Brass,Brass,1,0.5828543680948028,fcc2,fcc2
eb358a4d60,eb358a4d60,Brass,Brass,1,0.5830435926287371,fcc2,fcc2
5d25cd3446,5d25cd3446,Nickel,Nickel,1,0.8776211717899758,fcc2,fcc2
5d25cd3446,5d25cd3446,Nickel,Nickel,1,0.8777493442572378,fcc2,fcc2
5b23b59131,5b23b59131,Brass,Brass,1,0.6408717338046676,fcc2,fcc2
5b23b59131,5b23b59131,Brass,Brass,1,0.6411516713092514,fcc2,fcc2
a672c8a1fa,a672c8a1fa,Nickel,Brass,1,0.4825732485048631,fcc2,fcc2
a672c8a1fa,a672c8a1fa,Brass,Nickel,1,0.48285418909063943,fcc2,fcc2
247918f662,247918f662,Brass,Nickel,1,0.8390981187088778,fcc2,fcc2
247918f662,247918f662,Nickel,Brass,1,0.8389819520130957,fcc2,fcc2
ae9b0acf0b,cc6c455419,Nickel,Brass,0,0.5578312522829466,125b,125b
cc6c455419,ae9b0acf0b,Brass,Nickel,0,0.5573156045807283,125b,125b
ae9b0acf0b,7204a1feeb,Nickel,Brass,0,0.5192001620939426,125b,125b
7204a1feeb,ae9b0acf0b,Brass,Nickel,0,0.5193564313748775,125b,125b
ae9b0acf0b,867e742682,Nickel,Nickel,0,0.5826977750085506,125b,125b
867e742682,ae9b0acf0b,Nickel,Nickel,0,0.5820528013851503,125b,125b
ae9b0acf0b,ff11e3e39e,Nickel,Nickel,0,0.540482038456699,125b,125b
ff11e3e39e,ae9b0acf0b,Nickel,Nickel,0,0.5409114140927924,125b,125b
ae9b0acf0b,1be78463d7,Nickel,Brass,0,0.5855836807791999,125b,125b
1be78463d7,ae9b0acf0b,Brass,Nickel,0,0.5864145605615327,125b,125b
ae9b0acf0b,744a7e7690,Nickel,Nickel,0,0.603522898791029,125b,125b
744a7e7690,ae9b0acf0b,Nickel,Nickel,0,0.6034444798542066,125b,125b
ae9b0acf0b,1ed3442cfa,Nickel,Nickel,0,0.5108264203658001,125b,125b
1ed3442cfa,ae9b0acf0b,Nickel,Nickel,0,0.5114293022605411,125b,125b
ae9b0acf0b,93f6afc25d,Nickel,Nickel,0,0.5638552380157896,125b,125b
93f6afc25d,ae9b0acf0b,Nickel,Nickel,0,0.5643975840522041,125b,125b
ae9b0acf0b,275310424a,Nickel,Brass,0,0.5471058145761961,125b,125b
275310424a,ae9b0acf0b,Brass,Nickel,0,0.547352665783089,125b,125b
ae9b0acf0b,27c44d34a4,Nickel,Brass,0,0.5137786423245844,125b,125b
27c44d34a4,ae9b0acf0b,Brass,Nickel,0,0.514114742283519,125b,125b
ae9b0acf0b,41f1030655,Nickel,Nickel,0,0.49865357273826366,125b,125b
41f1030655,ae9b0acf0b,Nickel,Nickel,0,0.49865357273826333,125b,125b
ae9b0acf0b,d00bf582d1,Nickel,Brass,0,0.4509240582511374,125b,125b
d00bf582d1,ae9b0acf0b,Brass,Nickel,0,0.4510090270485759,125b,125b
ae9b0acf0b,9f5cee2a11,Nickel,Nickel,0,0.5809066749869416,125b,125b
9f5cee2a11,ae9b0acf0b,Nickel,Nickel,0,0.582311380112877,125b,125b
ae9b0acf0b,b4f6763191,Nickel,Nickel,0,0.7344239374811382,125b,125b
b4f6763191,ae9b0acf0b,Nickel,Nickel,0,0.6990662563976694,125b,125b
ae9b0acf0b,3c6819beb9,Nickel,Brass,0,0.616108110121635,125b,125b
3c6819beb9,ae9b0acf0b,Brass,Nickel,0,0.6163263369340836,125b,125b
ae9b0acf0b,88c293654f,Nickel,Nickel,0,0.6501288849505292,125b,125b
88c293654f,ae9b0acf0b,Nickel,Nickel,0,0.6500453911067623,125b,125b
ae9b0acf0b,d5070cee0f,Nickel,Nickel,0,0.6982648783670311,125b,125b
d5070cee0f,ae9b0acf0b,Nickel,Nickel,0,0.745090193634619,125b,125b
ae9b0acf0b,27c03bf211,Nickel,Nickel,0,0.5045247931338005,125b,125b
27c03bf211,ae9b0acf0b,Nickel,Nickel,0,0.5044796477537296,125b,125b
ae9b0acf0b,a80b46b6d1,Nickel,Brass,0,0.48866383232160804,125b,125b
a80b46b6d1,ae9b0acf0b,Brass,Nickel,0,0.48905154154187336,125b,125b
ae9b0acf0b,8197f401c9,Nickel,Nickel,0,0.5328011177695209,125b,125b
8197f401c9,ae9b0acf0b,Nickel,Nickel,0,0.5328011177695208,125b,125b
ae9b0acf0b,bf77a5ca9b,Nickel,Brass,0,0.6370282666287395,125b,125b
bf77a5ca9b,ae9b0acf0b,Brass,Nickel,0,0.6375041558989674,125b,125b
ae9b0acf0b,a3b1085bea,Nickel,Brass,0,0.7089184586884452,125b,125b
a3b1085bea,ae9b0acf0b,Brass,Nickel,0,0.7093467839223452,125b,125b
ae9b0acf0b,803e2e304c,Nickel,Nickel,0,0.5342052683764081,125b,125b
803e2e304c,ae9b0acf0b,Nickel,Nickel,0,0.5344710344506275,125b,125b
ae9b0acf0b,5187134316,Nickel,Brass,0,0.47220227241190965,125b,125b
5187134316,ae9b0acf0b,Brass,Nickel,0,0.4717675074557519,125b,125b
ae9b0acf0b,6e46d2b898,Nickel,Brass,0,0.6352230942264643,125b,125b
6e46d2b898,ae9b0acf0b,Brass,Nickel,0,0.6378324005767945,125b,125b
ae9b0acf0b,db4804f266,Nickel,Nickel,0,0.5329154675204216,125b,125b
db4804f266,ae9b0acf0b,Nickel,Nickel,0,0.5329750112944593,125b,125b
ae9b0acf0b,a54ce43a84,Nickel,Nickel,0,0.6451429054475061,125b,125b
a54ce43a84,ae9b0acf0b,Nickel,Nickel,0,0.6421418259458251,125b,125b
ae9b0acf0b,0db08b7f9e,Nickel,Nickel,0,0.453424005591379,125b,125b
0db08b7f9e,ae9b0acf0b,Nickel,Nickel,0,0.45337844779960834,125b,125b
ae9b0acf0b,9c6504e345,Nickel,Brass,0,0.5386068783420656,125b,125b
9c6504e345,ae9b0acf0b,Brass,Nickel,0,0.5387380277140207,125b,125b
ae9b0acf0b,3443ea5ba5,Nickel,Brass,0,0.5348643978625571,125b,125b
3443ea5ba5,ae9b0acf0b,Brass,Nickel,0,0.5349555576316425,125b,125b
ae9b0acf0b,1f2544214d,Nickel,Nickel,0,0.5250474300030947,125b,125b
1f2544214d,ae9b0acf0b,Nickel,Nickel,0,0.5245633439508977,125b,125b
ae9b0acf0b,0e45ff7118,Nickel,Brass,0,0.5410920154291631,125b,125b
0e45ff7118,ae9b0acf0b,Brass,Nickel,0,0.5413083827094287,125b,125b
ae9b0acf0b,c2081b71be,Nickel,Nickel,0,0.580406736971768,125b,125b
c2081b71be,ae9b0acf0b,Nickel,Nickel,0,0.5353632382415858,125b,125b
ae9b0acf0b,4e0193ff9e,Nickel,Nickel,0,0.5407741185844058,125b,125b
4e0193ff9e,ae9b0acf0b,Nickel,Nickel,0,0.542052285201743,125b,125b
ae9b0acf0b,2d95605114,Nickel,Brass,0,0.47907876640537167,125b,fcc2
2d95605114,ae9b0acf0b,Brass,Nickel,0,0.47877466238211064,fcc2,125b
ae9b0acf0b,84106ae247,Nickel,Nickel,0,0.5806391938333534,125b,fcc2
84106ae247,ae9b0acf0b,Nickel,Nickel,0,0.5813870230803364,fcc2,125b
ae9b0acf0b,eb358a4d60,Nickel,Brass,0,0.5658293760465866,125b,fcc2
eb358a4d60,ae9b0acf0b,Brass,Nickel,0,0.5656434066387133,fcc2,125b
ae9b0acf0b,5d25cd3446,Nickel,Nickel,0,0.42708575170690305,125b,fcc2
5d25cd3446,ae9b0acf0b,Nickel,Nickel,0,0.42678102739999035,fcc2,125b
ae9b0acf0b,5b23b59131,Nickel,Brass,0,0.5871719236976132,125b,fcc2
5b23b59131,ae9b0acf0b,Brass,Nickel,0,0.5692355484852067,fcc2,125b
ae9b0acf0b,a672c8a1fa,Nickel,Brass,0,0.5173011223665428,125b,fcc2
a672c8a1fa,ae9b0acf0b,Brass,Nickel,0,0.5172229930603829,fcc2,125b
ae9b0acf0b,247918f662,Nickel,Nickel,0,0.5314739476493379,125b,fcc2
247918f662,ae9b0acf0b,Nickel,Nickel,0,0.5315030340567551,fcc2,125b
cc6c455419,7204a1feeb,Brass,Brass,0,0.7043628785409635,125b,125b
7204a1feeb,cc6c455419,Brass,Brass,0,0.7039959087660812,125b,125b
cc6c455419,867e742682,Brass,Nickel,0,0.5704222649886268,125b,125b
867e742682,cc6c455419,Nickel,Brass,0,0.5697266253641667,125b,125b
cc6c455419,ff11e3e39e,Brass,Nickel,0,0.513264531541335,125b,125b
ff11e3e39e,cc6c455419,Nickel,Brass,0,0.5143039569276084,125b,125b
cc6c455419,1be78463d7,Brass,Brass,0,0.4540687241082354,125b,125b
1be78463d7,cc6c455419,Brass,Brass,0,0.45402823335460196,125b,125b
cc6c455419,744a7e7690,Brass,Nickel,0,0.6132400031825513,125b,125b
744a7e7690,cc6c455419,Nickel,Brass,0,0.6131375310890147,125b,125b
cc6c455419,1ed3442cfa,Brass,Nickel,0,0.45704906788220556,125b,125b
1ed3442cfa,cc6c455419,Nickel,Brass,0,0.4570151123281464,125b,125b
cc6c455419,93f6afc25d,Brass,Nickel,0,0.5864814933588822,125b,125b
93f6afc25d,cc6c455419,Nickel,Brass,0,0.5839984620626785,125b,125b
cc6c455419,275310424a,Brass,Brass,0,0.7336855691724163,125b,125b
275310424a,cc6c455419,Brass,Brass,0,0.7340838900895976,125b,125b
cc6c455419,27c44d34a4,Brass,Brass,0,0.47245990198652826,125b,125b
27c44d34a4,cc6c455419,Brass,Brass,0,0.47374105568721997,125b,125b
cc6c455419,41f1030655,Brass,Nickel,0,0.7355872295547985,125b,125b
41f1030655,cc6c455419,Nickel,Brass,0,0.7359903638913987,125b,125b
cc6c455419,d00bf582d1,Brass,Brass,0,0.6305078697673605,125b,125b
d00bf582d1,cc6c455419,Brass,Brass,0,0.6305559453094058,125b,125b
cc6c455419,9f5cee2a11,Brass,Nickel,0,0.6655386584699814,125b,125b
9f5cee2a11,cc6c455419,Nickel,Brass,0,0.665942005250372,125b,125b
cc6c455419,b4f6763191,Brass,Nickel,0,0.6684786540655459,125b,125b
b4f6763191,cc6c455419,Nickel,Brass,0,0.6684087351382888,125b,125b
cc6c455419,3c6819beb9,Brass,Brass,0,0.4014936395156141,125b,125b
3c6819beb9,cc6c455419,Brass,Brass,0,0.40070840791674533,125b,125b
cc6c455419,88c293654f,Brass,Nickel,0,0.5471407385194919,125b,125b
88c293654f,cc6c455419,Nickel,Brass,0,0.5480342161224809,125b,125b
cc6c455419,d5070cee0f,Brass,Nickel,0,0.537045005994589,125b,125b
d5070cee0f,cc6c455419,Nickel,Brass,0,0.5367931972572869,125b,125b
cc6c455419,27c03bf211,Brass,Nickel,0,0.6676678054051978,125b,125b
27c03bf211,cc6c455419,Nickel,Brass,0,0.6678981128726025,125b,125b
cc6c455419,a80b46b6d1,Brass,Brass,0,0.47724995405397325,125b,125b
a80b46b6d1,cc6c455419,Brass,Brass,0,0.4774726385725401,125b,125b
cc6c455419,8197f401c9,Brass,Nickel,0,0.49026283238096935,125b,125b
8197f401c9,cc6c455419,Nickel,Brass,0,0.4904489891293149,125b,125b
cc6c455419,bf77a5ca9b,Brass,Brass,0,0.581606487869338,125b,125b
bf77a5ca9b,cc6c455419,Brass,Brass,0,0.5816064878693377,125b,125b
cc6c455419,a3b1085bea,Brass,Brass,0,0.4861298849772113,125b,125b
a3b1085bea,cc6c455419,Brass,Brass,0,0.4854436474829544,125b,125b
cc6c455419,803e2e304c,Brass,Nickel,0,0.5502157391170657,125b,125b
803e2e304c,cc6c455419,Nickel,Brass,0,0.5389451949038426,125b,125b
cc6c455419,5187134316,Brass,Brass,0,0.5016664738025008,125b,125b
5187134316,cc6c455419,Brass,Brass,0,0.5016179496411682,125b,125b
cc6c455419,6e46d2b898,Brass,Brass,0,0.6088372431753918,125b,125b
6e46d2b898,cc6c455419,Brass,Brass,0,0.6091225272952818,125b,125b
cc6c455419,db4804f266,Brass,Nickel,0,0.5432016004754056,125b,125b
db4804f266,cc6c455419,Nickel,Brass,0,0.5432857269024443,125b,125b
cc6c455419,a54ce43a84,Brass,Nickel,0,0.4423489198871407,125b,125b
a54ce43a84,cc6c455419,Nickel,Brass,0,0.4421788535149005,125b,125b
cc6c455419,0db08b7f9e,Brass,Nickel,0,0.7184817311974716,125b,125b
0db08b7f9e,cc6c455419,Nickel,Brass,0,0.7185756137469229,125b,125b
cc6c455419,9c6504e345,Brass,Brass,0,0.5575822599454057,125b,125b
9c6504e345,cc6c455419,Brass,Brass,0,0.5575822599454058,125b,125b
cc6c455419,3443ea5ba5,Brass,Brass,0,0.6256789170630774,125b,125b
3443ea5ba5,cc6c455419,Brass,Brass,0,0.6256261137994762,125b,125b
cc6c455419,1f2544214d,Brass,Nickel,0,0.7313535522083363,125b,125b
1f2544214d,cc6c455419,Nickel,Brass,0,0.7310671267708663,125b,125b
cc6c455419,0e45ff7118,Brass,Brass,0,0.4634584623202498,125b,125b
0e45ff7118,cc6c455419,Brass,Brass,0,0.46385287118718865,125b,125b
cc6c455419,c2081b71be,Brass,Nickel,0,0.37064340741818497,125b,125b
c2081b71be,cc6c455419,Nickel,Brass,0,0.3708246421389954,125b,125b
cc6c455419,4e0193ff9e,Brass,Nickel,0,0.4717166085773543,125b,125b
4e0193ff9e,cc6c455419,Nickel,Brass,0,0.4712874283042837,125b,125b
cc6c455419,2d95605114,Brass,Brass,0,0.5757957962284684,125b,fcc2
2d95605114,cc6c455419,Brass,Brass,0,0.5757957962284684,fcc2,125b
cc6c455419,84106ae247,Brass,Nickel,0,0.6275255305508946,125b,fcc2
84106ae247,cc6c455419,Nickel,Brass,0,0.6275230617237082,fcc2,125b
cc6c455419,eb358a4d60,Brass,Brass,0,0.5959860388604491,125b,fcc2
eb358a4d60,cc6c455419,Brass,Brass,0,0.5963228306880732,fcc2,125b
cc6c455419,5d25cd3446,Brass,Nickel,0,0.44325444108884743,125b,fcc2
5d25cd3446,cc6c455419,Nickel,Brass,0,0.44343882253344774,fcc2,125b
cc6c455419,5b23b59131,Brass,Brass,0,0.5169840850740656,125b,fcc2
5b23b59131,cc6c455419,Brass,Brass,0,0.5170761189526283,fcc2,125b
cc6c455419,a672c8a1fa,Brass,Brass,0,0.6189501591684305,125b,fcc2
a672c8a1fa,cc6c455419,Brass,Brass,0,0.5193078255585819,fcc2,125b
cc6c455419,247918f662,Brass,Nickel,0,0.4792736435120294,125b,fcc2
247918f662,cc6c455419,Nickel,Brass,0,0.4788754652819834,fcc2,125b
7204a1feeb,867e742682,Brass,Nickel,0,0.6712618303067913,125b,125b
867e742682,7204a1feeb,Nickel,Brass,0,0.6706145984466717,125b,125b
7204a1feeb,ff11e3e39e,Brass,Nickel,0,0.46675860739787467,125b,125b
ff11e3e39e,7204a1feeb,Nickel,Brass,0,0.4665014571841717,125b,125b
7204a1feeb,1be78463d7,Brass,Brass,0,0.5275496002391302,125b,125b
1be78463d7,7204a1feeb,Brass,Brass,0,0.5271754437497342,125b,125b
7204a1feeb,744a7e7690,Brass,Nickel,0,0.6158896608897487,125b,125b
744a7e7690,7204a1feeb,Nickel,Brass,0,0.61454587267733,125b,125b
7204a1feeb,1ed3442cfa,Brass,Nickel,0,0.5728484944219697,125b,125b
1ed3442cfa,7204a1feeb,Nickel,Brass,0,0.5728608064463534,125b,125b
7204a1feeb,93f6afc25d,Brass,Nickel,0,0.6090202541667707,125b,125b
93f6afc25d,7204a1feeb,Nickel,Brass,0,0.593146904369435,125b,125b
7204a1feeb,275310424a,Brass,Brass,0,0.5122151655509317,125b,125b
275310424a,7204a1feeb,Brass,Brass,0,0.5111250029521451,125b,125b
7204a1feeb,27c44d34a4,Brass,Brass,0,0.6020585558157352,125b,125b
27c44d34a4,7204a1feeb,Brass,Brass,0,0.603010872386161,125b,125b
7204a1feeb,41f1030655,Brass,Nickel,0,0.5323369444283889,125b,125b
41f1030655,7204a1feeb,Nickel,Brass,0,0.531831348175021,125b,125b
7204a1feeb,d00bf582d1,Brass,Brass,0,0.45570492271271884,125b,125b
d00bf582d1,7204a1feeb,Brass,Brass,0,0.4556904793266702,125b,125b
7204a1feeb,9f5cee2a11,Brass,Nickel,0,0.6408757930340256,125b,125b
9f5cee2a11,7204a1feeb,Nickel,Brass,0,0.6416139624048297,125b,125b
7204a1feeb,b4f6763191,Brass,Nickel,0,0.5803394235943843,125b,125b
b4f6763191,7204a1feeb,Nickel,Brass,0,0.5806722447545075,125b,125b
7204a1feeb,3c6819beb9,Brass,Brass,0,0.5223929323101495,125b,125b
3c6819beb9,7204a1feeb,Brass,Brass,0,0.5217164908755164,125b,125b
7204a1feeb,88c293654f,Brass,Nickel,0,0.6693490926588761,125b,125b
88c293654f,7204a1feeb,Nickel,Brass,0,0.6687811336587585,125b,125b
7204a1feeb,d5070cee0f,Brass,Nickel,0,0.4700093089406145,125b,125b
d5070cee0f,7204a1feeb,Nickel,Brass,0,0.469759519396164,125b,125b
7204a1feeb,27c03bf211,Brass,Nickel,0,0.7022625514083791,125b,125b
27c03bf211,7204a1feeb,Nickel,Brass,0,0.6175019148585411,125b,125b
7204a1feeb,a80b46b6d1,Brass,Brass,0,0.48422753108328687,125b,125b
a80b46b6d1,7204a1feeb,Brass,Brass,0,0.48546814596399507,125b,125b
7204a1feeb,8197f401c9,Brass,Nickel,0,0.5413958067005905,125b,125b
8197f401c9,7204a1feeb,Nickel,Brass,0,0.5416314594672427,125b,125b
7204a1feeb,bf77a5ca9b,Brass,Brass,0,0.6265188461276634,125b,125b
bf77a5ca9b,7204a1feeb,Brass,Brass,0,0.626526616769774,125b,125b
7204a1feeb,a3b1085bea,Brass,Brass,0,0.5655779943047688,125b,125b
a3b1085bea,7204a1feeb,Brass,Brass,0,0.5659431409465152,125b,125b
7204a1feeb,803e2e304c,Brass,Nickel,0,0.6517250474305987,125b,125b
803e2e304c,7204a1feeb,Nickel,Brass,0,0.6515401661502217,125b,125b
7204a1feeb,5187134316,Brass,Brass,0,0.6031230668925179,125b,125b
5187134316,7204a1feeb,Brass,Brass,0,0.6038561820410603,125b,125b
7204a1feeb,6e46d2b898,Brass,Brass,0,0.48073371815100474,125b,125b
6e46d2b898,7204a1feeb,Brass,Brass,0,0.48098551695255615,125b,125b
7204a1feeb,db4804f266,Brass,Nickel,0,0.48611677562177774,125b,125b
db4804f266,7204a1feeb,Nickel,Brass,0,0.48611677562177774,125b,125b
7204a1feeb,a54ce43a84,Brass,Nickel,0,0.47046653686352097,125b,125b
a54ce43a84,7204a1feeb,Nickel,Brass,0,0.46881977069964437,125b,125b
7204a1feeb,0db08b7f9e,Brass,Nickel,0,0.7026061111061934,125b,125b
0db08b7f9e,7204a1feeb,Nickel,Brass,0,0.7024794330445193,125b,125b
7204a1feeb,9c6504e345,Brass,Brass,0,0.6218406457043442,125b,125b
9c6504e345,7204a1feeb,Brass,Brass,0,0.6218555677139842,125b,125b
7204a1feeb,3443ea5ba5,Brass,Brass,0,0.736331042100005,125b,125b
3443ea5ba5,7204a1feeb,Brass,Brass,0,0.7357231482407284,125b,125b
7204a1feeb,1f2544214d,Brass,Nickel,0,0.5796509143688675,125b,125b
1f2544214d,7204a1feeb,Nickel,Brass,0,0.5794401507967972,125b,125b
7204a1feeb,0e45ff7118,Brass,Brass,0,0.6154638880846537,125b,125b
0e45ff7118,7204a1feeb,Brass,Brass,0,0.6153757396230329,125b,125b
7204a1feeb,c2081b71be,Brass,Nickel,0,0.5315873997261993,125b,125b
c2081b71be,7204a1feeb,Nickel,Brass,0,0.5315935851913713,125b,125b
7204a1feeb,4e0193ff9e,Brass,Nickel,0,0.4364591390936273,125b,125b
4e0193ff9e,7204a1feeb,Nickel,Brass,0,0.4365658907880953,125b,125b
7204a1feeb,2d95605114,Brass,Brass,0,0.4548883541965504,125b,fcc2
2d95605114,7204a1feeb,Brass,Brass,0,0.45418518000018804,fcc2,125b
7204a1feeb,84106ae247,Brass,Nickel,0,0.6425547731863772,125b,fcc2
84106ae247,7204a1feeb,Nickel,Brass,0,0.6962070313065444,fcc2,125b
7204a1feeb,eb358a4d60,Brass,Brass,0,0.48546807648379453,125b,fcc2
eb358a4d60,7204a1feeb,Brass,Brass,0,0.4865865129526407,fcc2,125b
7204a1feeb,5d25cd3446,Brass,Nickel,0,0.6735455100583176,125b,fcc2
5d25cd3446,7204a1feeb,Nickel,Brass,0,0.6735141472029063,fcc2,125b
7204a1feeb,5b23b59131,Brass,Brass,0,0.5134642772629261,125b,fcc2
5b23b59131,7204a1feeb,Brass,Brass,0,0.5141496287439795,fcc2,125b
7204a1feeb,a672c8a1fa,Brass,Brass,0,0.5554113746461807,125b,fcc2
a672c8a1fa,7204a1feeb,Brass,Brass,0,0.5553775374922961,fcc2,125b
7204a1feeb,247918f662,Brass,Nickel,0,0.7472267545988301,125b,fcc2
247918f662,7204a1feeb,Nickel,Brass,0,0.7504753346815245,fcc2,125b
867e742682,ff11e3e39e,Nickel,Nickel,0,0.5236087146158495,125b,125b
ff11e3e39e,867e742682,Nickel,Nickel,0,0.523363382979948,125b,125b
867e742682,1be78463d7,Nickel,Brass,0,0.5653455223814049,125b,125b
1be78463d7,867e742682,Brass,Nickel,0,0.5664163304362383,125b,125b
867e742682,744a7e7690,Nickel,Nickel,0,0.6017775123529719,125b,125b
744a7e7690,867e742682,Nickel,Nickel,0,0.6017775123529718,125b,125b
867e742682,1ed3442cfa,Nickel,Nickel,0,0.6145491818973844,125b,125b
1ed3442cfa,867e742682,Nickel,Nickel,0,0.6149484732573691,125b,125b
867e742682,93f6afc25d,Nickel,Nickel,0,0.5744764803014151,125b,125b
93f6afc25d,867e742682,Nickel,Nickel,0,0.5743840126398002,125b,125b
867e742682,275310424a,Nickel,Brass,0,0.6909464539331165,125b,125b
275310424a,867e742682,Brass,Nickel,0,0.6909055743653117,125b,125b
867e742682,27c44d34a4,Nickel,Brass,0,0.5607133179776681,125b,125b
27c44d34a4,867e742682,Brass,Nickel,0,0.5608450186339036,125b,125b
867e742682,41f1030655,Nickel,Nickel,0,0.6288105453914126,125b,125b
41f1030655,867e742682,Nickel,Nickel,0,0.6288770750444291,125b,125b
867e742682,d00bf582d1,Nickel,Brass,0,0.4555009979014889,125b,125b
d00bf582d1,867e742682,Brass,Nickel,0,0.45592643276421646,125b,125b
867e742682,9f5cee2a11,Nickel,Nickel,0,0.5637485318641432,125b,125b
9f5cee2a11,867e742682,Nickel,Nickel,0,0.5651279241600706,125b,125b
867e742682,b4f6763191,Nickel,Nickel,0,0.592832895874217,125b,125b
b4f6763191,867e742682,Nickel,Nickel,0,0.5932447919120599,125b,125b
867e742682,3c6819beb9,Nickel,Brass,0,0.43397827477343937,125b,125b
3c6819beb9,867e742682,Brass,Nickel,0,0.43423186709781864,125b,125b
867e742682,88c293654f,Nickel,Nickel,0,0.5845875261371326,125b,125b
88c293654f,867e742682,Nickel,Nickel,0,0.584845312340124,125b,125b
867e742682,d5070cee0f,Nickel,Nickel,0,0.494322014802161,125b,125b
d5070cee0f,867e742682,Nickel,Nickel,0,0.4949475485220126,125b,125b
867e742682,27c03bf211,Nickel,Nickel,0,0.7265988410242685,125b,125b
27c03bf211,867e742682,Nickel,Nickel,0,0.7633184757891833,125b,125b
867e742682,a80b46b6d1,Nickel,Brass,0,0.5333709223926046,125b,125b
a80b46b6d1,867e742682,Brass,Nickel,0,0.5336589036838129,125b,125b
867e742682,8197f401c9,Nickel,Nickel,0,0.45760272788824696,125b,125b
8197f401c9,867e742682,Nickel,Nickel,0,0.47883973259843293,125b,125b
867e742682,bf77a5ca9b,Nickel,Brass,0,0.6626442706047203,125b,125b
bf77a5ca9b,867e742682,Brass,Nickel,0,0.6638592636718227,125b,125b
867e742682,a3b1085bea,Nickel,Brass,0,0.4892696334428451,125b,125b
a3b1085bea,867e742682,Brass,Nickel,0,0.48934294588581806,125b,125b
867e742682,803e2e304c,Nickel,Nickel,0,0.49761280024346327,125b,125b
803e2e304c,867e742682,Nickel,Nickel,0,0.4976128002434631,125b,125b
867e742682,5187134316,Nickel,Brass,0,0.6241690524010918,125b,125b
5187134316,867e742682,Brass,Nickel,0,0.625085732567867,125b,125b
867e742682,6e46d2b898,Nickel,Brass,0,0.571610114121206,125b,125b
6e46d2b898,867e742682,Brass,Nickel,0,0.5717779587886499,125b,125b
867e742682,db4804f266,Nickel,Nickel,0,0.527290147740773,125b,125b
db4804f266,867e742682,Nickel,Nickel,0,0.5268954576209209,125b,125b
867e742682,a54ce43a84,Nickel,Nickel,0,0.46280854032082125,125b,125b
a54ce43a84,867e742682,Nickel,Nickel,0,0.4628245575184182,125b,125b
867e742682,0db08b7f9e,Nickel,Nickel,0,0.6728355849012156,125b,125b
0db08b7f9e,867e742682,Nickel,Nickel,0,0.6733848607567613,125b,125b
867e742682,9c6504e345,Nickel,Brass,0,0.6249716372603926,125b,125b
9c6504e345,867e742682,Brass,Nickel,0,0.625427471546364,125b,125b
867e742682,3443ea5ba5,Nickel,Brass,0,0.6344069384514304,125b,125b
3443ea5ba5,867e742682,Brass,Nickel,0,0.6346531831569516,125b,125b
867e742682,1f2544214d,Nickel,Nickel,0,0.6247053699000525,125b,125b
1f2544214d,867e742682,Nickel,Nickel,0,0.6010676042645176,125b,125b
867e742682,0e45ff7118,Nickel,Brass,0,0.5008577511206502,125b,125b
0e45ff7118,867e742682,Brass,Nickel,0,0.49962416038664426,125b,125b
867e742682,c2081b71be,Nickel,Nickel,0,0.3625535345240162,125b,125b
c2081b71be,867e742682,Nickel,Nickel,0,0.36252613212665624,125b,125b
867e742682,4e0193ff9e,Nickel,Nickel,0,0.5329014424844419,125b,125b
4e0193ff9e,867e742682,Nickel,Nickel,0,0.5327787251811603,125b,125b
867e742682,2d95605114,Nickel,Brass,0,0.4443484548074523,125b,fcc2
2d95605114,867e742682,Brass,Nickel,0,0.4443717270223702,fcc2,125b
867e742682,84106ae247,Nickel,Nickel,0,0.6184401776277842,125b,fcc2
84106ae247,867e742682,Nickel,Nickel,0,0.6186715712429922,fcc2,125b
867e742682,eb358a4d60,Nickel,Brass,0,0.40388772273663903,125b,fcc2
eb358a4d60,867e742682,Brass,Nickel,0,0.403806307864566,fcc2,125b
867e742682,5d25cd3446,Nickel,Nickel,0,0.6509996813934822,125b,fcc2
5d25cd3446,867e742682,Nickel,Nickel,0,0.6509759550926422,fcc2,125b
867e742682,5b23b59131,Nickel,Brass,0,0.6017779690525406,125b,fcc2
5b23b59131,867e742682,Brass,Nickel,0,0.6024647874304723,fcc2,125b
867e742682,a672c8a1fa,Nickel,Brass,0,0.4481776362948897,125b,fcc2
a672c8a1fa,867e742682,Brass,Nickel,0,0.4490589972454085,fcc2,125b
867e742682,247918f662,Nickel,Nickel,0,0.5090656016372348,125b,fcc2
247918f662,867e742682,Nickel,Nickel,0,0.5092150324282496,fcc2,125b
ff11e3e39e,1be78463d7,Nickel,Brass,0,0.43760719815384436,125b,125b
1be78463d7,ff11e3e39e,Brass,Nickel,0,0.4373452176407303,125b,125b
ff11e3e39e,744a7e7690,Nickel,Nickel,0,0.47035060178418386,125b,125b
744a7e7690,ff11e3e39e,Nickel,Nickel,0,0.46993609939650793,125b,125b
ff11e3e39e,1ed3442cfa,Nickel,Nickel,0,0.5128411648690431,125b,125b
1ed3442cfa,ff11e3e39e,Nickel,Nickel,0,0.5136413796662969,125b,125b
ff11e3e39e,93f6afc25d,Nickel,Nickel,0,0.5682678651536508,125b,125b
93f6afc25d,ff11e3e39e,Nickel,Nickel,0,0.5676787373641172,125b,125b
ff11e3e39e,275310424a,Nickel,Brass,0,0.48886167066369557,125b,125b
275310424a,ff11e3e39e,Brass,Nickel,0,0.48889695187790644,125b,125b
ff11e3e39e,27c44d34a4,Nickel,Brass,0,0.4880341268152953,125b,125b
27c44d34a4,ff11e3e39e,Brass,Nickel,0,0.4884629906172486,125b,125b
ff11e3e39e,41f1030655,Nickel,Nickel,0,0.5238922079653894,125b,125b
41f1030655,ff11e3e39e,Nickel,Nickel,0,0.5239902881525363,125b,125b
ff11e3e39e,d00bf582d1,Nickel,Brass,0,0.5721183307588322,125b,125b
d00bf582d1,ff11e3e39e,Brass,Nickel,0,0.5723272983150006,125b,125b
ff11e3e39e,9f5cee2a11,Nickel,Nickel,0,0.6202685683007872,125b,125b
9f5cee2a11,ff11e3e39e,Nickel,Nickel,0,0.6204244884626158,125b,125b
ff11e3e39e,b4f6763191,Nickel,Nickel,0,0.4768767006213145,125b,125b
b4f6763191,ff11e3e39e,Nickel,Nickel,0,0.47687670062131443,125b,125b
ff11e3e39e,3c6819beb9,Nickel,Brass,0,0.499077228650533,125b,125b
3c6819beb9,ff11e3e39e,Brass,Nickel,0,0.4988414641384128,125b,125b
ff11e3e39e,88c293654f,Nickel,Nickel,0,0.5644599619710107,125b,125b
88c293654f,ff11e3e39e,Nickel,Nickel,0,0.564517955835012,125b,125b
ff11e3e39e,d5070cee0f,Nickel,Nickel,0,0.5721831482151644,125b,125b
d5070cee0f,ff11e3e39e,Nickel,Nickel,0,0.5742046183714946,125b,125b
ff11e3e39e,27c03bf211,Nickel,Nickel,0,0.4680168708035245,125b,125b
27c03bf211,ff11e3e39e,Nickel,Nickel,0,0.46821549339959573,125b,125b
ff11e3e39e,a80b46b6d1,Nickel,Brass,0,0.4910308463809455,125b,125b
a80b46b6d1,ff11e3e39e,Brass,Nickel,0,0.49088475852339286,125b,125b
ff11e3e39e,8197f401c9,Nickel,Nickel,0,0.4422922367261816,125b,125b
8197f401c9,ff11e3e39e,Nickel,Nickel,0,0.4429481263545678,125b,125b
ff11e3e39e,bf77a5ca9b,Nickel,Brass,0,0.5185565061855222,125b,125b
bf77a5ca9b,ff11e3e39e,Brass,Nickel,0,0.5179695498696671,125b,125b
ff11e3e39e,a3b1085bea,Nickel,Brass,0,0.5977428646467626,125b,125b
a3b1085bea,ff11e3e39e,Brass,Nickel,0,0.5980081493197145,125b,125b
ff11e3e39e,803e2e304c,Nickel,Nickel,0,0.4883653080228069,125b,125b
803e2e304c,ff11e3e39e,Nickel,Nickel,0,0.4884211322705023,125b,125b
ff11e3e39e,5187134316,Nickel,Brass,0,0.7800100620609484,125b,125b
5187134316,ff11e3e39e,Brass,Nickel,0,0.7793185904981694,125b,125b
ff11e3e39e,6e46d2b898,Nickel,Brass,0,0.573352727668061,125b,125b
6e46d2b898,ff11e3e39e,Brass,Nickel,0,0.5738292255009165,125b,125b
ff11e3e39e,db4804f266,Nickel,Nickel,0,0.4624623943080444,125b,125b
db4804f266,ff11e3e39e,Nickel,Nickel,0,0.4619185318702537,125b,125b
ff11e3e39e,a54ce43a84,Nickel,Nickel,0,0.531180432899916,125b,125b
a54ce43a84,ff11e3e39e,Nickel,Nickel,0,0.531029811345466,125b,125b
ff11e3e39e,0db08b7f9e,Nickel,Nickel,0,0.5093445665275773,125b,125b
0db08b7f9e,ff11e3e39e,Nickel,Nickel,0,0.5093445665275773,125b,125b
ff11e3e39e,9c6504e345,Nickel,Brass,0,0.4916694598903601,125b,125b
9c6504e345,ff11e3e39e,Brass,Nickel,0,0.49199341994148704,125b,125b
ff11e3e39e,3443ea5ba5,Nickel,Brass,0,0.5377411719389287,125b,125b
3443ea5ba5,ff11e3e39e,Brass,Nickel,0,0.5372198268847943,125b,125b
ff11e3e39e,1f2544214d,Nickel,Nickel,0,0.5594488482680384,125b,125b
1f2544214d,ff11e3e39e,Nickel,Nickel,0,0.5592701259085148,125b,125b
ff11e3e39e,0e45ff7118,Nickel,Brass,0,0.5070504242620637,125b,125b
0e45ff7118,ff11e3e39e,Brass,Nickel,0,0.5071189700229284,125b,125b
ff11e3e39e,c2081b71be,Nickel,Nickel,0,0.48810158615065813,125b,125b
c2081b71be,ff11e3e39e,Nickel,Nickel,0,0.47092178414724883,125b,125b
ff11e3e39e,4e0193ff9e,Nickel,Nickel,0,0.5031061772641872,125b,125b
4e0193ff9e,ff11e3e39e,Nickel,Nickel,0,0.5034052567469011,125b,125b
ff11e3e39e,2d95605114,Nickel,Brass,0,0.4278147382109302,125b,fcc2
2d95605114,ff11e3e39e,Brass,Nickel,0,0.42749528667550624,fcc2,125b
ff11e3e39e,84106ae247,Nickel,Nickel,0,0.4466251520126502,125b,fcc2
84106ae247,ff11e3e39e,Nickel,Nickel,0,0.4470639049281504,fcc2,125b
ff11e3e39e,eb358a4d60,Nickel,Brass,0,0.47619745094771526,125b,fcc2
eb358a4d60,ff11e3e39e,Brass,Nickel,0,0.47614254611197876,fcc2,125b
ff11e3e39e,5d25cd3446,Nickel,Nickel,0,0.40614384180815377,125b,fcc2
5d25cd3446,ff11e3e39e,Nickel,Nickel,0,0.40568053278369803,fcc2,125b
ff11e3e39e,5b23b59131,Nickel,Brass,0,0.5553617039091998,125b,fcc2
5b23b59131,ff11e3e39e,Brass,Nickel,0,0.5555313215731233,fcc2,125b
ff11e3e39e,a672c8a1fa,Nickel,Brass,0,0.47634602286344147,125b,fcc2
a672c8a1fa,ff11e3e39e,Brass,Nickel,0,0.4764231814327039,fcc2,125b
ff11e3e39e,247918f662,Nickel,Nickel,0,0.4518659592191846,125b,fcc2
247918f662,ff11e3e39e,Nickel,Nickel,0,0.4520957219299624,fcc2,125b
1be78463d7,744a7e7690,Brass,Nickel,0,0.5582161401201138,125b,125b
744a7e7690,1be78463d7,Nickel,Brass,0,0.5573950774018308,125b,125b
1be78463d7,1ed3442cfa,Brass,Nickel,0,0.5296173072874009,125b,125b
1ed3442cfa,1be78463d7,Nickel,Brass,0,0.5295621601025806,125b,125b
1be78463d7,93f6afc25d,Brass,Nickel,0,0.5764837548285117,125b,125b
93f6afc25d,1be78463d7,Nickel,Brass,0,0.575878915723203,125b,125b
1be78463d7,275310424a,Brass,Brass,0,0.5499981372481842,125b,125b
275310424a,1be78463d7,Brass,Brass,0,0.5507016521142085,125b,125b
1be78463d7,27c44d34a4,Brass,Brass,0,0.5719100061269494,125b,125b
27c44d34a4,1be78463d7,Brass,Brass,0,0.5724157724795894,125b,125b
1be78463d7,41f1030655,Brass,Nickel,0,0.5764731304255168,125b,125b
41f1030655,1be78463d7,Nickel,Brass,0,0.5768314865344583,125b,125b
1be78463d7,d00bf582d1,Brass,Brass,0,0.600433485641934,125b,125b
d00bf582d1,1be78463d7,Brass,Brass,0,0.6011312288301749,125b,125b
1be78463d7,9f5cee2a11,Brass,Nickel,0,0.5053570702012424,125b,125b
9f5cee2a11,1be78463d7,Nickel,Brass,0,0.5061147822439976,125b,125b
1be78463d7,b4f6763191,Brass,Nickel,0,0.4399348212673489,125b,125b
b4f6763191,1be78463d7,Nickel,Brass,0,0.45184554873197397,125b,125b
1be78463d7,3c6819beb9,Brass,Brass,0,0.5081621157318919,125b,125b
3c6819beb9,1be78463d7,Brass,Brass,0,0.5085457266981313,125b,125b
1be78463d7,88c293654f,Brass,Nickel,0,0.4218479603792899,125b,125b
88c293654f,1be78463d7,Nickel,Brass,0,0.42202004713764824,125b,125b
1be78463d7,d5070cee0f,Brass,Nickel,0,0.5212725637756848,125b,125b
d5070cee0f,1be78463d7,Nickel,Brass,0,0.5208343544131395,125b,125b
1be78463d7,27c03bf211,Brass,Nickel,0,0.5031129344156777,125b,125b
27c03bf211,1be78463d7,Nickel,Brass,0,0.502774822594362,125b,125b
1be78463d7,a80b46b6d1,Brass,Brass,0,0.6854895816694356,125b,125b
a80b46b6d1,1be78463d7,Brass,Brass,0,0.6853927602198682,125b,125b
1be78463d7,8197f401c9,Brass,Nickel,0,0.5072485099243427,125b,125b
8197f401c9,1be78463d7,Nickel,Brass,0,0.5071822503883313,125b,125b
1be78463d7,bf77a5ca9b,Brass,Brass,0,0.5379971866259607,125b,125b
bf77a5ca9b,1be78463d7,Brass,Brass,0,0.5379971866259612,125b,125b
1be78463d7,a3b1085bea,Brass,Brass,0,0.4739042361533112,125b,125b
a3b1085bea,1be78463d7,Brass,Brass,0,0.47355998114453735,125b,125b
1be78463d7,803e2e304c,Brass,Nickel,0,0.5553883666658109,125b,125b
803e2e304c,1be78463d7,Nickel,Brass,0,0.5540702749065598,125b,125b
1be78463d7,5187134316,Brass,Brass,0,0.4744803868148126,125b,125b
5187134316,1be78463d7,Brass,Brass,0,0.4748901981796202,125b,125b
1be78463d7,6e46d2b898,Brass,Brass,0,0.6196078565841793,125b,125b
6e46d2b898,1be78463d7,Brass,Brass,0,0.6197672326284506,125b,125b
1be78463d7,db4804f266,Brass,Nickel,0,0.4321786553612403,125b,125b
db4804f266,1be78463d7,Nickel,Brass,0,0.4317402075404646,125b,125b
1be78463d7,a54ce43a84,Brass,Nickel,0,0.3996742311464116,125b,125b
a54ce43a84,1be78463d7,Nickel,Brass,0,0.39936388158625086,125b,125b
1be78463d7,0db08b7f9e,Brass,Nickel,0,0.4844736399252849,125b,125b
0db08b7f9e,1be78463d7,Nickel,Brass,0,0.4845001104120562,125b,125b
1be78463d7,9c6504e345,Brass,Brass,0,0.5111161719636883,125b,125b
9c6504e345,1be78463d7,Brass,Brass,0,0.510721417357049,125b,125b
1be78463d7,3443ea5ba5,Brass,Brass,0,0.5894007444510669,125b,125b
3443ea5ba5,1be78463d7,Brass,Brass,0,0.5888899092402806,125b,125b
1be78463d7,1f2544214d,Brass,Nickel,0,0.47545540287073407,125b,125b
1f2544214d,1be78463d7,Nickel,Brass,0,0.4754183225327851,125b,125b
1be78463d7,0e45ff7118,Brass,Brass,0,0.5422781317248039,125b,125b
0e45ff7118,1be78463d7,Brass,Brass,0,0.5414954990860066,125b,125b
1be78463d7,c2081b71be,Brass,Nickel,0,0.3989239520991389,125b,125b
c2081b71be,1be78463d7,Nickel,Brass,0,0.39929423229140587,125b,125b
1be78463d7,4e0193ff9e,Brass,Nickel,0,0.4941577583126364,125b,125b
4e0193ff9e,1be78463d7,Nickel,Brass,0,0.4942390156474357,125b,125b
1be78463d7,2d95605114,Brass,Brass,0,0.5061619822656558,125b,fcc2
2d95605114,1be78463d7,Brass,Brass,0,0.5061619822656556,fcc2,125b
1be78463d7,84106ae247,Brass,Nickel,0,0.5751630502750251,125b,fcc2
84106ae247,1be78463d7,Nickel,Brass,0,0.57573046756156,fcc2,125b
1be78463d7,eb358a4d60,Brass,Brass,0,0.46188404516960263,125b,fcc2
eb358a4d60,1be78463d7,Brass,Brass,0,0.4622721844066808,fcc2,125b
1be78463d7,5d25cd3446,Brass,Nickel,0,0.34843241726162677,125b,fcc2
5d25cd3446,1be78463d7,Nickel,Brass,0,0.3484324172616267,fcc2,125b
1be78463d7,5b23b59131,Brass,Brass,0,0.43010854677422616,125b,fcc2
5b23b59131,1be78463d7,Brass,Brass,0,0.43020999849759156,fcc2,125b
1be78463d7,a672c8a1fa,Brass,Brass,0,0.41853970925940776,125b,fcc2
a672c8a1fa,1be78463d7,Brass,Brass,0,0.41791126216177155,fcc2,125b
1be78463d7,247918f662,Brass,Nickel,0,0.49466427761893417,125b,fcc2
247918f662,1be78463d7,Nickel,Brass,0,0.49522281466981694,fcc2,125b
744a7e7690,1ed3442cfa,Nickel,Nickel,0,0.4839759882986694,125b,125b
1ed3442cfa,744a7e7690,Nickel,Nickel,0,0.48397598829866967,125b,125b
744a7e7690,93f6afc25d,Nickel,Nickel,0,0.6472309467338604,125b,125b
93f6afc25d,744a7e7690,Nickel,Nickel,0,0.6477863612848996,125b,125b
744a7e7690,275310424a,Nickel,Brass,0,0.6925256898407526,125b,125b
275310424a,744a7e7690,Brass,Nickel,0,0.649562992378063,125b,125b
744a7e7690,27c44d34a4,Nickel,Brass,0,0.539610217881405,125b,125b
27c44d34a4,744a7e7690,Brass,Nickel,0,0.5450514817610304,125b,125b
744a7e7690,41f1030655,Nickel,Nickel,0,0.5091570170634473,125b,125b
41f1030655,744a7e7690,Nickel,Nickel,0,0.5096729926254041,125b,125b
744a7e7690,d00bf582d1,Nickel,Brass,0,0.4990711687230513,125b,125b
d00bf582d1,744a7e7690,Brass,Nickel,0,0.49897715334366266,125b,125b
744a7e7690,9f5cee2a11,Nickel,Nickel,0,0.5483276900111855,125b,125b
9f5cee2a11,744a7e7690,Nickel,Nickel,0,0.5482562562717814,125b,125b
744a7e7690,b4f6763191,Nickel,Nickel,0,0.6937592836407619,125b,125b
b4f6763191,744a7e7690,Nickel,Nickel,0,0.6940718232183473,125b,125b
744a7e7690,3c6819beb9,Nickel,Brass,0,0.43039481788718076,125b,125b
3c6819beb9,744a7e7690,Brass,Nickel,0,0.3997121552864289,125b,125b
744a7e7690,88c293654f,Nickel,Nickel,0,0.41974493010448893,125b,125b
88c293654f,744a7e7690,Nickel,Nickel,0,0.40683842795039693,125b,125b
744a7e7690,d5070cee0f,Nickel,Nickel,0,0.4922017235498957,125b,125b
d5070cee0f,744a7e7690,Nickel,Nickel,0,0.4918222745742231,125b,125b
744a7e7690,27c03bf211,Nickel,Nickel,0,0.5934607171282102,125b,125b
27c03bf211,744a7e7690,Nickel,Nickel,0,0.6703138003516104,125b,125b
744a7e7690,a80b46b6d1,Nickel,Brass,0,0.42930652472499314,125b,125b
a80b46b6d1,744a7e7690,Brass,Nickel,0,0.3926301799837781,125b,125b
744a7e7690,8197f401c9,Nickel,Nickel,0,0.4660984463106577,125b,125b
8197f401c9,744a7e7690,Nickel,Nickel,0,0.5164650186515716,125b,125b
744a7e7690,bf77a5ca9b,Nickel,Brass,0,0.679173261349575,125b,125b
bf77a5ca9b,744a7e7690,Brass,Nickel,0,0.6794735473309323,125b,125b
744a7e7690,a3b1085bea,Nickel,Brass,0,0.4936112082007857,125b,125b
a3b1085bea,744a7e7690,Brass,Nickel,0,0.49405742410272646,125b,125b
744a7e7690,803e2e304c,Nickel,Nickel,0,0.5256483111031234,125b,125b
803e2e304c,744a7e7690,Nickel,Nickel,0,0.5256483111031238,125b,125b
744a7e7690,5187134316,Nickel,Brass,0,0.4811433798862003,125b,125b
5187134316,744a7e7690,Brass,Nickel,0,0.48110246159037745,125b,125b
744a7e7690,6e46d2b898,Nickel,Brass,0,0.6164618171187753,125b,125b
6e46d2b898,744a7e7690,Brass,Nickel,0,0.6454364565721721,125b,125b
744a7e7690,db4804f266,Nickel,Nickel,0,0.5422310165630734,125b,125b
db4804f266,744a7e7690,Nickel,Nickel,0,0.5419765897708985,125b,125b
744a7e7690,a54ce43a84,Nickel,Nickel,0,0.47840410309535075,125b,125b
a54ce43a84,744a7e7690,Nickel,Nickel,0,0.4782344874784841,125b,125b
744a7e7690,0db08b7f9e,Nickel,Nickel,0,0.5441475318688822,125b,125b
0db08b7f9e,744a7e7690,Nickel,Nickel,0,0.54462729264083,125b,125b
744a7e7690,9c6504e345,Nickel,Brass,0,0.552708888233223,125b,125b
9c6504e345,744a7e7690,Brass,Nickel,0,0.5533734861414843,125b,125b
744a7e7690,3443ea5ba5,Nickel,Brass,0,0.5361071356941889,125b,125b
3443ea5ba5,744a7e7690,Brass,Nickel,0,0.5359739987113344,125b,125b
744a7e7690,1f2544214d,Nickel,Nickel,0,0.5714926246350334,125b,125b
1f2544214d,744a7e7690,Nickel,Nickel,0,0.5724992857108425,125b,125b
744a7e7690,0e45ff7118,Nickel,Brass,0,0.5874254902841779,125b,125b
0e45ff7118,744a7e7690,Brass,Nickel,0,0.5883559435842272,125b,125b
744a7e7690,c2081b71be,Nickel,Nickel,0,0.42433540546812554,125b,125b
c2081b71be,744a7e7690,Nickel,Nickel,0,0.4271909942524571,125b,125b
744a7e7690,4e0193ff9e,Nickel,Nickel,0,0.5483715611981651,125b,125b
4e0193ff9e,744a7e7690,Nickel,Nickel,0,0.5485492924952066,125b,125b
744a7e7690,2d95605114,Nickel,Brass,0,0.5136643162135249,125b,fcc2
2d95605114,744a7e7690,Brass,Nickel,0,0.5131933763637505,fcc2,125b
744a7e7690,84106ae247,Nickel,Nickel,0,0.5312496780410003,125b,fcc2
84106ae247,744a7e7690,Nickel,Nickel,0,0.5321135982617944,fcc2,125b
744a7e7690,eb358a4d60,Nickel,Brass,0,0.40086052252561544,125b,fcc2
eb358a4d60,744a7e7690,Brass,Nickel,0,0.4010670503026308,fcc2,125b
744a7e7690,5d25cd3446,Nickel,Nickel,0,0.3690293114285972,125b,fcc2
5d25cd3446,744a7e7690,Nickel,Nickel,0,0.3688412316357794,fcc2,125b
744a7e7690,5b23b59131,Nickel,Brass,0,0.36115491193857396,125b,fcc2
5b23b59131,744a7e7690,Brass,Nickel,0,0.3622801563611941,fcc2,125b
744a7e7690,a672c8a1fa,Nickel,Brass,0,0.4258616127184043,125b,fcc2
a672c8a1fa,744a7e7690,Brass,Nickel,0,0.4279053833506014,fcc2,125b
744a7e7690,247918f662,Nickel,Nickel,0,0.5437052912505868,125b,fcc2
247918f662,744a7e7690,Nickel,Nickel,0,0.5436758037556042,fcc2,125b
1ed3442cfa,93f6afc25d,Nickel,Nickel,0,0.41213583430950024,125b,125b
93f6afc25d,1ed3442cfa,Nickel,Nickel,0,0.4121316672002575,125b,125b
1ed3442cfa,275310424a,Nickel,Brass,0,0.6907332207249526,125b,125b
275310424a,1ed3442cfa,Brass,Nickel,0,0.6907120535758342,125b,125b
1ed3442cfa,27c44d34a4,Nickel,Brass,0,0.4634138020441954,125b,125b
27c44d34a4,1ed3442cfa,Brass,Nickel,0,0.46363312351513214,125b,125b
1ed3442cfa,41f1030655,Nickel,Nickel,0,0.6805250014366986,125b,125b
41f1030655,1ed3442cfa,Nickel,Nickel,0,0.6804590032763026,125b,125b
1ed3442cfa,d00bf582d1,Nickel,Brass,0,0.46319295142300365,125b,125b
d00bf582d1,1ed3442cfa,Brass,Nickel,0,0.4639673830652056,125b,125b
1ed3442cfa,9f5cee2a11,Nickel,Nickel,0,0.535822309739809,125b,125b
9f5cee2a11,1ed3442cfa,Nickel,Nickel,0,0.5358541752576259,125b,125b
1ed3442cfa,b4f6763191,Nickel,Nickel,0,0.5539266001159724,125b,125b
b4f6763191,1ed3442cfa,Nickel,Nickel,0,0.5538187775716917,125b,125b
1ed3442cfa,3c6819beb9,Nickel,Brass,0,0.5801671111386499,125b,125b
3c6819beb9,1ed3442cfa,Brass,Nickel,0,0.58016711113865,125b,125b
1ed3442cfa,88c293654f,Nickel,Nickel,0,0.6451983504351061,125b,125b
88c293654f,1ed3442cfa,Nickel,Nickel,0,0.6454323682291833,125b,125b
1ed3442cfa,d5070cee0f,Nickel,Nickel,0,0.48091276859605625,125b,125b
d5070cee0f,1ed3442cfa,Nickel,Nickel,0,0.4803845320718714,125b,125b
1ed3442cfa,27c03bf211,Nickel,Nickel,0,0.6701490054603417,125b,125b
27c03bf211,1ed3442cfa,Nickel,Nickel,0,0.6700230778684141,125b,125b
1ed3442cfa,a80b46b6d1,Nickel,Brass,0,0.5108930891067957,125b,125b
a80b46b6d1,1ed3442cfa,Brass,Nickel,0,0.510512241993618,125b,125b
1ed3442cfa,8197f401c9,Nickel,Nickel,0,0.44254556806039963,125b,125b
8197f401c9,1ed3442cfa,Nickel,Nickel,0,0.4416089596970219,125b,125b
1ed3442cfa,bf77a5ca9b,Nickel,Brass,0,0.44455962444808894,125b,125b
bf77a5ca9b,1ed3442cfa,Brass,Nickel,0,0.444761227578906,125b,125b
1ed3442cfa,a3b1085bea,Nickel,Brass,0,0.608844667400724,125b,125b
a3b1085bea,1ed3442cfa,Brass,Nickel,0,0.6085568116833866,125b,125b
1ed3442cfa,803e2e304c,Nickel,Nickel,0,0.5179441848931624,125b,125b
803e2e304c,1ed3442cfa,Nickel,Nickel,0,0.5179314998544635,125b,125b
1ed3442cfa,5187134316,Nickel,Brass,0,0.6222247819356782,125b,125b
5187134316,1ed3442cfa,Brass,Nickel,0,0.6224216670117502,125b,125b
1ed3442cfa,6e46d2b898,Nickel,Brass,0,0.5657828210621976,125b,125b
6e46d2b898,1ed3442cfa,Brass,Nickel,0,0.5658521120954341,125b,125b
1ed3442cfa,db4804f266,Nickel,Nickel,0,0.41972323900722985,125b,125b
db4804f266,1ed3442cfa,Nickel,Nickel,0,0.4195911347857071,125b,125b
1ed3442cfa,a54ce43a84,Nickel,Nickel,0,0.4844130936644479,125b,125b
a54ce43a84,1ed3442cfa,Nickel,Nickel,0,0.48429884011810426,125b,125b
1ed3442cfa,0db08b7f9e,Nickel,Nickel,0,0.6347230138335018,125b,125b
0db08b7f9e,1ed3442cfa,Nickel,Nickel,0,0.634341616164277,125b,125b
1ed3442cfa,9c6504e345,Nickel,Brass,0,0.5169883227530765,125b,125b
9c6504e345,1ed3442cfa,Brass,Nickel,0,0.5169883227530765,125b,125b
1ed3442cfa,3443ea5ba5,Nickel,Brass,0,0.7117231910852305,125b,125b
3443ea5ba5,1ed3442cfa,Brass,Nickel,0,0.7117183206721989,125b,125b
1ed3442cfa,1f2544214d,Nickel,Nickel,0,0.7354840563407273,125b,125b
1f2544214d,1ed3442cfa,Nickel,Nickel,0,0.7354920853307679,125b,125b
1ed3442cfa,0e45ff7118,Nickel,Brass,0,0.5508342048416508,125b,125b
0e45ff7118,1ed3442cfa,Brass,Nickel,0,0.5481623203557378,125b,125b
1ed3442cfa,c2081b71be,Nickel,Nickel,0,0.6026153582874255,125b,125b
c2081b71be,1ed3442cfa,Nickel,Nickel,0,0.6025496241376009,125b,125b
1ed3442cfa,4e0193ff9e,Nickel,Nickel,0,0.40081109644163654,125b,125b
4e0193ff9e,1ed3442cfa,Nickel,Nickel,0,0.4007821012932136,125b,125b
1ed3442cfa,2d95605114,Nickel,Brass,0,0.49898458733567574,125b,fcc2
2d95605114,1ed3442cfa,Brass,Nickel,0,0.498724091523276,fcc2,125b
1ed3442cfa,84106ae247,Nickel,Nickel,0,0.7092831142395516,125b,fcc2
84106ae247,1ed3442cfa,Nickel,Nickel,0,0.7094015954295655,fcc2,125b
1ed3442cfa,eb358a4d60,Nickel,Brass,0,0.5265053168969483,125b,fcc2
eb358a4d60,1ed3442cfa,Brass,Nickel,0,0.5265528115241072,fcc2,125b
1ed3442cfa,5d25cd3446,Nickel,Nickel,0,0.5312530327304811,125b,fcc2
5d25cd3446,1ed3442cfa,Nickel,Nickel,0,0.5315109143076644,fcc2,125b
1ed3442cfa,5b23b59131,Nickel,Brass,0,0.5818273004396406,125b,fcc2
5b23b59131,1ed3442cfa,Brass,Nickel,0,0.5817648030909319,fcc2,125b
1ed3442cfa,a672c8a1fa,Nickel,Brass,0,0.6380169545896811,125b,fcc2
a672c8a1fa,1ed3442cfa,Brass,Nickel,0,0.6376316821106365,fcc2,125b
1ed3442cfa,247918f662,Nickel,Nickel,0,0.6251864271285003,125b,fcc2
247918f662,1ed3442cfa,Nickel,Nickel,0,0.6304247560559237,fcc2,125b
93f6afc25d,275310424a,Nickel,Brass,0,0.6034375703194516,125b,125b
275310424a,93f6afc25d,Brass,Nickel,0,0.6030583253214342,125b,125b
93f6afc25d,27c44d34a4,Nickel,Brass,0,0.5893090865536247,125b,125b
27c44d34a4,93f6afc25d,Brass,Nickel,0,0.5897354708778346,125b,125b
93f6afc25d,41f1030655,Nickel,Nickel,0,0.6599175384606157,125b,125b
41f1030655,93f6afc25d,Nickel,Nickel,0,0.659521788818672,125b,125b
93f6afc25d,d00bf582d1,Nickel,Brass,0,0.6290377303304397,125b,125b
d00bf582d1,93f6afc25d,Brass,Nickel,0,0.6286706316612376,125b,125b
93f6afc25d,9f5cee2a11,Nickel,Nickel,0,0.4970701117266094,125b,125b
9f5cee2a11,93f6afc25d,Nickel,Nickel,0,0.497048268784281,125b,125b
93f6afc25d,b4f6763191,Nickel,Nickel,0,0.5575849136471832,125b,125b
b4f6763191,93f6afc25d,Nickel,Nickel,0,0.55777137720581,125b,125b
93f6afc25d,3c6819beb9,Nickel,Brass,0,0.42397791099135657,125b,125b
3c6819beb9,93f6afc25d,Brass,Nickel,0,0.42397791099135645,125b,125b
93f6afc25d,88c293654f,Nickel,Nickel,0,0.5264273515186402,125b,125b
88c293654f,93f6afc25d,Nickel,Nickel,0,0.5262694146956587,125b,125b
93f6afc25d,d5070cee0f,Nickel,Nickel,0,0.5495158713693461,125b,125b
d5070cee0f,93f6afc25d,Nickel,Nickel,0,0.5492338282608258,125b,125b
93f6afc25d,27c03bf211,Nickel,Nickel,0,0.6290027578392484,125b,125b
27c03bf211,93f6afc25d,Nickel,Nickel,0,0.6289958692374346,125b,125b
93f6afc25d,a80b46b6d1,Nickel,Brass,0,0.6531420090301999,125b,125b
a80b46b6d1,93f6afc25d,Brass,Nickel,0,0.6531420090301999,125b,125b
93f6afc25d,8197f401c9,Nickel,Nickel,0,0.4978155042065876,125b,125b
8197f401c9,93f6afc25d,Nickel,Nickel,0,0.4981557916374046,125b,125b
93f6afc25d,bf77a5ca9b,Nickel,Brass,0,0.5809737743337106,125b,125b
bf77a5ca9b,93f6afc25d,Brass,Nickel,0,0.6050199989841368,125b,125b
93f6afc25d,a3b1085bea,Nickel,Brass,0,0.5414338093107144,125b,125b
a3b1085bea,93f6afc25d,Brass,Nickel,0,0.541631508295318,125b,125b
93f6afc25d,803e2e304c,Nickel,Nickel,0,0.5583266592741616,125b,125b
803e2e304c,93f6afc25d,Nickel,Nickel,0,0.5587501565165186,125b,125b
93f6afc25d,5187134316,Nickel,Brass,0,0.7034268486458672,125b,125b
5187134316,93f6afc25d,Brass,Nickel,0,0.7041986866283192,125b,125b
93f6afc25d,6e46d2b898,Nickel,Brass,0,0.4421719349372202,125b,125b
6e46d2b898,93f6afc25d,Brass,Nickel,0,0.4421719349372202,125b,125b
93f6afc25d,db4804f266,Nickel,Nickel,0,0.5851022862283363,125b,125b
db4804f266,93f6afc25d,Nickel,Nickel,0,0.58512691329205,125b,125b
93f6afc25d,a54ce43a84,Nickel,Nickel,0,0.5425626114075148,125b,125b
a54ce43a84,93f6afc25d,Nickel,Nickel,0,0.5425467486622075,125b,125b
93f6afc25d,0db08b7f9e,Nickel,Nickel,0,0.6404630405787671,125b,125b
0db08b7f9e,93f6afc25d,Nickel,Nickel,0,0.6404080040468763,125b,125b
93f6afc25d,9c6504e345,Nickel,Brass,0,0.4810280211549948,125b,125b
9c6504e345,93f6afc25d,Brass,Nickel,0,0.48102023711509,125b,125b
93f6afc25d,3443ea5ba5,Nickel,Brass,0,0.6165220753878563,125b,125b
3443ea5ba5,93f6afc25d,Brass,Nickel,0,0.6164034793959865,125b,125b
93f6afc25d,1f2544214d,Nickel,Nickel,0,0.5597785611862455,125b,125b
1f2544214d,93f6afc25d,Nickel,Nickel,0,0.5596042176821103,125b,125b
93f6afc25d,0e45ff7118,Nickel,Brass,0,0.5893191777561906,125b,125b
0e45ff7118,93f6afc25d,Brass,Nickel,0,0.5350036753295803,125b,125b
93f6afc25d,c2081b71be,Nickel,Nickel,0,0.37018443106326254,125b,125b
c2081b71be,93f6afc25d,Nickel,Nickel,0,0.3702132821415427,125b,125b
93f6afc25d,4e0193ff9e,Nickel,Nickel,0,0.4564657188176686,125b,125b
4e0193ff9e,93f6afc25d,Nickel,Nickel,0,0.45646571881766834,125b,125b
93f6afc25d,2d95605114,Nickel,Brass,0,0.5868962870832867,125b,fcc2
2d95605114,93f6afc25d,Brass,Nickel,0,0.5869734056612442,fcc2,125b
93f6afc25d,84106ae247,Nickel,Nickel,0,0.532818111203648,125b,fcc2
84106ae247,93f6afc25d,Nickel,Nickel,0,0.5328735337075347,fcc2,125b
93f6afc25d,eb358a4d60,Nickel,Brass,0,0.5603783960508871,125b,fcc2
eb358a4d60,93f6afc25d,Brass,Nickel,0,0.5599989935846761,fcc2,125b
93f6afc25d,5d25cd3446,Nickel,Nickel,0,0.4766784589948391,125b,fcc2
5d25cd3446,93f6afc25d,Nickel,Nickel,0,0.47638054124352613,fcc2,125b
93f6afc25d,5b23b59131,Nickel,Brass,0,0.5181720339215161,125b,fcc2
5b23b59131,93f6afc25d,Brass,Nickel,0,0.5187754665327081,fcc2,125b
93f6afc25d,a672c8a1fa,Nickel,Brass,0,0.5110317791268372,125b,fcc2
a672c8a1fa,93f6afc25d,Brass,Nickel,0,0.5107947587022479,fcc2,125b
93f6afc25d,247918f662,Nickel,Nickel,0,0.4281433598348689,125b,fcc2
247918f662,93f6afc25d,Nickel,Nickel,0,0.4281433598348688,fcc2,125b
275310424a,27c44d34a4,Brass,Brass,0,0.7295945261929354,125b,125b
27c44d34a4,275310424a,Brass,Brass,0,0.7077628694835334,125b,125b
275310424a,41f1030655,Brass,Nickel,0,0.5904384916621216,125b,125b
41f1030655,275310424a,Nickel,Brass,0,0.5904616419704327,125b,125b
275310424a,d00bf582d1,Brass,Brass,0,0.5161497199455118,125b,125b
d00bf582d1,275310424a,Brass,Brass,0,0.5160966820902029,125b,125b
275310424a,9f5cee2a11,Brass,Nickel,0,0.6051907231449437,125b,125b
9f5cee2a11,275310424a,Nickel,Brass,0,0.6232105409799462,125b,125b
275310424a,b4f6763191,Brass,Nickel,0,0.5433635866394171,125b,125b
b4f6763191,275310424a,Nickel,Brass,0,0.5431739987037496,125b,125b
275310424a,3c6819beb9,Brass,Brass,0,0.5711742352127931,125b,125b
3c6819beb9,275310424a,Brass,Brass,0,0.5726698481034651,125b,125b
275310424a,88c293654f,Brass,Nickel,0,0.6616007710572563,125b,125b
88c293654f,275310424a,Nickel,Brass,0,0.6615711464761572,125b,125b
275310424a,d5070cee0f,Brass,Nickel,0,0.5296685291959111,125b,125b
d5070cee0f,275310424a,Nickel,Brass,0,0.5293614329838753,125b,125b
275310424a,27c03bf211,Brass,Nickel,0,0.7975307539695012,125b,125b
27c03bf211,275310424a,Nickel,Brass,0,0.7973538630854117,125b,125b
275310424a,a80b46b6d1,Brass,Brass,0,0.6777312458280167,125b,125b
a80b46b6d1,275310424a,Brass,Brass,0,0.6794626710461059,125b,125b
275310424a,8197f401c9,Brass,Nickel,0,0.5400027060642879,125b,125b
8197f401c9,275310424a,Nickel,Brass,0,0.5398010373079515,125b,125b
275310424a,bf77a5ca9b,Brass,Brass,0,0.4148179963965671,125b,125b
bf77a5ca9b,275310424a,Brass,Brass,0,0.41551122805399066,125b,125b
275310424a,a3b1085bea,Brass,Brass,0,0.6023620239277346,125b,125b
a3b1085bea,275310424a,Brass,Brass,0,0.6023620239277349,125b,125b
275310424a,803e2e304c,Brass,Nickel,0,0.5113706490049404,125b,125b
803e2e304c,275310424a,Nickel,Brass,0,0.5110561207865457,125b,125b
275310424a,5187134316,Brass,Brass,0,0.5504577307424312,125b,125b
5187134316,275310424a,Brass,Brass,0,0.6161342739286267,125b,125b
275310424a,6e46d2b898,Brass,Brass,0,0.6891897923354444,125b,125b
6e46d2b898,275310424a,Brass,Brass,0,0.6898262562027431,125b,125b
275310424a,db4804f266,Brass,Nickel,0,0.49424919147120466,125b,125b
db4804f266,275310424a,Nickel,Brass,0,0.495687251731683,125b,125b
275310424a,a54ce43a84,Brass,Nickel,0,0.573995492161593,125b,125b
a54ce43a84,275310424a,Nickel,Brass,0,0.5734575449955956,125b,125b
275310424a,0db08b7f9e,Brass,Nickel,0,0.6489091832841937,125b,125b
0db08b7f9e,275310424a,Nickel,Brass,0,0.6494724443267147,125b,125b
275310424a,9c6504e345,Brass,Brass,0,0.51599726681297,125b,125b
9c6504e345,275310424a,Brass,Brass,0,0.47955823096573635,125b,125b
275310424a,3443ea5ba5,Brass,Brass,0,0.524503379746852,125b,125b
3443ea5ba5,275310424a,Brass,Brass,0,0.5244638263106765,125b,125b
275310424a,1f2544214d,Brass,Nickel,0,0.6430524335362543,125b,125b
1f2544214d,275310424a,Nickel,Brass,0,0.6430054427455218,125b,125b
275310424a,0e45ff7118,Brass,Brass,0,0.5336663526586324,125b,125b
0e45ff7118,275310424a,Brass,Brass,0,0.5338901853163657,125b,125b
275310424a,c2081b71be,Brass,Nickel,0,0.4914877755175464,125b,125b
c2081b71be,275310424a,Nickel,Brass,0,0.49166854011577227,125b,125b
275310424a,4e0193ff9e,Brass,Nickel,0,0.5654064238519415,125b,125b
4e0193ff9e,275310424a,Nickel,Brass,0,0.5660170921248017,125b,125b
275310424a,2d95605114,Brass,Brass,0,0.6615442431330845,125b,fcc2
2d95605114,275310424a,Brass,Brass,0,0.6615899924904131,fcc2,125b
275310424a,84106ae247,Brass,Nickel,0,0.4930686859482275,125b,fcc2
84106ae247,275310424a,Nickel,Brass,0,0.4930686859482275,fcc2,125b
275310424a,eb358a4d60,Brass,Brass,0,0.5724305990537687,125b,fcc2
eb358a4d60,275310424a,Brass,Brass,0,0.5699577133214585,fcc2,125b
275310424a,5d25cd3446,Brass,Nickel,0,0.5653374072289327,125b,fcc2
5d25cd3446,275310424a,Nickel,Brass,0,0.5656196820615585,fcc2,125b
275310424a,5b23b59131,Brass,Brass,0,0.7163090535217859,125b,fcc2
5b23b59131,275310424a,Brass,Brass,0,0.7163466853906129,fcc2,125b
275310424a,a672c8a1fa,Brass,Brass,0,0.5230259034455907,125b,fcc2
a672c8a1fa,275310424a,Brass,Brass,0,0.5230203454074009,fcc2,125b
275310424a,247918f662,Brass,Nickel,0,0.44747986677039564,125b,fcc2
247918f662,275310424a,Nickel,Brass,0,0.44750981496266024,fcc2,125b
27c44d34a4,41f1030655,Brass,Nickel,0,0.6456840091099605,125b,125b
41f1030655,27c44d34a4,Nickel,Brass,0,0.6453104916835101,125b,125b
27c44d34a4,d00bf582d1,Brass,Brass,0,0.4459018830742516,125b,125b
d00bf582d1,27c44d34a4,Brass,Brass,0,0.4463211909794536,125b,125b
27c44d34a4,9f5cee2a11,Brass,Nickel,0,0.5968977008636249,125b,125b
9f5cee2a11,27c44d34a4,Nickel,Brass,0,0.5967993161451501,125b,125b
27c44d34a4,b4f6763191,Brass,Nickel,0,0.6047639868355816,125b,125b
b4f6763191,27c44d34a4,Nickel,Brass,0,0.6047639868355816,125b,125b
27c44d34a4,3c6819beb9,Brass,Brass,0,0.48783309824214094,125b,125b
3c6819beb9,27c44d34a4,Brass,Brass,0,0.48693408940671085,125b,125b
27c44d34a4,88c293654f,Brass,Nickel,0,0.7166277397490395,125b,125b
88c293654f,27c44d34a4,Nickel,Brass,0,0.743755585340925,125b,125b
27c44d34a4,d5070cee0f,Brass,Nickel,0,0.6136471667194846,125b,125b
d5070cee0f,27c44d34a4,Nickel,Brass,0,0.6136767320523194,125b,125b
27c44d34a4,27c03bf211,Brass,Nickel,0,0.5092263310011373,125b,125b
27c03bf211,27c44d34a4,Nickel,Brass,0,0.5092828433739047,125b,125b
27c44d34a4,a80b46b6d1,Brass,Brass,0,0.450130886168389,125b,125b
a80b46b6d1,27c44d34a4,Brass,Brass,0,0.45005301452403845,125b,125b
27c44d34a4,8197f401c9,Brass,Nickel,0,0.6766692296716734,125b,125b
8197f401c9,27c44d34a4,Nickel,Brass,0,0.6763278694526101,125b,125b
27c44d34a4,bf77a5ca9b,Brass,Brass,0,0.560219836833594,125b,125b
bf77a5ca9b,27c44d34a4,Brass,Brass,0,0.5601997435373631,125b,125b
27c44d34a4,a3b1085bea,Brass,Brass,0,0.44930688408353897,125b,125b
a3b1085bea,27c44d34a4,Brass,Brass,0,0.4482592366584879,125b,125b
27c44d34a4,803e2e304c,Brass,Nickel,0,0.41429870296959076,125b,125b
803e2e304c,27c44d34a4,Nickel,Brass,0,0.4142927316468111,125b,125b
27c44d34a4,5187134316,Brass,Brass,0,0.45697948173510883,125b,125b
5187134316,27c44d34a4,Brass,Brass,0,0.45699055650883175,125b,125b
27c44d34a4,6e46d2b898,Brass,Brass,0,0.6433072550715706,125b,125b
6e46d2b898,27c44d34a4,Brass,Brass,0,0.6429251098987109,125b,125b
27c44d34a4,db4804f266,Brass,Nickel,0,0.6926038906201247,125b,125b
db4804f266,27c44d34a4,Nickel,Brass,0,0.832303236354883,125b,125b
27c44d34a4,a54ce43a84,Brass,Nickel,0,0.700592319653646,125b,125b
a54ce43a84,27c44d34a4,Nickel,Brass,0,0.7006937584490547,125b,125b
27c44d34a4,0db08b7f9e,Brass,Nickel,0,0.600498180732157,125b,125b
0db08b7f9e,27c44d34a4,Nickel,Brass,0,0.5323479263406504,125b,125b
27c44d34a4,9c6504e345,Brass,Brass,0,0.6104393385701437,125b,125b
9c6504e345,27c44d34a4,Brass,Brass,0,0.6108288490645634,125b,125b
27c44d34a4,3443ea5ba5,Brass,Brass,0,0.5504441463438179,125b,125b
3443ea5ba5,27c44d34a4,Brass,Brass,0,0.549621432327996,125b,125b
27c44d34a4,1f2544214d,Brass,Nickel,0,0.33586471776977733,125b,125b
1f2544214d,27c44d34a4,Nickel,Brass,0,0.336051948581019,125b,125b
27c44d34a4,0e45ff7118,Brass,Brass,0,0.6906835118642383,125b,125b
0e45ff7118,27c44d34a4,Brass,Brass,0,0.6906979470459681,125b,125b
27c44d34a4,c2081b71be,Brass,Nickel,0,0.7488574060505266,125b,125b
c2081b71be,27c44d34a4,Nickel,Brass,0,0.7488359083288827,125b,125b
27c44d34a4,4e0193ff9e,Brass,Nickel,0,0.5567250286613531,125b,125b
4e0193ff9e,27c44d34a4,Nickel,Brass,0,0.5565910107060078,125b,125b
27c44d34a4,2d95605114,Brass,Brass,0,0.591262855186911,125b,fcc2
2d95605114,27c44d34a4,Brass,Brass,0,0.5922543426685944,fcc2,125b
27c44d34a4,84106ae247,Brass,Nickel,0,0.4723050735569817,125b,fcc2
84106ae247,27c44d34a4,Nickel,Brass,0,0.47210691896129203,fcc2,125b
27c44d34a4,eb358a4d60,Brass,Brass,0,0.597017109595654,125b,fcc2
eb358a4d60,27c44d34a4,Brass,Brass,0,0.5969658811476959,fcc2,125b
27c44d34a4,5d25cd3446,Brass,Nickel,0,0.602804218466965,125b,fcc2
5d25cd3446,27c44d34a4,Nickel,Brass,0,0.6022782979829324,fcc2,125b
27c44d34a4,5b23b59131,Brass,Brass,0,0.5967572918295205,125b,fcc2
5b23b59131,27c44d34a4,Brass,Brass,0,0.596439479898123,fcc2,125b
27c44d34a4,a672c8a1fa,Brass,Brass,0,0.6204607201566262,125b,fcc2
a672c8a1fa,27c44d34a4,Brass,Brass,0,0.6204696962705832,fcc2,125b
27c44d34a4,247918f662,Brass,Nickel,0,0.4731895793136377,125b,fcc2
247918f662,27c44d34a4,Nickel,Brass,0,0.47335066940441756,fcc2,125b
41f1030655,d00bf582d1,Nickel,Brass,0,0.5293152650414227,125b,125b
d00bf582d1,41f1030655,Brass,Nickel,0,0.5349077179673696,125b,125b
41f1030655,9f5cee2a11,Nickel,Nickel,0,0.6026545112534113,125b,125b
9f5cee2a11,41f1030655,Nickel,Nickel,0,0.6027509416568954,125b,125b
41f1030655,b4f6763191,Nickel,Nickel,0,0.6480202203600143,125b,125b
b4f6763191,41f1030655,Nickel,Nickel,0,0.6504249619138514,125b,125b
41f1030655,3c6819beb9,Nickel,Brass,0,0.5718264463870143,125b,125b
3c6819beb9,41f1030655,Brass,Nickel,0,0.5725826457240635,125b,125b
41f1030655,88c293654f,Nickel,Nickel,0,0.486414667507961,125b,125b
88c293654f,41f1030655,Nickel,Nickel,0,0.48640603147589045,125b,125b
41f1030655,d5070cee0f,Nickel,Nickel,0,0.7715745739880664,125b,125b
d5070cee0f,41f1030655,Nickel,Nickel,0,0.7717254299124386,125b,125b
41f1030655,27c03bf211,Nickel,Nickel,0,0.6700926683870727,125b,125b
27c03bf211,41f1030655,Nickel,Nickel,0,0.6712634015419124,125b,125b
41f1030655,a80b46b6d1,Nickel,Brass,0,0.47034949804421466,125b,125b
a80b46b6d1,41f1030655,Brass,Nickel,0,0.4765892796631348,125b,125b
41f1030655,8197f401c9,Nickel,Nickel,0,0.5326538136834993,125b,125b
8197f401c9,41f1030655,Nickel,Nickel,0,0.5319532690576504,125b,125b
41f1030655,bf77a5ca9b,Nickel,Brass,0,0.520611212896982,125b,125b
bf77a5ca9b,41f1030655,Brass,Nickel,0,0.5203688280815589,125b,125b
41f1030655,a3b1085bea,Nickel,Brass,0,0.5048171087631509,125b,125b
a3b1085bea,41f1030655,Brass,Nickel,0,0.504817108763151,125b,125b
41f1030655,803e2e304c,Nickel,Nickel,0,0.46236876544711975,125b,125b
803e2e304c,41f1030655,Nickel,Nickel,0,0.4633451947908194,125b,125b
41f1030655,5187134316,Nickel,Brass,0,0.4244913136764364,125b,125b
5187134316,41f1030655,Brass,Nickel,0,0.5266250186644467,125b,125b
41f1030655,6e46d2b898,Nickel,Brass,0,0.5351537007843148,125b,125b
6e46d2b898,41f1030655,Brass,Nickel,0,0.5353703950690487,125b,125b
41f1030655,db4804f266,Nickel,Nickel,0,0.6242058735630408,125b,125b
db4804f266,41f1030655,Nickel,Nickel,0,0.6244281830513104,125b,125b
41f1030655,a54ce43a84,Nickel,Nickel,0,0.694066439132264,125b,125b
a54ce43a84,41f1030655,Nickel,Nickel,0,0.6936767157442628,125b,125b
41f1030655,0db08b7f9e,Nickel,Nickel,0,0.5952425469797109,125b,125b
0db08b7f9e,41f1030655,Nickel,Nickel,0,0.5951086908215053,125b,125b
41f1030655,9c6504e345,Nickel,Brass,0,0.6875283041854127,125b,125b
9c6504e345,41f1030655,Brass,Nickel,0,0.6890128239669275,125b,125b
41f1030655,3443ea5ba5,Nickel,Brass,0,0.7003259905317568,125b,125b
3443ea5ba5,41f1030655,Brass,Nickel,0,0.7002880173311373,125b,125b
41f1030655,1f2544214d,Nickel,Nickel,0,0.5808504541289745,125b,125b
1f2544214d,41f1030655,Nickel,Nickel,0,0.5824680554874546,125b,125b
41f1030655,0e45ff7118,Nickel,Brass,0,0.38685708002821034,125b,125b
0e45ff7118,41f1030655,Brass,Nickel,0,0.38678918579005206,125b,125b
41f1030655,c2081b71be,Nickel,Nickel,0,0.5436054584469467,125b,125b
c2081b71be,41f1030655,Nickel,Nickel,0,0.5442766776812935,125b,125b
41f1030655,4e0193ff9e,Nickel,Nickel,0,0.4619507488961903,125b,125b
4e0193ff9e,41f1030655,Nickel,Nickel,0,0.462372537313659,125b,125b
41f1030655,2d95605114,Nickel,Brass,0,0.4910216227911667,125b,fcc2
2d95605114,41f1030655,Brass,Nickel,0,0.4913271344471419,fcc2,125b
41f1030655,84106ae247,Nickel,Nickel,0,0.6120777440055744,125b,fcc2
84106ae247,41f1030655,Nickel,Nickel,0,0.6120922753371827,fcc2,125b
41f1030655,eb358a4d60,Nickel,Brass,0,0.5151114503118057,125b,fcc2
eb358a4d60,41f1030655,Brass,Nickel,0,0.5153289102730348,fcc2,125b
41f1030655,5d25cd3446,Nickel,Nickel,0,0.5951540343688644,125b,fcc2
5d25cd3446,41f1030655,Nickel,Nickel,0,0.5956703629324062,fcc2,125b
41f1030655,5b23b59131,Nickel,Brass,0,0.6720470261740839,125b,fcc2
5b23b59131,41f1030655,Brass,Nickel,0,0.6724943745823184,fcc2,125b
41f1030655,a672c8a1fa,Nickel,Brass,0,0.5393196647929906,125b,fcc2
a672c8a1fa,41f1030655,Brass,Nickel,0,0.5395992974142835,fcc2,125b
41f1030655,247918f662,Nickel,Nickel,0,0.5133824256781383,125b,fcc2
247918f662,41f1030655,Nickel,Nickel,0,0.5133496288119087,fcc2,125b
d00bf582d1,9f5cee2a11,Brass,Nickel,0,0.6149144499312676,125b,125b
9f5cee2a11,d00bf582d1,Nickel,Brass,0,0.6149144499312671,125b,125b
d00bf582d1,b4f6763191,Brass,Nickel,0,0.4642461663514264,125b,125b
b4f6763191,d00bf582d1,Nickel,Brass,0,0.4643588696038996,125b,125b
d00bf582d1,3c6819beb9,Brass,Brass,0,0.5434033307797818,125b,125b
3c6819beb9,d00bf582d1,Brass,Brass,0,0.543958685481971,125b,125b
d00bf582d1,88c293654f,Brass,Nickel,0,0.6454208483708,125b,125b
88c293654f,d00bf582d1,Nickel,Brass,0,0.644971532972041,125b,125b
d00bf582d1,d5070cee0f,Brass,Nickel,0,0.5024912047168217,125b,125b
d5070cee0f,d00bf582d1,Nickel,Brass,0,0.502257338811343,125b,125b
d00bf582d1,27c03bf211,Brass,Nickel,0,0.4998763111576275,125b,125b
27c03bf211,d00bf582d1,Nickel,Brass,0,0.49986839030069885,125b,125b
d00bf582d1,a80b46b6d1,Brass,Brass,0,0.650049679395055,125b,125b
a80b46b6d1,d00bf582d1,Brass,Brass,0,0.6500853978087702,125b,125b
d00bf582d1,8197f401c9,Brass,Nickel,0,0.5448836243632418,125b,125b
8197f401c9,d00bf582d1,Nickel,Brass,0,0.5448836243632418,125b,125b
d00bf582d1,bf77a5ca9b,Brass,Brass,0,0.4663828146007806,125b,125b
bf77a5ca9b,d00bf582d1,Brass,Brass,0,0.4664622006612883,125b,125b
d00bf582d1,a3b1085bea,Brass,Brass,0,0.42162155137396873,125b,125b
a3b1085bea,d00bf582d1,Brass,Brass,0,0.42270036213025924,125b,125b
d00bf582d1,803e2e304c,Brass,Nickel,0,0.58062540508208,125b,125b
803e2e304c,d00bf582d1,Nickel,Brass,0,0.5817233928417144,125b,125b
d00bf582d1,5187134316,Brass,Brass,0,0.5311740996898868,125b,125b
5187134316,d00bf582d1,Brass,Brass,0,0.5311226770741383,125b,125b
d00bf582d1,6e46d2b898,Brass,Brass,0,0.4806156151132635,125b,125b
6e46d2b898,d00bf582d1,Brass,Brass,0,0.48126859613232553,125b,125b
d00bf582d1,db4804f266,Brass,Nickel,0,0.45732919299947455,125b,125b
db4804f266,d00bf582d1,Nickel,Brass,0,0.457291018376884,125b,125b
d00bf582d1,a54ce43a84,Brass,Nickel,0,0.5044773646804542,125b,125b
a54ce43a84,d00bf582d1,Nickel,Brass,0,0.5040788119061693,125b,125b
d00bf582d1,0db08b7f9e,Brass,Nickel,0,0.46711961465811347,125b,125b
0db08b7f9e,d00bf582d1,Nickel,Brass,0,0.46711961465811347,125b,125b
d00bf582d1,9c6504e345,Brass,Brass,0,0.38307505208656806,125b,125b
9c6504e345,d00bf582d1,Brass,Brass,0,0.4601630456334138,125b,125b
d00bf582d1,3443ea5ba5,Brass,Brass,0,0.4053708011764786,125b,125b
3443ea5ba5,d00bf582d1,Brass,Brass,0,0.4066834204745107,125b,125b
d00bf582d1,1f2544214d,Brass,Nickel,0,0.4692738125066697,125b,125b
1f2544214d,d00bf582d1,Nickel,Brass,0,0.46927381250667,125b,125b
d00bf582d1,0e45ff7118,Brass,Brass,0,0.5557359346186159,125b,125b
0e45ff7118,d00bf582d1,Brass,Brass,0,0.5553521194825757,125b,125b
d00bf582d1,c2081b71be,Brass,Nickel,0,0.5787113765432681,125b,125b
c2081b71be,d00bf582d1,Nickel,Brass,0,0.5786137802377757,125b,125b
d00bf582d1,4e0193ff9e,Brass,Nickel,0,0.49940595122687576,125b,125b
4e0193ff9e,d00bf582d1,Nickel,Brass,0,0.5003101171463905,125b,125b
d00bf582d1,2d95605114,Brass,Brass,0,0.45648956651183337,125b,fcc2
2d95605114,d00bf582d1,Brass,Brass,0,0.4562390992964431,fcc2,125b
d00bf582d1,84106ae247,Brass,Nickel,0,0.4628646480061352,125b,fcc2
84106ae247,d00bf582d1,Nickel,Brass,0,0.46261895056758884,fcc2,125b
d00bf582d1,eb358a4d60,Brass,Brass,0,0.3802573310052546,125b,fcc2
eb358a4d60,d00bf582d1,Brass,Brass,0,0.3806881368852748,fcc2,125b
d00bf582d1,5d25cd3446,Brass,Nickel,0,0.5795949201951047,125b,fcc2
5d25cd3446,d00bf582d1,Nickel,Brass,0,0.5795121544061341,fcc2,125b
d00bf582d1,5b23b59131,Brass,Brass,0,0.5987847818579055,125b,fcc2
5b23b59131,d00bf582d1,Brass,Brass,0,0.5996710160915659,fcc2,125b
d00bf582d1,a672c8a1fa,Brass,Brass,0,0.4243259140338232,125b,fcc2
a672c8a1fa,d00bf582d1,Brass,Brass,0,0.42404083982376983,fcc2,125b
d00bf582d1,247918f662,Brass,Nickel,0,0.47274270028237336,125b,fcc2
247918f662,d00bf582d1,Nickel,Brass,0,0.47258880589980223,fcc2,125b
9f5cee2a11,b4f6763191,Nickel,Nickel,0,0.6424364794782257,125b,125b
b4f6763191,9f5cee2a11,Nickel,Nickel,0,0.641727095742124,125b,125b
9f5cee2a11,3c6819beb9,Nickel,Brass,0,0.46976464386618466,125b,125b
3c6819beb9,9f5cee2a11,Brass,Nickel,0,0.4705858418540574,125b,125b
9f5cee2a11,88c293654f,Nickel,Nickel,0,0.6855220256521325,125b,125b
88c293654f,9f5cee2a11,Nickel,Nickel,0,0.7183708578411592,125b,125b
9f5cee2a11,d5070cee0f,Nickel,Nickel,0,0.5232222206461961,125b,125b
d5070cee0f,9f5cee2a11,Nickel,Nickel,0,0.5231581664181569,125b,125b
9f5cee2a11,27c03bf211,Nickel,Nickel,0,0.8579960586222211,125b,125b
27c03bf211,9f5cee2a11,Nickel,Nickel,0,0.857356037956403,125b,125b
9f5cee2a11,a80b46b6d1,Nickel,Brass,0,0.6426118903911922,125b,125b
a80b46b6d1,9f5cee2a11,Brass,Nickel,0,0.6608938122507673,125b,125b
9f5cee2a11,8197f401c9,Nickel,Nickel,0,0.4419404547798201,125b,125b
8197f401c9,9f5cee2a11,Nickel,Nickel,0,0.44288110822283877,125b,125b
9f5cee2a11,bf77a5ca9b,Nickel,Brass,0,0.47187707648089305,125b,125b
bf77a5ca9b,9f5cee2a11,Brass,Nickel,0,0.471833107357679,125b,125b
9f5cee2a11,a3b1085bea,Nickel,Brass,0,0.6403564706227256,125b,125b
a3b1085bea,9f5cee2a11,Brass,Nickel,0,0.6420360952280267,125b,125b
9f5cee2a11,803e2e304c,Nickel,Nickel,0,0.676649028962591,125b,125b
803e2e304c,9f5cee2a11,Nickel,Nickel,0,0.6769105428243869,125b,125b
9f5cee2a11,5187134316,Nickel,Brass,0,0.6058079876365682,125b,125b
5187134316,9f5cee2a11,Brass,Nickel,0,0.6058438118570466,125b,125b
9f5cee2a11,6e46d2b898,Nickel,Brass,0,0.5576409940608191,125b,125b
6e46d2b898,9f5cee2a11,Brass,Nickel,0,0.5580819180811322,125b,125b
9f5cee2a11,db4804f266,Nickel,Nickel,0,0.6484563681591896,125b,125b
db4804f266,9f5cee2a11,Nickel,Nickel,0,0.6481636307527533,125b,125b
9f5cee2a11,a54ce43a84,Nickel,Nickel,0,0.5911355904855323,125b,125b
a54ce43a84,9f5cee2a11,Nickel,Nickel,0,0.5910504106824953,125b,125b
9f5cee2a11,0db08b7f9e,Nickel,Nickel,0,0.5693037767382471,125b,125b
0db08b7f9e,9f5cee2a11,Nickel,Nickel,0,0.4987067938535255,125b,125b
9f5cee2a11,9c6504e345,Nickel,Brass,0,0.7567275231859769,125b,125b
9c6504e345,9f5cee2a11,Brass,Nickel,0,0.7563676628889741,125b,125b
9f5cee2a11,3443ea5ba5,Nickel,Brass,0,0.635508389718028,125b,125b
3443ea5ba5,9f5cee2a11,Brass,Nickel,0,0.6357888915304244,125b,125b
9f5cee2a11,1f2544214d,Nickel,Nickel,0,0.682778699985122,125b,125b
1f2544214d,9f5cee2a11,Nickel,Nickel,0,0.6831095685560938,125b,125b
9f5cee2a11,0e45ff7118,Nickel,Brass,0,0.6365290773096881,125b,125b
0e45ff7118,9f5cee2a11,Brass,Nickel,0,0.637127750876208,125b,125b
9f5cee2a11,c2081b71be,Nickel,Nickel,0,0.5146459743549731,125b,125b
c2081b71be,9f5cee2a11,Nickel,Nickel,0,0.5140021226044061,125b,125b
9f5cee2a11,4e0193ff9e,Nickel,Nickel,0,0.5034569374997406,125b,125b
4e0193ff9e,9f5cee2a11,Nickel,Nickel,0,0.5035417118849197,125b,125b
9f5cee2a11,2d95605114,Nickel,Brass,0,0.6373408083992727,125b,fcc2
2d95605114,9f5cee2a11,Brass,Nickel,0,0.6372674484144192,fcc2,125b
9f5cee2a11,84106ae247,Nickel,Nickel,0,0.7234719639319251,125b,fcc2
84106ae247,9f5cee2a11,Nickel,Nickel,0,0.7253093615785264,fcc2,125b
9f5cee2a11,eb358a4d60,Nickel,Brass,0,0.4334932377870608,125b,fcc2
eb358a4d60,9f5cee2a11,Brass,Nickel,0,0.4333000856837845,fcc2,125b
9f5cee2a11,5d25cd3446,Nickel,Nickel,0,0.4090284467049901,125b,fcc2
5d25cd3446,9f5cee2a11,Nickel,Nickel,0,0.40902844670499,fcc2,125b
9f5cee2a11,5b23b59131,Nickel,Brass,0,0.45242983983325125,125b,fcc2
5b23b59131,9f5cee2a11,Brass,Nickel,0,0.4493128358859991,fcc2,125b
9f5cee2a11,a672c8a1fa,Nickel,Brass,0,0.5701295708874159,125b,fcc2
a672c8a1fa,9f5cee2a11,Brass,Nickel,0,0.5700569352733031,fcc2,125b
9f5cee2a11,247918f662,Nickel,Nickel,0,0.4797482528926227,125b,fcc2
247918f662,9f5cee2a11,Nickel,Nickel,0,0.47912880863282115,fcc2,125b
b4f6763191,3c6819beb9,Nickel,Brass,0,0.5225179085217969,125b,125b
3c6819beb9,b4f6763191,Brass,Nickel,0,0.5222835128192698,125b,125b
b4f6763191,88c293654f,Nickel,Nickel,0,0.6523578639413778,125b,125b
88c293654f,b4f6763191,Nickel,Nickel,0,0.6521356762717374,125b,125b
b4f6763191,d5070cee0f,Nickel,Nickel,0,0.7623933011447607,125b,125b
d5070cee0f,b4f6763191,Nickel,Nickel,0,0.702320054798229,125b,125b
b4f6763191,27c03bf211,Nickel,Nickel,0,0.5454961881104531,125b,125b
27c03bf211,b4f6763191,Nickel,Nickel,0,0.5450118045777018,125b,125b
b4f6763191,a80b46b6d1,Nickel,Brass,0,0.5258358482626111,125b,125b
a80b46b6d1,b4f6763191,Brass,Nickel,0,0.5255230439827874,125b,125b
b4f6763191,8197f401c9,Nickel,Nickel,0,0.4578725782110232,125b,125b
8197f401c9,b4f6763191,Nickel,Nickel,0,0.45766041934648843,125b,125b
b4f6763191,bf77a5ca9b,Nickel,Brass,0,0.6160338409292672,125b,125b
bf77a5ca9b,b4f6763191,Brass,Nickel,0,0.6161501594554554,125b,125b
b4f6763191,a3b1085bea,Nickel,Brass,0,0.5829117964445045,125b,125b
a3b1085bea,b4f6763191,Brass,Nickel,0,0.5829343909320911,125b,125b
b4f6763191,803e2e304c,Nickel,Nickel,0,0.691941479568581,125b,125b
803e2e304c,b4f6763191,Nickel,Nickel,0,0.691796667656477,125b,125b
b4f6763191,5187134316,Nickel,Brass,0,0.5245572946389668,125b,125b
5187134316,b4f6763191,Brass,Nickel,0,0.5245572946389666,125b,125b
b4f6763191,6e46d2b898,Nickel,Brass,0,0.7450984246785176,125b,125b
6e46d2b898,b4f6763191,Brass,Nickel,0,0.7450664103773491,125b,125b
b4f6763191,db4804f266,Nickel,Nickel,0,0.6193091321910985,125b,125b
db4804f266,b4f6763191,Nickel,Nickel,0,0.6186897485828488,125b,125b
b4f6763191,a54ce43a84,Nickel,Nickel,0,0.6373909435013437,125b,125b
a54ce43a84,b4f6763191,Nickel,Nickel,0,0.5990814443864778,125b,125b
b4f6763191,0db08b7f9e,Nickel,Nickel,0,0.6115381988034265,125b,125b
0db08b7f9e,b4f6763191,Nickel,Nickel,0,0.6600837390202335,125b,125b
b4f6763191,9c6504e345,Nickel,Brass,0,0.519775688730135,125b,125b
9c6504e345,b4f6763191,Brass,Nickel,0,0.5204263836561667,125b,125b
b4f6763191,3443ea5ba5,Nickel,Brass,0,0.5769090376508886,125b,125b
3443ea5ba5,b4f6763191,Brass,Nickel,0,0.575446230437303,125b,125b
b4f6763191,1f2544214d,Nickel,Nickel,0,0.486619315181231,125b,125b
1f2544214d,b4f6763191,Nickel,Nickel,0,0.48717179927322607,125b,125b
b4f6763191,0e45ff7118,Nickel,Brass,0,0.5327782308266521,125b,125b
0e45ff7118,b4f6763191,Brass,Nickel,0,0.5347289946759336,125b,125b
b4f6763191,c2081b71be,Nickel,Nickel,0,0.7393228472193669,125b,125b
c2081b71be,b4f6763191,Nickel,Nickel,0,0.7393228472193666,125b,125b
b4f6763191,4e0193ff9e,Nickel,Nickel,0,0.4633564901985118,125b,125b
4e0193ff9e,b4f6763191,Nickel,Nickel,0,0.46283098679770734,125b,125b
b4f6763191,2d95605114,Nickel,Brass,0,0.6237291630878976,125b,fcc2
2d95605114,b4f6763191,Brass,Nickel,0,0.6236517764184261,fcc2,125b
b4f6763191,84106ae247,Nickel,Nickel,0,0.47367714438715364,125b,fcc2
84106ae247,b4f6763191,Nickel,Nickel,0,0.47354698590663147,fcc2,125b
b4f6763191,eb358a4d60,Nickel,Brass,0,0.5724111031949666,125b,fcc2
eb358a4d60,b4f6763191,Brass,Nickel,0,0.5721377552979066,fcc2,125b
b4f6763191,5d25cd3446,Nickel,Nickel,0,0.5735089830372759,125b,fcc2
5d25cd3446,b4f6763191,Nickel,Nickel,0,0.5728001352661525,fcc2,125b
b4f6763191,5b23b59131,Nickel,Brass,0,0.8549308458791606,125b,fcc2
5b23b59131,b4f6763191,Brass,Nickel,0,0.8560687895096879,fcc2,125b
b4f6763191,a672c8a1fa,Nickel,Brass,0,0.5796290203161704,125b,fcc2
a672c8a1fa,b4f6763191,Brass,Nickel,0,0.5795923870305146,fcc2,125b
b4f6763191,247918f662,Nickel,Nickel,0,0.517809040832999,125b,fcc2
247918f662,b4f6763191,Nickel,Nickel,0,0.5174280971533864,fcc2,125b
3c6819beb9,88c293654f,Brass,Nickel,0,0.5793178384183947,125b,125b
88c293654f,3c6819beb9,Nickel,Brass,0,0.5793393168585642,125b,125b
3c6819beb9,d5070cee0f,Brass,Nickel,0,0.4315427058175232,125b,125b
d5070cee0f,3c6819beb9,Nickel,Brass,0,0.43045110712697,125b,125b
3c6819beb9,27c03bf211,Brass,Nickel,0,0.5016569633202559,125b,125b
27c03bf211,3c6819beb9,Nickel,Brass,0,0.5022878673116546,125b,125b
3c6819beb9,a80b46b6d1,Brass,Brass,0,0.6850128780892898,125b,125b
a80b46b6d1,3c6819beb9,Brass,Brass,0,0.685040137786632,125b,125b
3c6819beb9,8197f401c9,Brass,Nickel,0,0.5198217836885364,125b,125b
8197f401c9,3c6819beb9,Nickel,Brass,0,0.5213040177689305,125b,125b
3c6819beb9,bf77a5ca9b,Brass,Brass,0,0.5770692543966404,125b,125b
bf77a5ca9b,3c6819beb9,Brass,Brass,0,0.5783760569032225,125b,125b
3c6819beb9,a3b1085bea,Brass,Brass,0,0.5973555991008075,125b,125b
a3b1085bea,3c6819beb9,Brass,Brass,0,0.5978118486325438,125b,125b
3c6819beb9,803e2e304c,Brass,Nickel,0,0.5233293890097108,125b,125b
803e2e304c,3c6819beb9,Nickel,Brass,0,0.5238623643354641,125b,125b
3c6819beb9,5187134316,Brass,Brass,0,0.5084823847372627,125b,125b
5187134316,3c6819beb9,Brass,Brass,0,0.5083897127049295,125b,125b
3c6819beb9,6e46d2b898,Brass,Brass,0,0.6994549558877636,125b,125b
6e46d2b898,3c6819beb9,Brass,Brass,0,0.6992520045315703,125b,125b
3c6819beb9,db4804f266,Brass,Nickel,0,0.50215779166053,125b,125b
db4804f266,3c6819beb9,Nickel,Brass,0,0.5027262130242653,125b,125b
3c6819beb9,a54ce43a84,Brass,Nickel,0,0.5389815182629409,125b,125b
a54ce43a84,3c6819beb9,Nickel,Brass,0,0.5395025160341376,125b,125b
3c6819beb9,0db08b7f9e,Brass,Nickel,0,0.4987341366338848,125b,125b
0db08b7f9e,3c6819beb9,Nickel,Brass,0,0.49995694370188243,125b,125b
3c6819beb9,9c6504e345,Brass,Brass,0,0.540954871249737,125b,125b
9c6504e345,3c6819beb9,Brass,Brass,0,0.540919857033558,125b,125b
3c6819beb9,3443ea5ba5,Brass,Brass,0,0.436632150138751,125b,125b
3443ea5ba5,3c6819beb9,Brass,Brass,0,0.4360010185134903,125b,125b
3c6819beb9,1f2544214d,Brass,Nickel,0,0.4225345316874899,125b,125b
1f2544214d,3c6819beb9,Nickel,Brass,0,0.4235214148957975,125b,125b
3c6819beb9,0e45ff7118,Brass,Brass,0,0.5406863047624446,125b,125b
0e45ff7118,3c6819beb9,Brass,Brass,0,0.5408310184132183,125b,125b
3c6819beb9,c2081b71be,Brass,Nickel,0,0.4843384672301521,125b,125b
c2081b71be,3c6819beb9,Nickel,Brass,0,0.4840503074807045,125b,125b
3c6819beb9,4e0193ff9e,Brass,Nickel,0,0.5479851379939676,125b,125b
4e0193ff9e,3c6819beb9,Nickel,Brass,0,0.548152763114868,125b,125b
3c6819beb9,2d95605114,Brass,Brass,0,0.4286770193062408,125b,fcc2
2d95605114,3c6819beb9,Brass,Brass,0,0.49904817224887044,fcc2,125b
3c6819beb9,84106ae247,Brass,Nickel,0,0.4241366760799639,125b,fcc2
84106ae247,3c6819beb9,Nickel,Brass,0,0.4244619522983901,fcc2,125b
3c6819beb9,eb358a4d60,Brass,Brass,0,0.5383876539474185,125b,fcc2
eb358a4d60,3c6819beb9,Brass,Brass,0,0.5381554787551387,fcc2,125b
3c6819beb9,5d25cd3446,Brass,Nickel,0,0.5033357136288612,125b,fcc2
5d25cd3446,3c6819beb9,Nickel,Brass,0,0.5126951797202886,fcc2,125b
3c6819beb9,5b23b59131,Brass,Brass,0,0.5452502034538143,125b,fcc2
5b23b59131,3c6819beb9,Brass,Brass,0,0.5448273965167412,fcc2,125b
3c6819beb9,a672c8a1fa,Brass,Brass,0,0.48003105673705954,125b,fcc2
a672c8a1fa,3c6819beb9,Brass,Brass,0,0.48032253490498034,fcc2,125b
3c6819beb9,247918f662,Brass,Nickel,0,0.512592679084632,125b,fcc2
247918f662,3c6819beb9,Nickel,Brass,0,0.5116988575936461,fcc2,125b
88c293654f,d5070cee0f,Nickel,Nickel,0,0.7175790869207195,125b,125b
d5070cee0f,88c293654f,Nickel,Nickel,0,0.7643522044522294,125b,125b
88c293654f,27c03bf211,Nickel,Nickel,0,0.554234173309641,125b,125b
27c03bf211,88c293654f,Nickel,Nickel,0,0.5544029571614478,125b,125b
88c293654f,a80b46b6d1,Nickel,Brass,0,0.46023164787141263,125b,125b
a80b46b6d1,88c293654f,Brass,Nickel,0,0.4570200667531704,125b,125b
88c293654f,8197f401c9,Nickel,Nickel,0,0.4421883293601662,125b,125b
8197f401c9,88c293654f,Nickel,Nickel,0,0.4423328709997526,125b,125b
88c293654f,bf77a5ca9b,Nickel,Brass,0,0.7830501509149013,125b,125b
bf77a5ca9b,88c293654f,Brass,Nickel,0,0.7823541063366312,125b,125b
88c293654f,a3b1085bea,Nickel,Brass,0,0.7724727961968709,125b,125b
a3b1085bea,88c293654f,Brass,Nickel,0,0.6881604648111751,125b,125b
88c293654f,803e2e304c,Nickel,Nickel,0,0.777450454850142,125b,125b
803e2e304c,88c293654f,Nickel,Nickel,0,0.7775100715959714,125b,125b
88c293654f,5187134316,Nickel,Brass,0,0.7239306718904972,125b,125b
5187134316,88c293654f,Brass,Nickel,0,0.7243404825559646,125b,125b
88c293654f,6e46d2b898,Nickel,Brass,0,0.5575803103149288,125b,125b
6e46d2b898,88c293654f,Brass,Nickel,0,0.557351737300398,125b,125b
88c293654f,db4804f266,Nickel,Nickel,0,0.7215595246829689,125b,125b
db4804f266,88c293654f,Nickel,Nickel,0,0.7215187991978873,125b,125b
88c293654f,a54ce43a84,Nickel,Nickel,0,0.719604211069993,125b,125b
a54ce43a84,88c293654f,Nickel,Nickel,0,0.7196098603238646,125b,125b
88c293654f,0db08b7f9e,Nickel,Nickel,0,0.7473196913251967,125b,125b
0db08b7f9e,88c293654f,Nickel,Nickel,0,0.7478295847813623,125b,125b
88c293654f,9c6504e345,Nickel,Brass,0,0.5608359691779191,125b,125b
9c6504e345,88c293654f,Brass,Nickel,0,0.6189010691753403,125b,125b
88c293654f,3443ea5ba5,Nickel,Brass,0,0.6252398748485898,125b,125b
3443ea5ba5,88c293654f,Brass,Nickel,0,0.6244775874913612,125b,125b
88c293654f,1f2544214d,Nickel,Nickel,0,0.4409694424825342,125b,125b
1f2544214d,88c293654f,Nickel,Nickel,0,0.4406380310890789,125b,125b
88c293654f,0e45ff7118,Nickel,Brass,0,0.5212495181175429,125b,125b
0e45ff7118,88c293654f,Brass,Nickel,0,0.5205805479875181,125b,125b
88c293654f,c2081b71be,Nickel,Nickel,0,0.7606951540755867,125b,125b
c2081b71be,88c293654f,Nickel,Nickel,0,0.7613919809205663,125b,125b
88c293654f,4e0193ff9e,Nickel,Nickel,0,0.4471598245967645,125b,125b
4e0193ff9e,88c293654f,Nickel,Nickel,0,0.4475853928228025,125b,125b
88c293654f,2d95605114,Nickel,Brass,0,0.6798925375159645,125b,fcc2
2d95605114,88c293654f,Brass,Nickel,0,0.6800888389939174,fcc2,125b
88c293654f,84106ae247,Nickel,Nickel,0,0.5809730581217714,125b,fcc2
84106ae247,88c293654f,Nickel,Nickel,0,0.5813830925443584,fcc2,125b
88c293654f,eb358a4d60,Nickel,Brass,0,0.5235378163614895,125b,fcc2
eb358a4d60,88c293654f,Brass,Nickel,0,0.5231222130938291,fcc2,125b
88c293654f,5d25cd3446,Nickel,Nickel,0,0.6487351479270113,125b,fcc2
5d25cd3446,88c293654f,Nickel,Nickel,0,0.6486995410890718,fcc2,125b
88c293654f,5b23b59131,Nickel,Brass,0,0.7422331569983858,125b,fcc2
5b23b59131,88c293654f,Brass,Nickel,0,0.7425555236841491,fcc2,125b
88c293654f,a672c8a1fa,Nickel,Brass,0,0.7100170384507632,125b,fcc2
a672c8a1fa,88c293654f,Brass,Nickel,0,0.7098743666096361,fcc2,125b
88c293654f,247918f662,Nickel,Nickel,0,0.7690094613201163,125b,fcc2
247918f662,88c293654f,Nickel,Nickel,0,0.768902152563848,fcc2,125b
d5070cee0f,27c03bf211,Nickel,Nickel,0,0.4534684872302333,125b,125b
27c03bf211,d5070cee0f,Nickel,Nickel,0,0.45454808445927497,125b,125b
d5070cee0f,a80b46b6d1,Nickel,Brass,0,0.42840395834764256,125b,125b
a80b46b6d1,d5070cee0f,Brass,Nickel,0,0.4285275192579028,125b,125b
d5070cee0f,8197f401c9,Nickel,Nickel,0,0.5335057901857931,125b,125b
8197f401c9,d5070cee0f,Nickel,Nickel,0,0.532762839276926,125b,125b
d5070cee0f,bf77a5ca9b,Nickel,Brass,0,0.6321884452248236,125b,125b
bf77a5ca9b,d5070cee0f,Brass,Nickel,0,0.6319055199702684,125b,125b
d5070cee0f,a3b1085bea,Nickel,Brass,0,0.50569147273796,125b,125b
a3b1085bea,d5070cee0f,Brass,Nickel,0,0.5049234350829059,125b,125b
d5070cee0f,803e2e304c,Nickel,Nickel,0,0.6066126412178586,125b,125b
803e2e304c,d5070cee0f,Nickel,Nickel,0,0.6073480832497855,125b,125b
d5070cee0f,5187134316,Nickel,Brass,0,0.5902138626221468,125b,125b
5187134316,d5070cee0f,Brass,Nickel,0,0.5904374451969997,125b,125b
d5070cee0f,6e46d2b898,Nickel,Brass,0,0.4909311543507079,125b,125b
6e46d2b898,d5070cee0f,Brass,Nickel,0,0.4904659887549067,125b,125b
d5070cee0f,db4804f266,Nickel,Nickel,0,0.41341324288375264,125b,125b
db4804f266,d5070cee0f,Nickel,Nickel,0,0.4135283185457249,125b,125b
d5070cee0f,a54ce43a84,Nickel,Nickel,0,0.5710867135876619,125b,125b
a54ce43a84,d5070cee0f,Nickel,Nickel,0,0.5713150279505215,125b,125b
d5070cee0f,0db08b7f9e,Nickel,Nickel,0,0.5637512592738022,125b,125b
0db08b7f9e,d5070cee0f,Nickel,Nickel,0,0.5635635260742019,125b,125b
d5070cee0f,9c6504e345,Nickel,Brass,0,0.5940359012665906,125b,125b
9c6504e345,d5070cee0f,Brass,Nickel,0,0.545958358935558,125b,125b
d5070cee0f,3443ea5ba5,Nickel,Brass,0,0.4986904186547591,125b,125b
3443ea5ba5,d5070cee0f,Brass,Nickel,0,0.49881075945531994,125b,125b
d5070cee0f,1f2544214d,Nickel,Nickel,0,0.5335050001493801,125b,125b
1f2544214d,d5070cee0f,Nickel,Nickel,0,0.5334941004479431,125b,125b
d5070cee0f,0e45ff7118,Nickel,Brass,0,0.7647391177103722,125b,125b
0e45ff7118,d5070cee0f,Brass,Nickel,0,0.7732582139362765,125b,125b
d5070cee0f,c2081b71be,Nickel,Nickel,0,0.4929219232385674,125b,125b
c2081b71be,d5070cee0f,Nickel,Nickel,0,0.4927236891769124,125b,125b
d5070cee0f,4e0193ff9e,Nickel,Nickel,0,0.47365431917196765,125b,125b
4e0193ff9e,d5070cee0f,Nickel,Nickel,0,0.473536117705943,125b,125b
d5070cee0f,2d95605114,Nickel,Brass,0,0.5414749698743225,125b,fcc2
2d95605114,d5070cee0f,Brass,Nickel,0,0.5409443963906427,fcc2,125b
d5070cee0f,84106ae247,Nickel,Nickel,0,0.4389795676600194,125b,fcc2
84106ae247,d5070cee0f,Nickel,Nickel,0,0.439277199481486,fcc2,125b
d5070cee0f,eb358a4d60,Nickel,Brass,0,0.5266679665757105,125b,fcc2
eb358a4d60,d5070cee0f,Brass,Nickel,0,0.526614164439959,fcc2,125b
d5070cee0f,5d25cd3446,Nickel,Nickel,0,0.5305047792503838,125b,fcc2
5d25cd3446,d5070cee0f,Nickel,Nickel,0,0.5308723198646189,fcc2,125b
d5070cee0f,5b23b59131,Nickel,Brass,0,0.4357474470327804,125b,fcc2
5b23b59131,d5070cee0f,Brass,Nickel,0,0.43589070209862546,fcc2,125b
d5070cee0f,a672c8a1fa,Nickel,Brass,0,0.5879543369073609,125b,fcc2
a672c8a1fa,d5070cee0f,Brass,Nickel,0,0.5884401866610282,fcc2,125b
d5070cee0f,247918f662,Nickel,Nickel,0,0.47654224984836313,125b,fcc2
247918f662,d5070cee0f,Nickel,Nickel,0,0.47699679499696107,fcc2,125b
27c03bf211,a80b46b6d1,Nickel,Brass,0,0.512920905704849,125b,125b
a80b46b6d1,27c03bf211,Brass,Nickel,0,0.5135214122357001,125b,125b
27c03bf211,8197f401c9,Nickel,Nickel,0,0.3877459373727492,125b,125b
8197f401c9,27c03bf211,Nickel,Nickel,0,0.38663918550003423,125b,125b
27c03bf211,bf77a5ca9b,Nickel,Brass,0,0.3955074027325425,125b,125b
bf77a5ca9b,27c03bf211,Brass,Nickel,0,0.3954266045483745,125b,125b
27c03bf211,a3b1085bea,Nickel,Brass,0,0.5843898684689373,125b,125b
a3b1085bea,27c03bf211,Brass,Nickel,0,0.5843898684689374,125b,125b
27c03bf211,803e2e304c,Nickel,Nickel,0,0.4653203217099071,125b,125b
803e2e304c,27c03bf211,Nickel,Nickel,0,0.46488385267461635,125b,125b
27c03bf211,5187134316,Nickel,Brass,0,0.7217320427436086,125b,125b
5187134316,27c03bf211,Brass,Nickel,0,0.6747925529614522,125b,125b
27c03bf211,6e46d2b898,Nickel,Brass,0,0.5243539229633323,125b,125b
6e46d2b898,27c03bf211,Brass,Nickel,0,0.5242235140639172,125b,125b
27c03bf211,db4804f266,Nickel,Nickel,0,0.6346999104131776,125b,125b
db4804f266,27c03bf211,Nickel,Nickel,0,0.6342497155376107,125b,125b
27c03bf211,a54ce43a84,Nickel,Nickel,0,0.5779741064268189,125b,125b
a54ce43a84,27c03bf211,Nickel,Nickel,0,0.5772551536028683,125b,125b
27c03bf211,0db08b7f9e,Nickel,Nickel,0,0.6361437481093487,125b,125b
0db08b7f9e,27c03bf211,Nickel,Nickel,0,0.6342723539554326,125b,125b
27c03bf211,9c6504e345,Nickel,Brass,0,0.6204898965271082,125b,125b
9c6504e345,27c03bf211,Brass,Nickel,0,0.6213387103262344,125b,125b
27c03bf211,3443ea5ba5,Nickel,Brass,0,0.5638640841150799,125b,125b
3443ea5ba5,27c03bf211,Brass,Nickel,0,0.5598098599307603,125b,125b
27c03bf211,1f2544214d,Nickel,Nickel,0,0.6615761047383149,125b,125b
1f2544214d,27c03bf211,Nickel,Nickel,0,0.6614353567927441,125b,125b
27c03bf211,0e45ff7118,Nickel,Brass,0,0.5896602535838426,125b,125b
0e45ff7118,27c03bf211,Brass,Nickel,0,0.5892424740922773,125b,125b
27c03bf211,c2081b71be,Nickel,Nickel,0,0.6411649642576559,125b,125b
c2081b71be,27c03bf211,Nickel,Nickel,0,0.6410746358560662,125b,125b
27c03bf211,4e0193ff9e,Nickel,Nickel,0,0.4854794699609375,125b,125b
4e0193ff9e,27c03bf211,Nickel,Nickel,0,0.48532651656412684,125b,125b
27c03bf211,2d95605114,Nickel,Brass,0,0.5963189630715965,125b,fcc2
2d95605114,27c03bf211,Brass,Nickel,0,0.5961162232501656,fcc2,125b
27c03bf211,84106ae247,Nickel,Nickel,0,0.6247590787039186,125b,fcc2
84106ae247,27c03bf211,Nickel,Nickel,0,0.6248169334392542,fcc2,125b
27c03bf211,eb358a4d60,Nickel,Brass,0,0.5064280979688053,125b,fcc2
eb358a4d60,27c03bf211,Brass,Nickel,0,0.5052388635171915,fcc2,125b
27c03bf211,5d25cd3446,Nickel,Nickel,0,0.6847963738482847,125b,fcc2
5d25cd3446,27c03bf211,Nickel,Nickel,0,0.6847963738482847,fcc2,125b
27c03bf211,5b23b59131,Nickel,Brass,0,0.6414976058555797,125b,fcc2
5b23b59131,27c03bf211,Brass,Nickel,0,0.6413127139447162,fcc2,125b
27c03bf211,a672c8a1fa,Nickel,Brass,0,0.41268485286714485,125b,fcc2
a672c8a1fa,27c03bf211,Brass,Nickel,0,0.4126158757614356,fcc2,125b
27c03bf211,247918f662,Nickel,Nickel,0,0.39727786126323766,125b,fcc2
247918f662,27c03bf211,Nickel,Nickel,0,0.39716089671068716,fcc2,125b
a80b46b6d1,8197f401c9,Brass,Nickel,0,0.4847081242190731,125b,125b
8197f401c9,a80b46b6d1,Nickel,Brass,0,0.48454313146999917,125b,125b
a80b46b6d1,bf77a5ca9b,Brass,Brass,0,0.525616563990852,125b,125b
bf77a5ca9b,a80b46b6d1,Brass,Brass,0,0.5273105904764539,125b,125b
a80b46b6d1,a3b1085bea,Brass,Brass,0,0.5626230159058669,125b,125b
a3b1085bea,a80b46b6d1,Brass,Brass,0,0.5622528589029995,125b,125b
a80b46b6d1,803e2e304c,Brass,Nickel,0,0.5423381977469524,125b,125b
803e2e304c,a80b46b6d1,Nickel,Brass,0,0.5416642230995569,125b,125b
a80b46b6d1,5187134316,Brass,Brass,0,0.5994804424532831,125b,125b
5187134316,a80b46b6d1,Brass,Brass,0,0.5996236680630324,125b,125b
a80b46b6d1,6e46d2b898,Brass,Brass,0,0.5405607475087301,125b,125b
6e46d2b898,a80b46b6d1,Brass,Brass,0,0.5401545483146771,125b,125b
a80b46b6d1,db4804f266,Brass,Nickel,0,0.7175273476699988,125b,125b
db4804f266,a80b46b6d1,Nickel,Brass,0,0.7173733386006237,125b,125b
a80b46b6d1,a54ce43a84,Brass,Nickel,0,0.6229323956516182,125b,125b
a54ce43a84,a80b46b6d1,Nickel,Brass,0,0.6221377220424452,125b,125b
a80b46b6d1,0db08b7f9e,Brass,Nickel,0,0.5897610686075794,125b,125b
0db08b7f9e,a80b46b6d1,Nickel,Brass,0,0.5894238717490261,125b,125b
a80b46b6d1,9c6504e345,Brass,Brass,0,0.6963465445196098,125b,125b
9c6504e345,a80b46b6d1,Brass,Brass,0,0.6964602862400279,125b,125b
a80b46b6d1,3443ea5ba5,Brass,Brass,0,0.5284776323834954,125b,125b
3443ea5ba5,a80b46b6d1,Brass,Brass,0,0.5268537615416692,125b,125b
a80b46b6d1,1f2544214d,Brass,Nickel,0,0.5591413809801206,125b,125b
1f2544214d,a80b46b6d1,Nickel,Brass,0,0.5588701433659757,125b,125b
a80b46b6d1,0e45ff7118,Brass,Brass,0,0.4893407549502678,125b,125b
0e45ff7118,a80b46b6d1,Brass,Brass,0,0.4893437282874725,125b,125b
a80b46b6d1,c2081b71be,Brass,Nickel,0,0.5086581571161725,125b,125b
c2081b71be,a80b46b6d1,Nickel,Brass,0,0.5083970597584923,125b,125b
a80b46b6d1,4e0193ff9e,Brass,Nickel,0,0.502824046422866,125b,125b
4e0193ff9e,a80b46b6d1,Nickel,Brass,0,0.5028240464228659,125b,125b
a80b46b6d1,2d95605114,Brass,Brass,0,0.608793280318494,125b,fcc2
2d95605114,a80b46b6d1,Brass,Brass,0,0.6090193490967438,fcc2,125b
a80b46b6d1,84106ae247,Brass,Nickel,0,0.6044753160768631,125b,fcc2
84106ae247,a80b46b6d1,Nickel,Brass,0,0.6043262084951135,fcc2,125b
a80b46b6d1,eb358a4d60,Brass,Brass,0,0.5118582950582414,125b,fcc2
eb358a4d60,a80b46b6d1,Brass,Brass,0,0.511778341010055,fcc2,125b
a80b46b6d1,5d25cd3446,Brass,Nickel,0,0.5689495815329726,125b,fcc2
5d25cd3446,a80b46b6d1,Nickel,Brass,0,0.5683872656615244,fcc2,125b
a80b46b6d1,5b23b59131,Brass,Brass,0,0.6080369974047367,125b,fcc2
5b23b59131,a80b46b6d1,Brass,Brass,0,0.6078229476612363,fcc2,125b
a80b46b6d1,a672c8a1fa,Brass,Brass,0,0.4713880922955065,125b,fcc2
a672c8a1fa,a80b46b6d1,Brass,Brass,0,0.4707004207001541,fcc2,125b
a80b46b6d1,247918f662,Brass,Nickel,0,0.6447930266762831,125b,fcc2
247918f662,a80b46b6d1,Nickel,Brass,0,0.6443943940335041,fcc2,125b
8197f401c9,bf77a5ca9b,Nickel,Brass,0,0.31741128533712804,125b,125b
bf77a5ca9b,8197f401c9,Brass,Nickel,0,0.3173062409232106,125b,125b
8197f401c9,a3b1085bea,Nickel,Brass,0,0.3742915091044,125b,125b
a3b1085bea,8197f401c9,Brass,Nickel,0,0.37426974917420097,125b,125b
8197f401c9,803e2e304c,Nickel,Nickel,0,0.40429843735802007,125b,125b
803e2e304c,8197f401c9,Nickel,Nickel,0,0.4044928580440503,125b,125b
8197f401c9,5187134316,Nickel,Brass,0,0.36231108085756997,125b,125b
5187134316,8197f401c9,Brass,Nickel,0,0.36225579219755455,125b,125b
8197f401c9,6e46d2b898,Nickel,Brass,0,0.4266361785552845,125b,125b
6e46d2b898,8197f401c9,Brass,Nickel,0,0.42671879405454727,125b,125b
8197f401c9,db4804f266,Nickel,Nickel,0,0.471740432798366,125b,125b
db4804f266,8197f401c9,Nickel,Nickel,0,0.4714417098614917,125b,125b
8197f401c9,a54ce43a84,Nickel,Nickel,0,0.5617418588766708,125b,125b
a54ce43a84,8197f401c9,Nickel,Nickel,0,0.5616640893324402,125b,125b
8197f401c9,0db08b7f9e,Nickel,Nickel,0,0.4876239649838524,125b,125b
0db08b7f9e,8197f401c9,Nickel,Nickel,0,0.4869836185144587,125b,125b
8197f401c9,9c6504e345,Nickel,Brass,0,0.4711126143962317,125b,125b
9c6504e345,8197f401c9,Brass,Nickel,0,0.4708378667730259,125b,125b
8197f401c9,3443ea5ba5,Nickel,Brass,0,0.44975428376544063,125b,125b
3443ea5ba5,8197f401c9,Brass,Nickel,0,0.44974848776526155,125b,125b
8197f401c9,1f2544214d,Nickel,Nickel,0,0.4718732075927951,125b,125b
1f2544214d,8197f401c9,Nickel,Nickel,0,0.4725386687578351,125b,125b
8197f401c9,0e45ff7118,Nickel,Brass,0,0.5659686220930692,125b,125b
0e45ff7118,8197f401c9,Brass,Nickel,0,0.566025252203237,125b,125b
8197f401c9,c2081b71be,Nickel,Nickel,0,0.417349310532897,125b,125b
c2081b71be,8197f401c9,Nickel,Nickel,0,0.4149880895782325,125b,125b
8197f401c9,4e0193ff9e,Nickel,Nickel,0,0.48214768537311964,125b,125b
4e0193ff9e,8197f401c9,Nickel,Nickel,0,0.4842189565802827,125b,125b
8197f401c9,2d95605114,Nickel,Brass,0,0.4073384769889837,125b,fcc2
2d95605114,8197f401c9,Brass,Nickel,0,0.40746040604581196,fcc2,125b
8197f401c9,84106ae247,Nickel,Nickel,0,0.5666856121985394,125b,fcc2
84106ae247,8197f401c9,Nickel,Nickel,0,0.5616247669198878,fcc2,125b
8197f401c9,eb358a4d60,Nickel,Brass,0,0.5291696911791565,125b,fcc2
eb358a4d60,8197f401c9,Brass,Nickel,0,0.5289916452821546,fcc2,125b
8197f401c9,5d25cd3446,Nickel,Nickel,0,0.6190564711522963,125b,fcc2
5d25cd3446,8197f401c9,Nickel,Nickel,0,0.6190564711522969,fcc2,125b
8197f401c9,5b23b59131,Nickel,Brass,0,0.40678287490830467,125b,fcc2
5b23b59131,8197f401c9,Brass,Nickel,0,0.40662146476574906,fcc2,125b
8197f401c9,a672c8a1fa,Nickel,Brass,0,0.40227502241837554,125b,fcc2
a672c8a1fa,8197f401c9,Brass,Nickel,0,0.4022750224183756,fcc2,125b
8197f401c9,247918f662,Nickel,Nickel,0,0.48854108058355067,125b,fcc2
247918f662,8197f401c9,Nickel,Nickel,0,0.48777897772600887,fcc2,125b
bf77a5ca9b,a3b1085bea,Brass,Brass,0,0.49232344822427526,125b,125b
a3b1085bea,bf77a5ca9b,Brass,Brass,0,0.49232344822427554,125b,125b
bf77a5ca9b,803e2e304c,Brass,Nickel,0,0.5438989744635704,125b,125b
803e2e304c,bf77a5ca9b,Nickel,Brass,0,0.5442636390739916,125b,125b
bf77a5ca9b,5187134316,Brass,Brass,0,0.5181016230699834,125b,125b
5187134316,bf77a5ca9b,Brass,Brass,0,0.5174151021105337,125b,125b
bf77a5ca9b,6e46d2b898,Brass,Brass,0,0.5904682825619307,125b,125b
6e46d2b898,bf77a5ca9b,Brass,Brass,0,0.5907784100903692,125b,125b
bf77a5ca9b,db4804f266,Brass,Nickel,0,0.6449207401601361,125b,125b
db4804f266,bf77a5ca9b,Nickel,Brass,0,0.6449401232610352,125b,125b
bf77a5ca9b,a54ce43a84,Brass,Nickel,0,0.7553515782269549,125b,125b
a54ce43a84,bf77a5ca9b,Nickel,Brass,0,0.7552487712849493,125b,125b
bf77a5ca9b,0db08b7f9e,Brass,Nickel,0,0.6070029427243312,125b,125b
0db08b7f9e,bf77a5ca9b,Nickel,Brass,0,0.6070327720176331,125b,125b
bf77a5ca9b,9c6504e345,Brass,Brass,0,0.4977435385147426,125b,125b
9c6504e345,bf77a5ca9b,Brass,Brass,0,0.49842437543543666,125b,125b
bf77a5ca9b,3443ea5ba5,Brass,Brass,0,0.40069825603719217,125b,125b
3443ea5ba5,bf77a5ca9b,Brass,Brass,0,0.4005649747449006,125b,125b
bf77a5ca9b,1f2544214d,Brass,Nickel,0,0.4729326010313168,125b,125b
1f2544214d,bf77a5ca9b,Nickel,Brass,0,0.4726385984182912,125b,125b
bf77a5ca9b,0e45ff7118,Brass,Brass,0,0.6716972156695082,125b,125b
0e45ff7118,bf77a5ca9b,Brass,Brass,0,0.6673235723066727,125b,125b
bf77a5ca9b,c2081b71be,Brass,Nickel,0,0.5976135849298372,125b,125b
c2081b71be,bf77a5ca9b,Nickel,Brass,0,0.5976135849298371,125b,125b
bf77a5ca9b,4e0193ff9e,Brass,Nickel,0,0.5896566017951826,125b,125b
4e0193ff9e,bf77a5ca9b,Nickel,Brass,0,0.6133571873675179,125b,125b
bf77a5ca9b,2d95605114,Brass,Brass,0,0.6106028531693305,125b,fcc2
2d95605114,bf77a5ca9b,Brass,Brass,0,0.6105859378914108,fcc2,125b
bf77a5ca9b,84106ae247,Brass,Nickel,0,0.4788973887396043,125b,fcc2
84106ae247,bf77a5ca9b,Nickel,Brass,0,0.47890141210533704,fcc2,125b
bf77a5ca9b,eb358a4d60,Brass,Brass,0,0.6528303725629759,125b,fcc2
eb358a4d60,bf77a5ca9b,Brass,Brass,0,0.6526990430861974,fcc2,125b
bf77a5ca9b,5d25cd3446,Brass,Nickel,0,0.5280819524865652,125b,fcc2
5d25cd3446,bf77a5ca9b,Nickel,Brass,0,0.5280278822220111,fcc2,125b
bf77a5ca9b,5b23b59131,Brass,Brass,0,0.6263669920343465,125b,fcc2
5b23b59131,bf77a5ca9b,Brass,Brass,0,0.6262131106341172,fcc2,125b
bf77a5ca9b,a672c8a1fa,Brass,Brass,0,0.7153865488955964,125b,fcc2
a672c8a1fa,bf77a5ca9b,Brass,Brass,0,0.7152201193601273,fcc2,125b
bf77a5ca9b,247918f662,Brass,Nickel,0,0.48804815001465757,125b,fcc2
247918f662,bf77a5ca9b,Nickel,Brass,0,0.48783001055227293,fcc2,125b
a3b1085bea,803e2e304c,Brass,Nickel,0,0.6440991653361396,125b,125b
803e2e304c,a3b1085bea,Nickel,Brass,0,0.6446356569129956,125b,125b
a3b1085bea,5187134316,Brass,Brass,0,0.7283551101759487,125b,125b
5187134316,a3b1085bea,Brass,Brass,0,0.728119653278681,125b,125b
a3b1085bea,6e46d2b898,Brass,Brass,0,0.4398179247696942,125b,125b
6e46d2b898,a3b1085bea,Brass,Brass,0,0.44007958315920237,125b,125b
a3b1085bea,db4804f266,Brass,Nickel,0,0.5955219755894741,125b,125b
db4804f266,a3b1085bea,Nickel,Brass,0,0.5950407380597649,125b,125b
a3b1085bea,a54ce43a84,Brass,Nickel,0,0.6190025420397792,125b,125b
a54ce43a84,a3b1085bea,Nickel,Brass,0,0.6204864845531795,125b,125b
a3b1085bea,0db08b7f9e,Brass,Nickel,0,0.6380938096580286,125b,125b
0db08b7f9e,a3b1085bea,Nickel,Brass,0,0.6380554279805998,125b,125b
a3b1085bea,9c6504e345,Brass,Brass,0,0.5956991250339349,125b,125b
9c6504e345,a3b1085bea,Brass,Brass,0,0.5959629970026852,125b,125b
a3b1085bea,3443ea5ba5,Brass,Brass,0,0.473649415406495,125b,125b
3443ea5ba5,a3b1085bea,Brass,Brass,0,0.4734200509806025,125b,125b
a3b1085bea,1f2544214d,Brass,Nickel,0,0.48577028707380643,125b,125b
1f2544214d,a3b1085bea,Nickel,Brass,0,0.4857119253642161,125b,125b
a3b1085bea,0e45ff7118,Brass,Brass,0,0.6633480797284207,125b,125b
0e45ff7118,a3b1085bea,Brass,Brass,0,0.6634211321274198,125b,125b
a3b1085bea,c2081b71be,Brass,Nickel,0,0.683497448506325,125b,125b
c2081b71be,a3b1085bea,Nickel,Brass,0,0.683191843479651,125b,125b
a3b1085bea,4e0193ff9e,Brass,Nickel,0,0.6455400542989713,125b,125b
4e0193ff9e,a3b1085bea,Nickel,Brass,0,0.6466996966236432,125b,125b
a3b1085bea,2d95605114,Brass,Brass,0,0.574068768661181,125b,fcc2
2d95605114,a3b1085bea,Brass,Brass,0,0.5741083120330249,fcc2,125b
a3b1085bea,84106ae247,Brass,Nickel,0,0.8045054256167251,125b,fcc2
84106ae247,a3b1085bea,Nickel,Brass,0,0.8045686300886847,fcc2,125b
a3b1085bea,eb358a4d60,Brass,Brass,0,0.5388280400136876,125b,fcc2
eb358a4d60,a3b1085bea,Brass,Brass,0,0.5387845993470374,fcc2,125b
a3b1085bea,5d25cd3446,Brass,Nickel,0,0.7227470987269111,125b,fcc2
5d25cd3446,a3b1085bea,Nickel,Brass,0,0.7571347073696655,fcc2,125b
a3b1085bea,5b23b59131,Brass,Brass,0,0.6091887527581403,125b,fcc2
5b23b59131,a3b1085bea,Brass,Brass,0,0.6086940450076712,fcc2,125b
a3b1085bea,a672c8a1fa,Brass,Brass,0,0.653470996639094,125b,fcc2
a672c8a1fa,a3b1085bea,Brass,Brass,0,0.6535423596048331,fcc2,125b
a3b1085bea,247918f662,Brass,Nickel,0,0.4944310006048443,125b,fcc2
247918f662,a3b1085bea,Nickel,Brass,0,0.49422136773066366,fcc2,125b
803e2e304c,5187134316,Nickel,Brass,0,0.5902732304585451,125b,125b
5187134316,803e2e304c,Brass,Nickel,0,0.5898387307931908,125b,125b
803e2e304c,6e46d2b898,Nickel,Brass,0,0.6294203272710865,125b,125b
6e46d2b898,803e2e304c,Brass,Nickel,0,0.629869093114379,125b,125b
803e2e304c,db4804f266,Nickel,Nickel,0,0.6165107244286173,125b,125b
db4804f266,803e2e304c,Nickel,Nickel,0,0.6165509050661552,125b,125b
803e2e304c,a54ce43a84,Nickel,Nickel,0,0.5215186195948193,125b,125b
a54ce43a84,803e2e304c,Nickel,Nickel,0,0.5213699114436351,125b,125b
803e2e304c,0db08b7f9e,Nickel,Nickel,0,0.46314939394069227,125b,125b
0db08b7f9e,803e2e304c,Nickel,Nickel,0,0.4633197394264571,125b,125b
803e2e304c,9c6504e345,Nickel,Brass,0,0.729795768511715,125b,125b
9c6504e345,803e2e304c,Brass,Nickel,0,0.7293872278777761,125b,125b
803e2e304c,3443ea5ba5,Nickel,Brass,0,0.458395416565906,125b,125b
3443ea5ba5,803e2e304c,Brass,Nickel,0,0.4585798230127088,125b,125b
803e2e304c,1f2544214d,Nickel,Nickel,0,0.46861811839223083,125b,125b
1f2544214d,803e2e304c,Nickel,Nickel,0,0.5643052640832514,125b,125b
803e2e304c,0e45ff7118,Nickel,Brass,0,0.6103339082646846,125b,125b
0e45ff7118,803e2e304c,Brass,Nickel,0,0.610332268341705,125b,125b
803e2e304c,c2081b71be,Nickel,Nickel,0,0.5195131118904964,125b,125b
c2081b71be,803e2e304c,Nickel,Nickel,0,0.5191297220092478,125b,125b
803e2e304c,4e0193ff9e,Nickel,Nickel,0,0.5625907800998143,125b,125b
4e0193ff9e,803e2e304c,Nickel,Nickel,0,0.5623983502395877,125b,125b
803e2e304c,2d95605114,Nickel,Brass,0,0.5140235844164175,125b,fcc2
2d95605114,803e2e304c,Brass,Nickel,0,0.5140235844164173,fcc2,125b
803e2e304c,84106ae247,Nickel,Nickel,0,0.7014995501866359,125b,fcc2
84106ae247,803e2e304c,Nickel,Nickel,0,0.7015079625171179,fcc2,125b
803e2e304c,eb358a4d60,Nickel,Brass,0,0.5089355731862951,125b,fcc2
eb358a4d60,803e2e304c,Brass,Nickel,0,0.5091201193559292,fcc2,125b
803e2e304c,5d25cd3446,Nickel,Nickel,0,0.4238616578184124,125b,fcc2
5d25cd3446,803e2e304c,Nickel,Nickel,0,0.42279053734824906,fcc2,125b
803e2e304c,5b23b59131,Nickel,Brass,0,0.43459059525436755,125b,fcc2
5b23b59131,803e2e304c,Brass,Nickel,0,0.4347473442044245,fcc2,125b
803e2e304c,a672c8a1fa,Nickel,Brass,0,0.3569259461457031,125b,fcc2
a672c8a1fa,803e2e304c,Brass,Nickel,0,0.3562444636492474,fcc2,125b
803e2e304c,247918f662,Nickel,Nickel,0,0.5962066128812521,125b,fcc2
247918f662,803e2e304c,Nickel,Nickel,0,0.5964198832927607,fcc2,125b
5187134316,6e46d2b898,Brass,Brass,0,0.40356529612432945,125b,125b
6e46d2b898,5187134316,Brass,Brass,0,0.4022551895542986,125b,125b
5187134316,db4804f266,Brass,Nickel,0,0.6421429635847117,125b,125b
db4804f266,5187134316,Nickel,Brass,0,0.6421268070105237,125b,125b
5187134316,a54ce43a84,Brass,Nickel,0,0.6520182383077048,125b,125b
a54ce43a84,5187134316,Nickel,Brass,0,0.6520087464626878,125b,125b
5187134316,0db08b7f9e,Brass,Nickel,0,0.5409449839247751,125b,125b
0db08b7f9e,5187134316,Nickel,Brass,0,0.5387363321632823,125b,125b
5187134316,9c6504e345,Brass,Brass,0,0.6773969945486644,125b,125b
9c6504e345,5187134316,Brass,Brass,0,0.6772067733346796,125b,125b
5187134316,3443ea5ba5,Brass,Brass,0,0.5811735284113888,125b,125b
3443ea5ba5,5187134316,Brass,Brass,0,0.5806330415526579,125b,125b
5187134316,1f2544214d,Brass,Nickel,0,0.546479255785488,125b,125b
1f2544214d,5187134316,Nickel,Brass,0,0.5464792557854877,125b,125b
5187134316,0e45ff7118,Brass,Brass,0,0.6535789353863685,125b,125b
0e45ff7118,5187134316,Brass,Brass,0,0.6533634716890985,125b,125b
5187134316,c2081b71be,Brass,Nickel,0,0.4999973440016781,125b,125b
c2081b71be,5187134316,Nickel,Brass,0,0.5003196313033754,125b,125b
5187134316,4e0193ff9e,Brass,Nickel,0,0.5297077022984403,125b,125b
4e0193ff9e,5187134316,Nickel,Brass,0,0.5287316146532434,125b,125b
5187134316,2d95605114,Brass,Brass,0,0.6531106860778375,125b,fcc2
2d95605114,5187134316,Brass,Brass,0,0.653149191675304,fcc2,125b
5187134316,84106ae247,Brass,Nickel,0,0.8237982075854462,125b,fcc2
84106ae247,5187134316,Nickel,Brass,0,0.8237982075854463,fcc2,125b
5187134316,eb358a4d60,Brass,Brass,0,0.4872935108876775,125b,fcc2
eb358a4d60,5187134316,Brass,Brass,0,0.4870574358309283,fcc2,125b
5187134316,5d25cd3446,Brass,Nickel,0,0.6371276816541693,125b,fcc2
5d25cd3446,5187134316,Nickel,Brass,0,0.6361670477727898,fcc2,125b
5187134316,5b23b59131,Brass,Brass,0,0.5504173184134195,125b,fcc2
5b23b59131,5187134316,Brass,Brass,0,0.5506593809350634,fcc2,125b
5187134316,a672c8a1fa,Brass,Brass,0,0.650005886493131,125b,fcc2
a672c8a1fa,5187134316,Brass,Brass,0,0.6509178457423301,fcc2,125b
5187134316,247918f662,Brass,Nickel,0,0.5709293682519961,125b,fcc2
247918f662,5187134316,Nickel,Brass,0,0.5709166460314887,fcc2,125b
6e46d2b898,db4804f266,Brass,Nickel,0,0.5733876515664251,125b,125b
db4804f266,6e46d2b898,Nickel,Brass,0,0.5565346504026594,125b,125b
6e46d2b898,a54ce43a84,Brass,Nickel,0,0.5558000517373093,125b,125b
a54ce43a84,6e46d2b898,Nickel,Brass,0,0.5557577100063028,125b,125b
6e46d2b898,0db08b7f9e,Brass,Nickel,0,0.47979995646310175,125b,125b
0db08b7f9e,6e46d2b898,Nickel,Brass,0,0.48055204588085604,125b,125b
6e46d2b898,9c6504e345,Brass,Brass,0,0.5335611623263885,125b,125b
9c6504e345,6e46d2b898,Brass,Brass,0,0.533611688933534,125b,125b
6e46d2b898,3443ea5ba5,Brass,Brass,0,0.5899773573905792,125b,125b
3443ea5ba5,6e46d2b898,Brass,Brass,0,0.5897607534686885,125b,125b
6e46d2b898,1f2544214d,Brass,Nickel,0,0.5152208761593133,125b,125b
1f2544214d,6e46d2b898,Nickel,Brass,0,0.5153523371167945,125b,125b
6e46d2b898,0e45ff7118,Brass,Brass,0,0.693661355639747,125b,125b
0e45ff7118,6e46d2b898,Brass,Brass,0,0.6932555359133472,125b,125b
6e46d2b898,c2081b71be,Brass,Nickel,0,0.6149112208933692,125b,125b
c2081b71be,6e46d2b898,Nickel,Brass,0,0.6148022275314468,125b,125b
6e46d2b898,4e0193ff9e,Brass,Nickel,0,0.5353588910426594,125b,125b
4e0193ff9e,6e46d2b898,Nickel,Brass,0,0.5350135269402286,125b,125b
6e46d2b898,2d95605114,Brass,Brass,0,0.5138685699384271,125b,fcc2
2d95605114,6e46d2b898,Brass,Brass,0,0.5134983250615271,fcc2,125b
6e46d2b898,84106ae247,Brass,Nickel,0,0.540784317664317,125b,fcc2
84106ae247,6e46d2b898,Nickel,Brass,0,0.5446460195369611,fcc2,125b
6e46d2b898,eb358a4d60,Brass,Brass,0,0.5277282066732046,125b,fcc2
eb358a4d60,6e46d2b898,Brass,Brass,0,0.5280848048898992,fcc2,125b
6e46d2b898,5d25cd3446,Brass,Nickel,0,0.5777197488024578,125b,fcc2
5d25cd3446,6e46d2b898,Nickel,Brass,0,0.5777072684861896,fcc2,125b
6e46d2b898,5b23b59131,Brass,Brass,0,0.4618460380426963,125b,fcc2
5b23b59131,6e46d2b898,Brass,Brass,0,0.39790518144055403,fcc2,125b
6e46d2b898,a672c8a1fa,Brass,Brass,0,0.43785446656640864,125b,fcc2
a672c8a1fa,6e46d2b898,Brass,Brass,0,0.43756864407132723,fcc2,125b
6e46d2b898,247918f662,Brass,Nickel,0,0.5698481670586424,125b,fcc2
247918f662,6e46d2b898,Nickel,Brass,0,0.5697922732409805,fcc2,125b
db4804f266,a54ce43a84,Nickel,Nickel,0,0.6679194088786387,125b,125b
a54ce43a84,db4804f266,Nickel,Nickel,0,0.668011939487582,125b,125b
db4804f266,0db08b7f9e,Nickel,Nickel,0,0.5444410324621758,125b,125b
0db08b7f9e,db4804f266,Nickel,Nickel,0,0.544781438470535,125b,125b
db4804f266,9c6504e345,Nickel,Brass,0,0.5091744048219379,125b,125b
9c6504e345,db4804f266,Brass,Nickel,0,0.5101501348970608,125b,125b
db4804f266,3443ea5ba5,Nickel,Brass,0,0.6037956062343738,125b,125b
3443ea5ba5,db4804f266,Brass,Nickel,0,0.6040050140422741,125b,125b
db4804f266,1f2544214d,Nickel,Nickel,0,0.7476334564830962,125b,125b
1f2544214d,db4804f266,Nickel,Nickel,0,0.747512627655021,125b,125b
db4804f266,0e45ff7118,Nickel,Brass,0,0.5119569517532291,125b,125b
0e45ff7118,db4804f266,Brass,Nickel,0,0.512791812064467,125b,125b
db4804f266,c2081b71be,Nickel,Nickel,0,0.5464779244781123,125b,125b
c2081b71be,db4804f266,Nickel,Nickel,0,0.5466281668130374,125b,125b
db4804f266,4e0193ff9e,Nickel,Nickel,0,0.5640241802804872,125b,125b
4e0193ff9e,db4804f266,Nickel,Nickel,0,0.5655836425171828,125b,125b
db4804f266,2d95605114,Nickel,Brass,0,0.6607217957162355,125b,fcc2
2d95605114,db4804f266,Brass,Nickel,0,0.660721990959371,fcc2,125b
db4804f266,84106ae247,Nickel,Nickel,0,0.6100788134220171,125b,fcc2
84106ae247,db4804f266,Nickel,Nickel,0,0.6097891356682592,fcc2,125b
db4804f266,eb358a4d60,Nickel,Brass,0,0.4830869154595426,125b,fcc2
eb358a4d60,db4804f266,Brass,Nickel,0,0.4830993183026725,fcc2,125b
db4804f266,5d25cd3446,Nickel,Nickel,0,0.5628995157433907,125b,fcc2
5d25cd3446,db4804f266,Nickel,Nickel,0,0.5632883613401196,fcc2,125b
db4804f266,5b23b59131,Nickel,Brass,0,0.6923641835751094,125b,fcc2
5b23b59131,db4804f266,Brass,Nickel,0,0.6903511399921844,fcc2,125b
db4804f266,a672c8a1fa,Nickel,Brass,0,0.7750961222941333,125b,fcc2
a672c8a1fa,db4804f266,Brass,Nickel,0,0.775570591788904,fcc2,125b
db4804f266,247918f662,Nickel,Nickel,0,0.7231202755376278,125b,fcc2
247918f662,db4804f266,Nickel,Nickel,0,0.7231202755376276,fcc2,125b
a54ce43a84,0db08b7f9e,Nickel,Nickel,0,0.5872535250382527,125b,125b
0db08b7f9e,a54ce43a84,Nickel,Nickel,0,0.5872790528858803,125b,125b
a54ce43a84,9c6504e345,Nickel,Brass,0,0.6206161751020889,125b,125b
9c6504e345,a54ce43a84,Brass,Nickel,0,0.6193980082048747,125b,125b
a54ce43a84,3443ea5ba5,Nickel,Brass,0,0.5781164791894542,125b,125b
3443ea5ba5,a54ce43a84,Brass,Nickel,0,0.5778113093538371,125b,125b
a54ce43a84,1f2544214d,Nickel,Nickel,0,0.577888752240422,125b,125b
1f2544214d,a54ce43a84,Nickel,Nickel,0,0.5778529598301204,125b,125b
a54ce43a84,0e45ff7118,Nickel,Brass,0,0.7305498086492304,125b,125b
0e45ff7118,a54ce43a84,Brass,Nickel,0,0.7312220966067771,125b,125b
a54ce43a84,c2081b71be,Nickel,Nickel,0,0.56294360384174,125b,125b
c2081b71be,a54ce43a84,Nickel,Nickel,0,0.5626155352672155,125b,125b
a54ce43a84,4e0193ff9e,Nickel,Nickel,0,0.4784830728327153,125b,125b
4e0193ff9e,a54ce43a84,Nickel,Nickel,0,0.47851150627805855,125b,125b
a54ce43a84,2d95605114,Nickel,Brass,0,0.61886054059851,125b,fcc2
2d95605114,a54ce43a84,Brass,Nickel,0,0.6193021732282359,fcc2,125b
a54ce43a84,84106ae247,Nickel,Nickel,0,0.6797334772924936,125b,fcc2
84106ae247,a54ce43a84,Nickel,Nickel,0,0.6806490884292042,fcc2,125b
a54ce43a84,eb358a4d60,Nickel,Brass,0,0.5404187190085268,125b,fcc2
eb358a4d60,a54ce43a84,Brass,Nickel,0,0.5404394566508682,fcc2,125b
a54ce43a84,5d25cd3446,Nickel,Nickel,0,0.6688224954947104,125b,fcc2
5d25cd3446,a54ce43a84,Nickel,Nickel,0,0.667861435083704,fcc2,125b
a54ce43a84,5b23b59131,Nickel,Brass,0,0.6143008352652662,125b,fcc2
5b23b59131,a54ce43a84,Brass,Nickel,0,0.6112361933007124,fcc2,125b
a54ce43a84,a672c8a1fa,Nickel,Brass,0,0.6789970652588155,125b,fcc2
a672c8a1fa,a54ce43a84,Brass,Nickel,0,0.6790865092217901,fcc2,125b
a54ce43a84,247918f662,Nickel,Nickel,0,0.6570353821695576,125b,fcc2
247918f662,a54ce43a84,Nickel,Nickel,0,0.6568572634878282,fcc2,125b
0db08b7f9e,9c6504e345,Nickel,Brass,0,0.4724388783053155,125b,125b
9c6504e345,0db08b7f9e,Brass,Nickel,0,0.47256295623572947,125b,125b
0db08b7f9e,3443ea5ba5,Nickel,Brass,0,0.5050672240914706,125b,125b
3443ea5ba5,0db08b7f9e,Brass,Nickel,0,0.5051652434904809,125b,125b
0db08b7f9e,1f2544214d,Nickel,Nickel,0,0.6153954612510205,125b,125b
1f2544214d,0db08b7f9e,Nickel,Nickel,0,0.5508500926915768,125b,125b
0db08b7f9e,0e45ff7118,Nickel,Brass,0,0.5107483378127848,125b,125b
0e45ff7118,0db08b7f9e,Brass,Nickel,0,0.5107909151241661,125b,125b
0db08b7f9e,c2081b71be,Nickel,Nickel,0,0.5634681281268867,125b,125b
c2081b71be,0db08b7f9e,Nickel,Nickel,0,0.5639406034302277,125b,125b
0db08b7f9e,4e0193ff9e,Nickel,Nickel,0,0.5804044098914275,125b,125b
4e0193ff9e,0db08b7f9e,Nickel,Nickel,0,0.580422931341293,125b,125b
0db08b7f9e,2d95605114,Nickel,Brass,0,0.4202252959228709,125b,fcc2
2d95605114,0db08b7f9e,Brass,Nickel,0,0.4206934443917895,fcc2,125b
0db08b7f9e,84106ae247,Nickel,Nickel,0,0.4995980656809574,125b,fcc2
84106ae247,0db08b7f9e,Nickel,Nickel,0,0.4995318491124805,fcc2,125b
0db08b7f9e,eb358a4d60,Nickel,Brass,0,0.528428837488844,125b,fcc2
eb358a4d60,0db08b7f9e,Brass,Nickel,0,0.5282163767769568,fcc2,125b
0db08b7f9e,5d25cd3446,Nickel,Nickel,0,0.5332162913897496,125b,fcc2
5d25cd3446,0db08b7f9e,Nickel,Nickel,0,0.5326010944032111,fcc2,125b
0db08b7f9e,5b23b59131,Nickel,Brass,0,0.41916531650898897,125b,fcc2
5b23b59131,0db08b7f9e,Brass,Nickel,0,0.41921346182860497,fcc2,125b
0db08b7f9e,a672c8a1fa,Nickel,Brass,0,0.4935871945206021,125b,fcc2
a672c8a1fa,0db08b7f9e,Brass,Nickel,0,0.493587194520602,fcc2,125b
0db08b7f9e,247918f662,Nickel,Nickel,0,0.477051105042416,125b,fcc2
247918f662,0db08b7f9e,Nickel,Nickel,0,0.4947658526692349,fcc2,125b
9c6504e345,3443ea5ba5,Brass,Brass,0,0.5773204919664944,125b,125b
3443ea5ba5,9c6504e345,Brass,Brass,0,0.5771127469434141,125b,125b
9c6504e345,1f2544214d,Brass,Nickel,0,0.6597954454278019,125b,125b
1f2544214d,9c6504e345,Nickel,Brass,0,0.6596628237887117,125b,125b
9c6504e345,0e45ff7118,Brass,Brass,0,0.6908370044350413,125b,125b
0e45ff7118,9c6504e345,Brass,Brass,0,0.6907263889050448,125b,125b
9c6504e345,c2081b71be,Brass,Nickel,0,0.5045438493055184,125b,125b
c2081b71be,9c6504e345,Nickel,Brass,0,0.5040256326797508,125b,125b
9c6504e345,4e0193ff9e,Brass,Nickel,0,0.5708852509706005,125b,125b
4e0193ff9e,9c6504e345,Nickel,Brass,0,0.5706856680449897,125b,125b
9c6504e345,2d95605114,Brass,Brass,0,0.6805427869704885,125b,fcc2
2d95605114,9c6504e345,Brass,Brass,0,0.6794214723119884,fcc2,125b
9c6504e345,84106ae247,Brass,Nickel,0,0.7019598008904738,125b,fcc2
84106ae247,9c6504e345,Nickel,Brass,0,0.7014731196453633,fcc2,125b
9c6504e345,eb358a4d60,Brass,Brass,0,0.48255515011396743,125b,fcc2
eb358a4d60,9c6504e345,Brass,Brass,0,0.4819418762373915,fcc2,125b
9c6504e345,5d25cd3446,Brass,Nickel,0,0.6294957795768866,125b,fcc2
5d25cd3446,9c6504e345,Nickel,Brass,0,0.6294588887982073,fcc2,125b
9c6504e345,5b23b59131,Brass,Brass,0,0.4493704974249268,125b,fcc2
5b23b59131,9c6504e345,Brass,Brass,0,0.4495188968072529,fcc2,125b
9c6504e345,a672c8a1fa,Brass,Brass,0,0.4683625129589838,125b,fcc2
a672c8a1fa,9c6504e345,Brass,Brass,0,0.4680390522426462,fcc2,125b
9c6504e345,247918f662,Brass,Nickel,0,0.6658127278560283,125b,fcc2
247918f662,9c6504e345,Nickel,Brass,0,0.6649269115168792,fcc2,125b
3443ea5ba5,1f2544214d,Brass,Nickel,0,0.6319019126826784,125b,125b
1f2544214d,3443ea5ba5,Nickel,Brass,0,0.6322268674273007,125b,125b
3443ea5ba5,0e45ff7118,Brass,Brass,0,0.5113546153698232,125b,125b
0e45ff7118,3443ea5ba5,Brass,Brass,0,0.5115100413316476,125b,125b
3443ea5ba5,c2081b71be,Brass,Nickel,0,0.5235973170399753,125b,125b
c2081b71be,3443ea5ba5,Nickel,Brass,0,0.5233581432152987,125b,125b
3443ea5ba5,4e0193ff9e,Brass,Nickel,0,0.4889487660861532,125b,125b
4e0193ff9e,3443ea5ba5,Nickel,Brass,0,0.44268126742456515,125b,125b
3443ea5ba5,2d95605114,Brass,Brass,0,0.592935845013027,125b,fcc2
2d95605114,3443ea5ba5,Brass,Brass,0,0.592864558055929,fcc2,125b
3443ea5ba5,84106ae247,Brass,Nickel,0,0.6623112675689389,125b,fcc2
84106ae247,3443ea5ba5,Nickel,Brass,0,0.5036567905263714,fcc2,125b
3443ea5ba5,eb358a4d60,Brass,Brass,0,0.6543373222237219,125b,fcc2
eb358a4d60,3443ea5ba5,Brass,Brass,0,0.6540851506557923,fcc2,125b
3443ea5ba5,5d25cd3446,Brass,Nickel,0,0.6122928098444574,125b,fcc2
5d25cd3446,3443ea5ba5,Nickel,Brass,0,0.612229927334255,fcc2,125b
3443ea5ba5,5b23b59131,Brass,Brass,0,0.47386070256058427,125b,fcc2
5b23b59131,3443ea5ba5,Brass,Brass,0,0.4740314856118026,fcc2,125b
3443ea5ba5,a672c8a1fa,Brass,Brass,0,0.5595237082580807,125b,fcc2
a672c8a1fa,3443ea5ba5,Brass,Brass,0,0.5594388163638258,fcc2,125b
3443ea5ba5,247918f662,Brass,Nickel,0,0.45247482523540167,125b,fcc2
247918f662,3443ea5ba5,Nickel,Brass,0,0.4518808170309901,fcc2,125b
1f2544214d,0e45ff7118,Nickel,Brass,0,0.49539398107449845,125b,125b
0e45ff7118,1f2544214d,Brass,Nickel,0,0.4957624213657776,125b,125b
1f2544214d,c2081b71be,Nickel,Nickel,0,0.48211800148481104,125b,125b
c2081b71be,1f2544214d,Nickel,Nickel,0,0.48135686495774577,125b,125b
1f2544214d,4e0193ff9e,Nickel,Nickel,0,0.5058744669150924,125b,125b
4e0193ff9e,1f2544214d,Nickel,Nickel,0,0.5040486932357168,125b,125b
1f2544214d,2d95605114,Nickel,Brass,0,0.5231358258539738,125b,fcc2
2d95605114,1f2544214d,Brass,Nickel,0,0.5238159329327886,fcc2,125b
1f2544214d,84106ae247,Nickel,Nickel,0,0.5995129857616458,125b,fcc2
84106ae247,1f2544214d,Nickel,Nickel,0,0.5994525530708905,fcc2,125b
1f2544214d,eb358a4d60,Nickel,Brass,0,0.48940915137215923,125b,fcc2
eb358a4d60,1f2544214d,Brass,Nickel,0,0.48898817241918946,fcc2,125b
1f2544214d,5d25cd3446,Nickel,Nickel,0,0.5198176275692964,125b,fcc2
5d25cd3446,1f2544214d,Nickel,Nickel,0,0.5196739011800104,fcc2,125b
1f2544214d,5b23b59131,Nickel,Brass,0,0.47798982949196783,125b,fcc2
5b23b59131,1f2544214d,Brass,Nickel,0,0.4782097150890622,fcc2,125b
1f2544214d,a672c8a1fa,Nickel,Brass,0,0.4879116663603039,125b,fcc2
a672c8a1fa,1f2544214d,Brass,Nickel,0,0.486747067510182,fcc2,125b
1f2544214d,247918f662,Nickel,Nickel,0,0.5183270857139282,125b,fcc2
247918f662,1f2544214d,Nickel,Nickel,0,0.5180217894494801,fcc2,125b
0e45ff7118,c2081b71be,Brass,Nickel,0,0.7870798768277838,125b,125b
c2081b71be,0e45ff7118,Nickel,Brass,0,0.7869149282774545,125b,125b
0e45ff7118,4e0193ff9e,Brass,Nickel,0,0.5720950685015644,125b,125b
4e0193ff9e,0e45ff7118,Nickel,Brass,0,0.5718982930718481,125b,125b
0e45ff7118,2d95605114,Brass,Brass,0,0.48952431185357487,125b,fcc2
2d95605114,0e45ff7118,Brass,Brass,0,0.48935697092774133,fcc2,125b
0e45ff7118,84106ae247,Brass,Nickel,0,0.6524076414361517,125b,fcc2
84106ae247,0e45ff7118,Nickel,Brass,0,0.6518207207577877,fcc2,125b
0e45ff7118,eb358a4d60,Brass,Brass,0,0.6394862667511114,125b,fcc2
eb358a4d60,0e45ff7118,Brass,Brass,0,0.6394862667511115,fcc2,125b
0e45ff7118,5d25cd3446,Brass,Nickel,0,0.5216895510043206,125b,fcc2
5d25cd3446,0e45ff7118,Nickel,Brass,0,0.5221397716789897,fcc2,125b
0e45ff7118,5b23b59131,Brass,Brass,0,0.5893802885594757,125b,fcc2
5b23b59131,0e45ff7118,Brass,Brass,0,0.5976864161135972,fcc2,125b
0e45ff7118,a672c8a1fa,Brass,Brass,0,0.6030723589971532,125b,fcc2
a672c8a1fa,0e45ff7118,Brass,Brass,0,0.6031736788080323,fcc2,125b
0e45ff7118,247918f662,Brass,Nickel,0,0.5873663705660616,125b,fcc2
247918f662,0e45ff7118,Nickel,Brass,0,0.5880403938600653,fcc2,125b
c2081b71be,4e0193ff9e,Nickel,Nickel,0,0.49648633457724395,125b,125b
4e0193ff9e,c2081b71be,Nickel,Nickel,0,0.49726771932001423,125b,125b
c2081b71be,2d95605114,Nickel,Brass,0,0.6902916956015847,125b,fcc2
2d95605114,c2081b71be,Brass,Nickel,0,0.6908824372477548,fcc2,125b
c2081b71be,84106ae247,Nickel,Nickel,0,0.5098489055604113,125b,fcc2
84106ae247,c2081b71be,Nickel,Nickel,0,0.5120385348815847,fcc2,125b
c2081b71be,eb358a4d60,Nickel,Brass,0,0.6378599970722739,125b,fcc2
eb358a4d60,c2081b71be,Brass,Nickel,0,0.6377538410002112,fcc2,125b
c2081b71be,5d25cd3446,Nickel,Nickel,0,0.5137063701171939,125b,fcc2
5d25cd3446,c2081b71be,Nickel,Nickel,0,0.5133550267196608,fcc2,125b
c2081b71be,5b23b59131,Nickel,Brass,0,0.5472162899720822,125b,fcc2
5b23b59131,c2081b71be,Brass,Nickel,0,0.5474029163941594,fcc2,125b
c2081b71be,a672c8a1fa,Nickel,Brass,0,0.5431140628090273,125b,fcc2
a672c8a1fa,c2081b71be,Brass,Nickel,0,0.5746008971394538,fcc2,125b
c2081b71be,247918f662,Nickel,Nickel,0,0.4984040672415108,125b,fcc2
247918f662,c2081b71be,Nickel,Nickel,0,0.49853480863550936,fcc2,125b
4e0193ff9e,2d95605114,Nickel,Brass,0,0.4722623740552511,125b,fcc2
2d95605114,4e0193ff9e,Brass,Nickel,0,0.47206302050532395,fcc2,125b
4e0193ff9e,84106ae247,Nickel,Nickel,0,0.7173986487368346,125b,fcc2
84106ae247,4e0193ff9e,Nickel,Nickel,0,0.71747796514658,fcc2,125b
4e0193ff9e,eb358a4d60,Nickel,Brass,0,0.5800115613164211,125b,fcc2
eb358a4d60,4e0193ff9e,Brass,Nickel,0,0.5800691530521609,fcc2,125b
4e0193ff9e,5d25cd3446,Nickel,Nickel,0,0.4997738763798024,125b,fcc2
5d25cd3446,4e0193ff9e,Nickel,Nickel,0,0.49973170716165516,fcc2,125b
4e0193ff9e,5b23b59131,Nickel,Brass,0,0.5434900480691344,125b,fcc2
5b23b59131,4e0193ff9e,Brass,Nickel,0,0.5428891657144699,fcc2,125b
4e0193ff9e,a672c8a1fa,Nickel,Brass,0,0.5220740904207588,125b,fcc2
a672c8a1fa,4e0193ff9e,Brass,Nickel,0,0.5220740904207587,fcc2,125b
4e0193ff9e,247918f662,Nickel,Nickel,0,0.5728633125090088,125b,fcc2
247918f662,4e0193ff9e,Nickel,Nickel,0,0.5728633125090088,fcc2,125b
2d95605114,84106ae247,Brass,Nickel,0,0.5902248926140162,fcc2,fcc2
84106ae247,2d95605114,Nickel,Brass,0,0.5902248926140161,fcc2,fcc2
2d95605114,eb358a4d60,Brass,Brass,0,0.5800037910982334,fcc2,fcc2
eb358a4d60,2d95605114,Brass,Brass,0,0.5792781955530715,fcc2,fcc2
2d95605114,5d25cd3446,Brass,Nickel,0,0.5947087222343302,fcc2,fcc2
5d25cd3446,2d95605114,Nickel,Brass,0,0.5946499231049469,fcc2,fcc2
2d95605114,5b23b59131,Brass,Brass,0,0.744209849570367,fcc2,fcc2
5b23b59131,2d95605114,Brass,Brass,0,0.7452436663766216,fcc2,fcc2
2d95605114,a672c8a1fa,Brass,Brass,0,0.5152581077878792,fcc2,fcc2
a672c8a1fa,2d95605114,Brass,Brass,0,0.5152581077878792,fcc2,fcc2
2d95605114,247918f662,Brass,Nickel,0,0.5012730674043069,fcc2,fcc2
247918f662,2d95605114,Nickel,Brass,0,0.5013423235869019,fcc2,fcc2
84106ae247,eb358a4d60,Nickel,Brass,0,0.5342227145897905,fcc2,fcc2
eb358a4d60,84106ae247,Brass,Nickel,0,0.5336590042011107,fcc2,fcc2
84106ae247,5d25cd3446,Nickel,Nickel,0,0.5665929960330464,fcc2,fcc2
5d25cd3446,84106ae247,Nickel,Nickel,0,0.5643251338523603,fcc2,fcc2
84106ae247,5b23b59131,Nickel,Brass,0,0.42081699904358955,fcc2,fcc2
5b23b59131,84106ae247,Brass,Nickel,0,0.42081699904358966,fcc2,fcc2
84106ae247,a672c8a1fa,Nickel,Brass,0,0.6181742894067196,fcc2,fcc2
a672c8a1fa,84106ae247,Brass,Nickel,0,0.6180788326670135,fcc2,fcc2
84106ae247,247918f662,Nickel,Nickel,0,0.5350289048085654,fcc2,fcc2
247918f662,84106ae247,Nickel,Nickel,0,0.5357120406688349,fcc2,fcc2
eb358a4d60,5d25cd3446,Brass,Nickel,0,0.5384587195753627,fcc2,fcc2
5d25cd3446,eb358a4d60,Nickel,Brass,0,0.5383521607557676,fcc2,fcc2
eb358a4d60,5b23b59131,Brass,Brass,0,0.5505781038686266,fcc2,fcc2
5b23b59131,eb358a4d60,Brass,Brass,0,0.5505781038686265,fcc2,fcc2
eb358a4d60,a672c8a1fa,Brass,Brass,0,0.5414023611969248,fcc2,fcc2
a672c8a1fa,eb358a4d60,Brass,Brass,0,0.5415217642116263,fcc2,fcc2
eb358a4d60,247918f662,Brass,Nickel,0,0.3686557775858104,fcc2,fcc2
247918f662,eb358a4d60,Nickel,Brass,0,0.368870183428316,fcc2,fcc2
5d25cd3446,5b23b59131,Nickel,Brass,0,0.4885240864494706,fcc2,fcc2
5b23b59131,5d25cd3446,Brass,Nickel,0,0.4885157203996913,fcc2,fcc2
5d25cd3446,a672c8a1fa,Nickel,Brass,0,0.5991531455568232,fcc2,fcc2
a672c8a1fa,5d25cd3446,Brass,Nickel,0,0.5990477012284172,fcc2,fcc2
5d25cd3446,247918f662,Nickel,Nickel,0,0.7253134201332567,fcc2,fcc2
247918f662,5d25cd3446,Nickel,Nickel,0,0.7252196525284589,fcc2,fcc2
5b23b59131,a672c8a1fa,Brass,Brass,0,0.5264260039688822,fcc2,fcc2
a672c8a1fa,5b23b59131,Brass,Brass,0,0.5263508670719637,fcc2,fcc2
5b23b59131,247918f662,Brass,Nickel,0,0.504603309573584,fcc2,fcc2
247918f662,5b23b59131,Nickel,Brass,0,0.4716611337904825,fcc2,fcc2
a672c8a1fa,247918f662,Brass,Nickel,0,0.46689286452236034,fcc2,fcc2
247918f662,a672c8a1fa,Nickel,Brass,0,0.46693269594666725,fcc2,fcc2
d00bf582d1,41f1030655,Nickel,Nickel,0,0.39376163158375116,125b,125b
41f1030655,d00bf582d1,Nickel,Nickel,0,0.3942212931077417,125b,125b
d00bf582d1,cc6c455419,Nickel,Nickel,0,0.5128785983872849,125b,125b
cc6c455419,d00bf582d1,Nickel,Nickel,0,0.5128785983872844,125b,125b
d00bf582d1,3cadb33f2f,Nickel,Nickel,0,0.6743752406882243,125b,125b
3cadb33f2f,d00bf582d1,Nickel,Nickel,0,0.6743788205066581,125b,125b
d00bf582d1,5e80774246,Nickel,Nickel,0,0.4579763137518192,125b,125b
5e80774246,d00bf582d1,Nickel,Nickel,0,0.4576484088880472,125b,125b
d00bf582d1,275310424a,Nickel,Nickel,0,0.3849991139568048,125b,125b
275310424a,d00bf582d1,Nickel,Nickel,0,0.3834278144818546,125b,125b
d00bf582d1,b4f6763191,Nickel,Nickel,0,0.49458351163639064,125b,125b
b4f6763191,d00bf582d1,Nickel,Nickel,0,0.49422606933891766,125b,125b
d00bf582d1,797ececd4d,Nickel,Nickel,0,0.454933645583186,125b,125b
797ececd4d,d00bf582d1,Nickel,Nickel,0,0.45493364558318605,125b,125b
d00bf582d1,37d21f987c,Nickel,Nickel,0,0.5475044112110434,125b,125b
37d21f987c,d00bf582d1,Nickel,Nickel,0,0.5471081959452285,125b,125b
d00bf582d1,db9f861795,Nickel,Nickel,0,0.5071348956746952,125b,125b
db9f861795,d00bf582d1,Nickel,Nickel,0,0.5070680016389902,125b,125b
d00bf582d1,74711b8750,Nickel,Nickel,0,0.4121099438033174,125b,125b
74711b8750,d00bf582d1,Nickel,Nickel,0,0.4116381873081884,125b,125b
d00bf582d1,e139e26428,Nickel,Nickel,0,0.7350890681936112,125b,125b
e139e26428,d00bf582d1,Nickel,Nickel,0,0.735198059145208,125b,125b
d00bf582d1,633fbb7de1,Nickel,Nickel,0,0.6192206194682157,125b,125b
633fbb7de1,d00bf582d1,Nickel,Nickel,0,0.6077870144070894,125b,125b
d00bf582d1,0b782c3069,Nickel,Nickel,0,0.5426211999159711,125b,125b
0b782c3069,d00bf582d1,Nickel,Nickel,0,0.5428020400005072,125b,125b
d00bf582d1,7204a1feeb,Nickel,Nickel,0,0.5419464125010195,125b,125b
7204a1feeb,d00bf582d1,Nickel,Nickel,0,0.5434475468286881,125b,125b
d00bf582d1,ef4d4aee2a,Nickel,Nickel,0,0.4276034573982135,125b,125b
ef4d4aee2a,d00bf582d1,Nickel,Nickel,0,0.4276198926800826,125b,125b
d00bf582d1,8c82f237f9,Nickel,Nickel,0,0.41627934135383243,125b,125b
8c82f237f9,d00bf582d1,Nickel,Nickel,0,0.4162896980487448,125b,125b
d00bf582d1,d64504718a,Nickel,Nickel,0,0.6143629552139408,125b,125b
d64504718a,d00bf582d1,Nickel,Nickel,0,0.6133671854521597,125b,125b
d00bf582d1,6e46d2b898,Nickel,Nickel,0,0.4807534182676967,125b,125b
6e46d2b898,d00bf582d1,Nickel,Nickel,0,0.48075341826769663,125b,125b
d00bf582d1,8edaa51105,Nickel,Nickel,0,0.5338822696067339,125b,125b
8edaa51105,d00bf582d1,Nickel,Nickel,0,0.5339218403432697,125b,125b
d00bf582d1,1be78463d7,Nickel,Nickel,0,0.5182193008251498,125b,125b
1be78463d7,d00bf582d1,Nickel,Nickel,0,0.5184385381847575,125b,125b
d00bf582d1,8197f401c9,Nickel,Nickel,0,0.5471334132652764,125b,125b
8197f401c9,d00bf582d1,Nickel,Nickel,0,0.5475247730837428,125b,125b
d00bf582d1,803e2e304c,Nickel,Nickel,0,0.49850389891451613,125b,125b
803e2e304c,d00bf582d1,Nickel,Nickel,0,0.4984126104795228,125b,125b
d00bf582d1,07ffa2d44f,Nickel,Nickel,0,0.5416374037190829,125b,125b
07ffa2d44f,d00bf582d1,Nickel,Nickel,0,0.5416621975032252,125b,125b
d00bf582d1,114a81160d,Nickel,Nickel,0,0.48921061356280376,125b,125b
114a81160d,d00bf582d1,Nickel,Nickel,0,0.4907031040428792,125b,125b
d00bf582d1,7db9fa3fdc,Nickel,Nickel,0,0.5388665316048439,125b,125b
7db9fa3fdc,d00bf582d1,Nickel,Nickel,0,0.5370573830680266,125b,125b
d00bf582d1,bd89ab2453,Nickel,Nickel,0,0.5559514922816692,125b,125b
bd89ab2453,d00bf582d1,Nickel,Nickel,0,0.5563035152450054,125b,125b
d00bf582d1,1f2544214d,Nickel,Nickel,0,0.40629479616941133,125b,125b
1f2544214d,d00bf582d1,Nickel,Nickel,0,0.4056451026584195,125b,125b
d00bf582d1,c2081b71be,Nickel,Nickel,0,0.5088525037926579,125b,125b
c2081b71be,d00bf582d1,Nickel,Nickel,0,0.5088507498709297,125b,125b
d00bf582d1,a404412c4e,Nickel,Nickel,0,0.43987156669326205,125b,125b
a404412c4e,d00bf582d1,Nickel,Nickel,0,0.4415278444389166,125b,125b
d00bf582d1,ff11e3e39e,Nickel,Nickel,0,0.3926856765434994,125b,125b
ff11e3e39e,d00bf582d1,Nickel,Nickel,0,0.39228253097314564,125b,125b
d00bf582d1,88c293654f,Nickel,Nickel,0,0.5141764720256329,125b,125b
88c293654f,d00bf582d1,Nickel,Nickel,0,0.5148496097100849,125b,125b
d00bf582d1,ae9b0acf0b,Nickel,Nickel,0,0.5158092309059178,125b,125b
ae9b0acf0b,d00bf582d1,Nickel,Nickel,0,0.5152600072935277,125b,125b
d00bf582d1,a3b1085bea,Nickel,Nickel,0,0.43305975722068324,125b,125b
a3b1085bea,d00bf582d1,Nickel,Nickel,0,0.4330855214931015,125b,125b
d00bf582d1,f366f00cde,Nickel,Nickel,0,0.502993455634143,125b,125b
f366f00cde,d00bf582d1,Nickel,Nickel,0,0.5029710871189665,125b,125b
d00bf582d1,81bb3cb084,Nickel,Nickel,0,0.4826790347923526,125b,125b
81bb3cb084,d00bf582d1,Nickel,Nickel,0,0.4814283419813604,125b,125b
d00bf582d1,326bd7053d,Nickel,Nickel,0,0.5495147420336517,125b,125b
326bd7053d,d00bf582d1,Nickel,Nickel,0,0.5500134421464645,125b,125b
d00bf582d1,867e742682,Nickel,Nickel,0,0.5244971303106617,125b,125b
867e742682,d00bf582d1,Nickel,Nickel,0,0.523165647063905,125b,125b
d00bf582d1,9c6504e345,Nickel,Nickel,0,0.5476952837382616,125b,125b
9c6504e345,d00bf582d1,Nickel,Nickel,0,0.5471179015685703,125b,125b
d00bf582d1,27c03bf211,Nickel,Nickel,0,0.5453961354243795,125b,125b
27c03bf211,d00bf582d1,Nickel,Nickel,0,0.5456174484538967,125b,125b
d00bf582d1,ef85c2ef6b,Nickel,Nickel,0,0.6213474890044636,125b,125b
ef85c2ef6b,d00bf582d1,Nickel,Nickel,0,0.6209757134398463,125b,125b
d00bf582d1,9b00c4c264,Nickel,Nickel,0,0.529732723320023,125b,125b
9b00c4c264,d00bf582d1,Nickel,Nickel,0,0.529627150094736,125b,125b
d00bf582d1,93f6afc25d,Nickel,Nickel,0,0.4674916151370487,125b,125b
93f6afc25d,d00bf582d1,Nickel,Nickel,0,0.4668375054153249,125b,125b
d00bf582d1,a54ce43a84,Nickel,Nickel,0,0.4911072804446525,125b,125b
a54ce43a84,d00bf582d1,Nickel,Nickel,0,0.4916604576096894,125b,125b
d00bf582d1,218ae10a65,Nickel,Nickel,0,0.41332679485453067,125b,125b
218ae10a65,d00bf582d1,Nickel,Nickel,0,0.5949581192875889,125b,125b
d00bf582d1,9645e12969,Nickel,Nickel,0,0.5513938148376321,125b,125b
9645e12969,d00bf582d1,Nickel,Nickel,0,0.5514862156327778,125b,125b
d00bf582d1,0db08b7f9e,Nickel,Nickel,0,0.5295978695982505,125b,125b
0db08b7f9e,d00bf582d1,Nickel,Nickel,0,0.5295189007025443,125b,125b
d00bf582d1,fc6e345a87,Nickel,Nickel,0,0.4394613275282748,125b,125b
fc6e345a87,d00bf582d1,Nickel,Nickel,0,0.4394929751233507,125b,125b
d00bf582d1,5187134316,Nickel,Nickel,0,0.547656632000802,125b,125b
5187134316,d00bf582d1,Nickel,Nickel,0,0.5476310444796888,125b,125b
d00bf582d1,9fbbe4fcae,Nickel,Nickel,0,0.49735364160548207,125b,125b
9fbbe4fcae,d00bf582d1,Nickel,Nickel,0,0.49734190317687677,125b,125b
d00bf582d1,744a7e7690,Nickel,Nickel,0,0.44537598879853135,125b,125b
744a7e7690,d00bf582d1,Nickel,Nickel,0,0.4453759887985314,125b,125b
d00bf582d1,9f5cee2a11,Nickel,Nickel,0,0.546495972428337,125b,125b
9f5cee2a11,d00bf582d1,Nickel,Nickel,0,0.5460995572441972,125b,125b
d00bf582d1,3443ea5ba5,Nickel,Nickel,0,0.45133685500988474,125b,125b
3443ea5ba5,d00bf582d1,Nickel,Nickel,0,0.4516958781501141,125b,125b
d00bf582d1,fa6595462f,Nickel,Nickel,0,0.45696435277297004,125b,125b
fa6595462f,d00bf582d1,Nickel,Nickel,0,0.4569643527729701,125b,125b
d00bf582d1,d469fc3f70,Nickel,Nickel,0,0.5357641178120481,125b,125b
d469fc3f70,d00bf582d1,Nickel,Nickel,0,0.5356918324857938,125b,125b
d00bf582d1,0e45ff7118,Nickel,Nickel,0,0.5156522273666737,125b,125b
0e45ff7118,d00bf582d1,Nickel,Nickel,0,0.5152960942539494,125b,125b
d00bf582d1,a80b46b6d1,Nickel,Nickel,0,0.5212797210018248,125b,125b
a80b46b6d1,d00bf582d1,Nickel,Nickel,0,0.5213222258422192,125b,125b
d00bf582d1,1ed3442cfa,Nickel,Nickel,0,0.594522717982426,125b,125b
1ed3442cfa,d00bf582d1,Nickel,Nickel,0,0.5952740771279237,125b,125b
d00bf582d1,db4804f266,Nickel,Nickel,0,0.4866722943376153,125b,125b
db4804f266,d00bf582d1,Nickel,Nickel,0,0.4867561229427723,125b,125b
d00bf582d1,bf77a5ca9b,Nickel,Nickel,0,0.560967453314255,125b,125b
bf77a5ca9b,d00bf582d1,Nickel,Nickel,0,0.5610720564138754,125b,125b
d00bf582d1,13189e401d,Nickel,Nickel,0,0.7452884718867381,125b,125b
13189e401d,d00bf582d1,Nickel,Nickel,0,0.7630465657574341,125b,125b
d00bf582d1,d5070cee0f,Nickel,Nickel,0,0.47339590774133944,125b,125b
d5070cee0f,d00bf582d1,Nickel,Nickel,0,0.4818442503360906,125b,125b
d00bf582d1,27c44d34a4,Nickel,Nickel,0,0.6186418590812528,125b,125b
27c44d34a4,d00bf582d1,Nickel,Nickel,0,0.5528843482280709,125b,125b
d00bf582d1,4e0193ff9e,Nickel,Nickel,0,0.4372017556239919,125b,125b
4e0193ff9e,d00bf582d1,Nickel,Nickel,0,0.4233162649065178,125b,125b
d00bf582d1,3c6819beb9,Nickel,Nickel,0,0.5442121573492009,125b,125b
3c6819beb9,d00bf582d1,Nickel,Nickel,0,0.5426815321274591,125b,125b
d00bf582d1,3a2a75a851,Nickel,Nickel,0,0.5058400034449618,125b,125b
3a2a75a851,d00bf582d1,Nickel,Nickel,0,0.5050657780573101,125b,125b
d00bf582d1,0d991a198f,Nickel,Nickel,0,0.6225009950912157,125b,125b
0d991a198f,d00bf582d1,Nickel,Nickel,0,0.6219324566517072,125b,125b
41f1030655,cc6c455419,Nickel,Nickel,0,0.5998213172859461,125b,125b
cc6c455419,41f1030655,Nickel,Nickel,0,0.6003147569183876,125b,125b
41f1030655,3cadb33f2f,Nickel,Nickel,0,0.46352714476863927,125b,125b
3cadb33f2f,41f1030655,Nickel,Nickel,0,0.4636316850603485,125b,125b
41f1030655,5e80774246,Nickel,Nickel,0,0.7419568761987824,125b,125b
5e80774246,41f1030655,Nickel,Nickel,0,0.741853750456426,125b,125b
41f1030655,275310424a,Nickel,Nickel,0,0.5369281604233025,125b,125b
275310424a,41f1030655,Nickel,Nickel,0,0.5370146347001986,125b,125b
41f1030655,797ececd4d,Nickel,Nickel,0,0.6204441487485192,125b,125b
797ececd4d,41f1030655,Nickel,Nickel,0,0.6203663976810441,125b,125b
41f1030655,37d21f987c,Nickel,Nickel,0,0.5474188442394823,125b,125b
37d21f987c,41f1030655,Nickel,Nickel,0,0.5468116512532654,125b,125b
41f1030655,db9f861795,Nickel,Nickel,0,0.44372641335949536,125b,125b
db9f861795,41f1030655,Nickel,Nickel,0,0.44414000510731555,125b,125b
41f1030655,74711b8750,Nickel,Nickel,0,0.7948701957840845,125b,125b
74711b8750,41f1030655,Nickel,Nickel,0,0.795327077575836,125b,125b
41f1030655,e139e26428,Nickel,Nickel,0,0.5620447030262519,125b,125b
e139e26428,41f1030655,Nickel,Nickel,0,0.5629600974249513,125b,125b
41f1030655,633fbb7de1,Nickel,Nickel,0,0.5456376287983339,125b,125b
633fbb7de1,41f1030655,Nickel,Nickel,0,0.5456424384885441,125b,125b
41f1030655,0b782c3069,Nickel,Nickel,0,0.6638416374735359,125b,125b
0b782c3069,41f1030655,Nickel,Nickel,0,0.6638416374735358,125b,125b
41f1030655,7204a1feeb,Nickel,Nickel,0,0.5296787732117767,125b,125b
7204a1feeb,41f1030655,Nickel,Nickel,0,0.5304953221251979,125b,125b
41f1030655,ef4d4aee2a,Nickel,Nickel,0,0.6607029869136821,125b,125b
ef4d4aee2a,41f1030655,Nickel,Nickel,0,0.6608480224837132,125b,125b
41f1030655,8c82f237f9,Nickel,Nickel,0,0.5671057842142195,125b,125b
8c82f237f9,41f1030655,Nickel,Nickel,0,0.5670793234810454,125b,125b
41f1030655,d64504718a,Nickel,Nickel,0,0.6385148760134861,125b,125b
d64504718a,41f1030655,Nickel,Nickel,0,0.6391316921775413,125b,125b
41f1030655,6e46d2b898,Nickel,Nickel,0,0.5887470639104342,125b,125b
6e46d2b898,41f1030655,Nickel,Nickel,0,0.588977866402125,125b,125b
41f1030655,8edaa51105,Nickel,Nickel,0,0.619301058317741,125b,125b
8edaa51105,41f1030655,Nickel,Nickel,0,0.7057798986656314,125b,125b
41f1030655,1be78463d7,Nickel,Nickel,0,0.5732509033145682,125b,125b
1be78463d7,41f1030655,Nickel,Nickel,0,0.5731000079572239,125b,125b
41f1030655,07ffa2d44f,Nickel,Nickel,0,0.4687441848476583,125b,125b
07ffa2d44f,41f1030655,Nickel,Nickel,0,0.4685953303579352,125b,125b
41f1030655,114a81160d,Nickel,Nickel,0,0.6247862293237322,125b,125b
114a81160d,41f1030655,Nickel,Nickel,0,0.6253158451457871,125b,125b
41f1030655,7db9fa3fdc,Nickel,Nickel,0,0.5984701219176426,125b,125b
7db9fa3fdc,41f1030655,Nickel,Nickel,0,0.5986350434195329,125b,125b
41f1030655,bd89ab2453,Nickel,Nickel,0,0.5436363038007465,125b,125b
bd89ab2453,41f1030655,Nickel,Nickel,0,0.5437797697510889,125b,125b
41f1030655,a404412c4e,Nickel,Nickel,0,0.5482437616099521,125b,125b
a404412c4e,41f1030655,Nickel,Nickel,0,0.548264532109067,125b,125b
41f1030655,a3b1085bea,Nickel,Nickel,0,0.5965411282373689,125b,125b
a3b1085bea,41f1030655,Nickel,Nickel,0,0.597149355718669,125b,125b
41f1030655,f366f00cde,Nickel,Nickel,0,0.64312270721988,125b,125b
f366f00cde,41f1030655,Nickel,Nickel,0,0.6954570002426916,125b,125b
41f1030655,81bb3cb084,Nickel,Nickel,0,0.503815857004348,125b,125b
81bb3cb084,41f1030655,Nickel,Nickel,0,0.503492602920529,125b,125b
41f1030655,326bd7053d,Nickel,Nickel,0,0.5147626390401778,125b,125b
326bd7053d,41f1030655,Nickel,Nickel,0,0.5146701759842814,125b,125b
41f1030655,9c6504e345,Nickel,Nickel,0,0.5428714495547929,125b,125b
9c6504e345,41f1030655,Nickel,Nickel,0,0.5431792536617062,125b,125b
41f1030655,ef85c2ef6b,Nickel,Nickel,0,0.5289671065888482,125b,125b
ef85c2ef6b,41f1030655,Nickel,Nickel,0,0.528942746016439,125b,125b
41f1030655,9b00c4c264,Nickel,Nickel,0,0.6136461837703654,125b,125b
9b00c4c264,41f1030655,Nickel,Nickel,0,0.6463977521708157,125b,125b
41f1030655,218ae10a65,Nickel,Nickel,0,0.7212703337587854,125b,125b
218ae10a65,41f1030655,Nickel,Nickel,0,0.721392720233462,125b,125b
41f1030655,9645e12969,Nickel,Nickel,0,0.4886782280755375,125b,125b
9645e12969,41f1030655,Nickel,Nickel,0,0.48870392723686923,125b,125b
41f1030655,fc6e345a87,Nickel,Nickel,0,0.5586010985589199,125b,125b
fc6e345a87,41f1030655,Nickel,Nickel,0,0.5582867105157796,125b,125b
41f1030655,5187134316,Nickel,Nickel,0,0.6456129617488588,125b,125b
5187134316,41f1030655,Nickel,Nickel,0,0.6490710132349812,125b,125b
41f1030655,9fbbe4fcae,Nickel,Nickel,0,0.5819045521411338,125b,125b
9fbbe4fcae,41f1030655,Nickel,Nickel,0,0.5824392748691847,125b,125b
41f1030655,3443ea5ba5,Nickel,Nickel,0,0.6539150832948414,125b,125b
3443ea5ba5,41f1030655,Nickel,Nickel,0,0.6539150832948414,125b,125b
41f1030655,fa6595462f,Nickel,Nickel,0,0.5764820614852251,125b,125b
fa6595462f,41f1030655,Nickel,Nickel,0,0.5766248603564212,125b,125b
41f1030655,d469fc3f70,Nickel,Nickel,0,0.5598018348838292,125b,125b
d469fc3f70,41f1030655,Nickel,Nickel,0,0.5602534676391109,125b,125b
41f1030655,0e45ff7118,Nickel,Nickel,0,0.5310311913430392,125b,125b
0e45ff7118,41f1030655,Nickel,Nickel,0,0.5313379849439704,125b,125b
41f1030655,a80b46b6d1,Nickel,Nickel,0,0.6133264920919235,125b,125b
a80b46b6d1,41f1030655,Nickel,Nickel,0,0.6132389556438594,125b,125b
41f1030655,db4804f266,Nickel,Nickel,0,0.5406284294859849,125b,125b
db4804f266,41f1030655,Nickel,Nickel,0,0.5415193014113913,125b,125b
41f1030655,bf77a5ca9b,Nickel,Nickel,0,0.5085348865097218,125b,125b
bf77a5ca9b,41f1030655,Nickel,Nickel,0,0.5083652000277069,125b,125b
41f1030655,13189e401d,Nickel,Nickel,0,0.4892762318537089,125b,125b
13189e401d,41f1030655,Nickel,Nickel,0,0.6032035597533802,125b,125b
41f1030655,27c44d34a4,Nickel,Nickel,0,0.6881326046686309,125b,125b
27c44d34a4,41f1030655,Nickel,Nickel,0,0.6881008912977047,125b,125b
41f1030655,3c6819beb9,Nickel,Nickel,0,0.6916314550062038,125b,125b
3c6819beb9,41f1030655,Nickel,Nickel,0,0.7202393216138658,125b,125b
41f1030655,3a2a75a851,Nickel,Nickel,0,0.4651299495079955,125b,125b
3a2a75a851,41f1030655,Nickel,Nickel,0,0.4640981153490004,125b,125b
41f1030655,0d991a198f,Nickel,Nickel,0,0.5701742663996999,125b,125b
0d991a198f,41f1030655,Nickel,Nickel,0,0.612104101608,125b,125b
cc6c455419,3cadb33f2f,Nickel,Nickel,0,0.781561784947439,125b,125b
3cadb33f2f,cc6c455419,Nickel,Nickel,0,0.782484171020529,125b,125b
cc6c455419,5e80774246,Nickel,Nickel,0,0.5097129192352765,125b,125b
5e80774246,cc6c455419,Nickel,Nickel,0,0.5091400520310958,125b,125b
cc6c455419,275310424a,Nickel,Nickel,0,0.5571306123643429,125b,125b
275310424a,cc6c455419,Nickel,Nickel,0,0.5573972757833907,125b,125b
cc6c455419,b4f6763191,Nickel,Nickel,0,0.5370014824337406,125b,125b
b4f6763191,cc6c455419,Nickel,Nickel,0,0.5371492660275831,125b,125b
cc6c455419,797ececd4d,Nickel,Nickel,0,0.596546516712439,125b,125b
797ececd4d,cc6c455419,Nickel,Nickel,0,0.5961989516435249,125b,125b
cc6c455419,37d21f987c,Nickel,Nickel,0,0.5696766023378534,125b,125b
37d21f987c,cc6c455419,Nickel,Nickel,0,0.5683403885630252,125b,125b
cc6c455419,db9f861795,Nickel,Nickel,0,0.4817408493167612,125b,125b
db9f861795,cc6c455419,Nickel,Nickel,0,0.515615204779192,125b,125b
cc6c455419,74711b8750,Nickel,Nickel,0,0.4271998208367695,125b,125b
74711b8750,cc6c455419,Nickel,Nickel,0,0.42767520488669836,125b,125b
cc6c455419,e139e26428,Nickel,Nickel,0,0.4836226110133931,125b,125b
e139e26428,cc6c455419,Nickel,Nickel,0,0.4833664909485133,125b,125b
cc6c455419,633fbb7de1,Nickel,Nickel,0,0.8106319123856971,125b,125b
633fbb7de1,cc6c455419,Nickel,Nickel,0,0.8058818694488245,125b,125b
cc6c455419,0b782c3069,Nickel,Nickel,0,0.47779231147587303,125b,125b
0b782c3069,cc6c455419,Nickel,Nickel,0,0.47779231147587314,125b,125b
cc6c455419,7204a1feeb,Nickel,Nickel,0,0.5201077447609997,125b,125b
7204a1feeb,cc6c455419,Nickel,Nickel,0,0.519768381014114,125b,125b
cc6c455419,ef4d4aee2a,Nickel,Nickel,0,0.5682981835032095,125b,125b
ef4d4aee2a,cc6c455419,Nickel,Nickel,0,0.5680277641730479,125b,125b
cc6c455419,8c82f237f9,Nickel,Nickel,0,0.5793323222987401,125b,125b
8c82f237f9,cc6c455419,Nickel,Nickel,0,0.5790132865519845,125b,125b
cc6c455419,d64504718a,Nickel,Nickel,0,0.7919830960776081,125b,125b
d64504718a,cc6c455419,Nickel,Nickel,0,0.8541106593522019,125b,125b
cc6c455419,6e46d2b898,Nickel,Nickel,0,0.6206181149840945,125b,125b
6e46d2b898,cc6c455419,Nickel,Nickel,0,0.6206183772006914,125b,125b
cc6c455419,8edaa51105,Nickel,Nickel,0,0.5556663862418056,125b,125b
8edaa51105,cc6c455419,Nickel,Nickel,0,0.5554513208891766,125b,125b
cc6c455419,1be78463d7,Nickel,Nickel,0,0.49802302814199684,125b,125b
1be78463d7,cc6c455419,Nickel,Nickel,0,0.4975787815375525,125b,125b
cc6c455419,8197f401c9,Nickel,Nickel,0,0.40552123151081254,125b,125b
8197f401c9,cc6c455419,Nickel,Nickel,0,0.4052783625608177,125b,125b
cc6c455419,803e2e304c,Nickel,Nickel,0,0.5643041351255899,125b,125b
803e2e304c,cc6c455419,Nickel,Nickel,0,0.56352129300107,125b,125b
cc6c455419,07ffa2d44f,Nickel,Nickel,0,0.6094071534502139,125b,125b
07ffa2d44f,cc6c455419,Nickel,Nickel,0,0.7192659552098682,125b,125b
cc6c455419,114a81160d,Nickel,Nickel,0,0.6995740843275652,125b,125b
114a81160d,cc6c455419,Nickel,Nickel,0,0.7001303870119118,125b,125b
cc6c455419,7db9fa3fdc,Nickel,Nickel,0,0.6621612684191139,125b,125b
7db9fa3fdc,cc6c455419,Nickel,Nickel,0,0.6614186877539723,125b,125b
cc6c455419,bd89ab2453,Nickel,Nickel,0,0.5593384536650043,125b,125b
bd89ab2453,cc6c455419,Nickel,Nickel,0,0.558690434980474,125b,125b
cc6c455419,1f2544214d,Nickel,Nickel,0,0.6712813775974148,125b,125b
1f2544214d,cc6c455419,Nickel,Nickel,0,0.6713321234257371,125b,125b
cc6c455419,c2081b71be,Nickel,Nickel,0,0.6949470997675887,125b,125b
c2081b71be,cc6c455419,Nickel,Nickel,0,0.6946993472036882,125b,125b
cc6c455419,a404412c4e,Nickel,Nickel,0,0.5469848258561981,125b,125b
a404412c4e,cc6c455419,Nickel,Nickel,0,0.5476019119552545,125b,125b
cc6c455419,ff11e3e39e,Nickel,Nickel,0,0.463532467061397,125b,125b
ff11e3e39e,cc6c455419,Nickel,Nickel,0,0.46194114574137574,125b,125b
cc6c455419,88c293654f,Nickel,Nickel,0,0.588889750871066,125b,125b
88c293654f,cc6c455419,Nickel,Nickel,0,0.5890501316940299,125b,125b
cc6c455419,ae9b0acf0b,Nickel,Nickel,0,0.623807226421048,125b,125b
ae9b0acf0b,cc6c455419,Nickel,Nickel,0,0.6246654271381747,125b,125b
cc6c455419,a3b1085bea,Nickel,Nickel,0,0.6500587240002945,125b,125b
a3b1085bea,cc6c455419,Nickel,Nickel,0,0.6502937463122168,125b,125b
cc6c455419,f366f00cde,Nickel,Nickel,0,0.7233571009991739,125b,125b
f366f00cde,cc6c455419,Nickel,Nickel,0,0.723729084271563,125b,125b
cc6c455419,81bb3cb084,Nickel,Nickel,0,0.42187535058389064,125b,125b
81bb3cb084,cc6c455419,Nickel,Nickel,0,0.42198196293038,125b,125b
cc6c455419,326bd7053d,Nickel,Nickel,0,0.5186015253173408,125b,125b
326bd7053d,cc6c455419,Nickel,Nickel,0,0.576509133166081,125b,125b
cc6c455419,867e742682,Nickel,Nickel,0,0.7091209189754778,125b,125b
867e742682,cc6c455419,Nickel,Nickel,0,0.7091248426853568,125b,125b
cc6c455419,9c6504e345,Nickel,Nickel,0,0.7299916699567615,125b,125b
9c6504e345,cc6c455419,Nickel,Nickel,0,0.7299095584756207,125b,125b
cc6c455419,27c03bf211,Nickel,Nickel,0,0.6617521669395527,125b,125b
27c03bf211,cc6c455419,Nickel,Nickel,0,0.6620062724724914,125b,125b
cc6c455419,ef85c2ef6b,Nickel,Nickel,0,0.5304095864887287,125b,125b
ef85c2ef6b,cc6c455419,Nickel,Nickel,0,0.5295009136861691,125b,125b
cc6c455419,9b00c4c264,Nickel,Nickel,0,0.48038802359838145,125b,125b
9b00c4c264,cc6c455419,Nickel,Nickel,0,0.4801875611306652,125b,125b
cc6c455419,93f6afc25d,Nickel,Nickel,0,0.5342190733543946,125b,125b
93f6afc25d,cc6c455419,Nickel,Nickel,0,0.5482305518697761,125b,125b
cc6c455419,a54ce43a84,Nickel,Nickel,0,0.7273913068800296,125b,125b
a54ce43a84,cc6c455419,Nickel,Nickel,0,0.7264048643598593,125b,125b
cc6c455419,218ae10a65,Nickel,Nickel,0,0.5748179273247357,125b,125b
218ae10a65,cc6c455419,Nickel,Nickel,0,0.5749440530062752,125b,125b
cc6c455419,9645e12969,Nickel,Nickel,0,0.4497190296803939,125b,125b
9645e12969,cc6c455419,Nickel,Nickel,0,0.4499398697186382,125b,125b
cc6c455419,0db08b7f9e,Nickel,Nickel,0,0.6135198364261996,125b,125b
0db08b7f9e,cc6c455419,Nickel,Nickel,0,0.6138651114959668,125b,125b
cc6c455419,fc6e345a87,Nickel,Nickel,0,0.4353846741863578,125b,125b
fc6e345a87,cc6c455419,Nickel,Nickel,0,0.4356811650279669,125b,125b
cc6c455419,5187134316,Nickel,Nickel,0,0.7473514166983739,125b,125b
5187134316,cc6c455419,Nickel,Nickel,0,0.7472634798990886,125b,125b
cc6c455419,9fbbe4fcae,Nickel,Nickel,0,0.6324217675829137,125b,125b
9fbbe4fcae,cc6c455419,Nickel,Nickel,0,0.6318598354398719,125b,125b
cc6c455419,744a7e7690,Nickel,Nickel,0,0.6969283318504023,125b,125b
744a7e7690,cc6c455419,Nickel,Nickel,0,0.6950590967557678,125b,125b
cc6c455419,9f5cee2a11,Nickel,Nickel,0,0.7773553258531427,125b,125b
9f5cee2a11,cc6c455419,Nickel,Nickel,0,0.7778692192223051,125b,125b
cc6c455419,3443ea5ba5,Nickel,Nickel,0,0.5672076809170361,125b,125b
3443ea5ba5,cc6c455419,Nickel,Nickel,0,0.5675840330961823,125b,125b
cc6c455419,fa6595462f,Nickel,Nickel,0,0.5241630160536042,125b,125b
fa6595462f,cc6c455419,Nickel,Nickel,0,0.5245631102872284,125b,125b
cc6c455419,d469fc3f70,Nickel,Nickel,0,0.5275059446720388,125b,125b
d469fc3f70,cc6c455419,Nickel,Nickel,0,0.526854741987197,125b,125b
cc6c455419,0e45ff7118,Nickel,Nickel,0,0.5336766261629006,125b,125b
0e45ff7118,cc6c455419,Nickel,Nickel,0,0.5339067115462935,125b,125b
cc6c455419,a80b46b6d1,Nickel,Nickel,0,0.6106328794362105,125b,125b
a80b46b6d1,cc6c455419,Nickel,Nickel,0,0.6297659773820963,125b,125b
cc6c455419,1ed3442cfa,Nickel,Nickel,0,0.5534630872243087,125b,125b
1ed3442cfa,cc6c455419,Nickel,Nickel,0,0.553301892845211,125b,125b
cc6c455419,db4804f266,Nickel,Nickel,0,0.4670662445721885,125b,125b
db4804f266,cc6c455419,Nickel,Nickel,0,0.46700467682881214,125b,125b
cc6c455419,bf77a5ca9b,Nickel,Nickel,0,0.5345394295367772,125b,125b
bf77a5ca9b,cc6c455419,Nickel,Nickel,0,0.532640638691894,125b,125b
cc6c455419,13189e401d,Nickel,Nickel,0,0.7477354611886744,125b,125b
13189e401d,cc6c455419,Nickel,Nickel,0,0.747808554832013,125b,125b
cc6c455419,d5070cee0f,Nickel,Nickel,0,0.39584628859941123,125b,125b
d5070cee0f,cc6c455419,Nickel,Nickel,0,0.39450407561998263,125b,125b
cc6c455419,27c44d34a4,Nickel,Nickel,0,0.46614778147226105,125b,125b
27c44d34a4,cc6c455419,Nickel,Nickel,0,0.4660925963538409,125b,125b
cc6c455419,4e0193ff9e,Nickel,Nickel,0,0.48126868309466964,125b,125b
4e0193ff9e,cc6c455419,Nickel,Nickel,0,0.47982760994188667,125b,125b
cc6c455419,3c6819beb9,Nickel,Nickel,0,0.631244279149017,125b,125b
3c6819beb9,cc6c455419,Nickel,Nickel,0,0.6311386590766861,125b,125b
cc6c455419,3a2a75a851,Nickel,Nickel,0,0.6132138836357177,125b,125b
3a2a75a851,cc6c455419,Nickel,Nickel,0,0.613179722755172,125b,125b
cc6c455419,0d991a198f,Nickel,Nickel,0,0.5901017489440267,125b,125b
0d991a198f,cc6c455419,Nickel,Nickel,0,0.5900612496736501,125b,125b
3cadb33f2f,5e80774246,Nickel,Nickel,0,0.7418287793644843,125b,125b
5e80774246,3cadb33f2f,Nickel,Nickel,0,0.7416436205418462,125b,125b
3cadb33f2f,275310424a,Nickel,Nickel,0,0.5953010979914265,125b,125b
275310424a,3cadb33f2f,Nickel,Nickel,0,0.5953150793220068,125b,125b
3cadb33f2f,b4f6763191,Nickel,Nickel,0,0.5878434964741379,125b,125b
b4f6763191,3cadb33f2f,Nickel,Nickel,0,0.5880276997470888,125b,125b
3cadb33f2f,797ececd4d,Nickel,Nickel,0,0.5447536677215428,125b,125b
797ececd4d,3cadb33f2f,Nickel,Nickel,0,0.544667538431405,125b,125b
3cadb33f2f,37d21f987c,Nickel,Nickel,0,0.6654283495826403,125b,125b
37d21f987c,3cadb33f2f,Nickel,Nickel,0,0.6650407280553676,125b,125b
3cadb33f2f,db9f861795,Nickel,Nickel,0,0.4722679685732261,125b,125b
db9f861795,3cadb33f2f,Nickel,Nickel,0,0.47246941729071706,125b,125b
3cadb33f2f,74711b8750,Nickel,Nickel,0,0.6261422277165668,125b,125b
74711b8750,3cadb33f2f,Nickel,Nickel,0,0.6260907067392816,125b,125b
3cadb33f2f,e139e26428,Nickel,Nickel,0,0.7052362679552775,125b,125b
e139e26428,3cadb33f2f,Nickel,Nickel,0,0.7052362679552775,125b,125b
3cadb33f2f,633fbb7de1,Nickel,Nickel,0,0.5940632476203234,125b,125b
633fbb7de1,3cadb33f2f,Nickel,Nickel,0,0.594450947305128,125b,125b
3cadb33f2f,0b782c3069,Nickel,Nickel,0,0.46738669437443536,125b,125b
0b782c3069,3cadb33f2f,Nickel,Nickel,0,0.4663839891802638,125b,125b
3cadb33f2f,7204a1feeb,Nickel,Nickel,0,0.6207483917749708,125b,125b
7204a1feeb,3cadb33f2f,Nickel,Nickel,0,0.6209267092850499,125b,125b
3cadb33f2f,ef4d4aee2a,Nickel,Nickel,0,0.584896796395629,125b,125b
ef4d4aee2a,3cadb33f2f,Nickel,Nickel,0,0.5848967963956292,125b,125b
3cadb33f2f,8c82f237f9,Nickel,Nickel,0,0.44194762587801845,125b,125b
8c82f237f9,3cadb33f2f,Nickel,Nickel,0,0.44145063638651366,125b,125b
3cadb33f2f,d64504718a,Nickel,Nickel,0,0.6339809269724174,125b,125b
d64504718a,3cadb33f2f,Nickel,Nickel,0,0.6339155014856411,125b,125b
3cadb33f2f,6e46d2b898,Nickel,Nickel,0,0.4731756972634828,125b,125b
6e46d2b898,3cadb33f2f,Nickel,Nickel,0,0.47337084399750945,125b,125b
3cadb33f2f,8edaa51105,Nickel,Nickel,0,0.8222949996624312,125b,125b
8edaa51105,3cadb33f2f,Nickel,Nickel,0,0.8223364297842822,125b,125b
3cadb33f2f,1be78463d7,Nickel,Nickel,0,0.46923071293975993,125b,125b
1be78463d7,3cadb33f2f,Nickel,Nickel,0,0.46923071293976,125b,125b
3cadb33f2f,8197f401c9,Nickel,Nickel,0,0.5183971109231856,125b,125b
8197f401c9,3cadb33f2f,Nickel,Nickel,0,0.47985588245751876,125b,125b
3cadb33f2f,803e2e304c,Nickel,Nickel,0,0.6080795053131316,125b,125b
803e2e304c,3cadb33f2f,Nickel,Nickel,0,0.6079590862298038,125b,125b
3cadb33f2f,07ffa2d44f,Nickel,Nickel,0,0.6531899482247545,125b,125b
07ffa2d44f,3cadb33f2f,Nickel,Nickel,0,0.6528086323225947,125b,125b
3cadb33f2f,114a81160d,Nickel,Nickel,0,0.4919234553859026,125b,125b
114a81160d,3cadb33f2f,Nickel,Nickel,0,0.5724705313703387,125b,125b
3cadb33f2f,7db9fa3fdc,Nickel,Nickel,0,0.5422299688678857,125b,125b
7db9fa3fdc,3cadb33f2f,Nickel,Nickel,0,0.5421908044212479,125b,125b
3cadb33f2f,bd89ab2453,Nickel,Nickel,0,0.6966885208396745,125b,125b
bd89ab2453,3cadb33f2f,Nickel,Nickel,0,0.6962870402347217,125b,125b
3cadb33f2f,1f2544214d,Nickel,Nickel,0,0.5682417331047496,125b,125b
1f2544214d,3cadb33f2f,Nickel,Nickel,0,0.5673611355277264,125b,125b
3cadb33f2f,c2081b71be,Nickel,Nickel,0,0.5569012126633658,125b,125b
c2081b71be,3cadb33f2f,Nickel,Nickel,0,0.556861891088984,125b,125b
3cadb33f2f,a404412c4e,Nickel,Nickel,0,0.6274883057760939,125b,125b
a404412c4e,3cadb33f2f,Nickel,Nickel,0,0.6274883057760939,125b,125b
3cadb33f2f,ff11e3e39e,Nickel,Nickel,0,0.5611386968377663,125b,125b
ff11e3e39e,3cadb33f2f,Nickel,Nickel,0,0.5610002072336936,125b,125b
3cadb33f2f,88c293654f,Nickel,Nickel,0,0.7771914616804924,125b,125b
88c293654f,3cadb33f2f,Nickel,Nickel,0,0.7771107468179292,125b,125b
3cadb33f2f,ae9b0acf0b,Nickel,Nickel,0,0.4997979571160328,125b,125b
ae9b0acf0b,3cadb33f2f,Nickel,Nickel,0,0.49979795711603286,125b,125b
3cadb33f2f,a3b1085bea,Nickel,Nickel,0,0.6393540582921707,125b,125b
a3b1085bea,3cadb33f2f,Nickel,Nickel,0,0.6392537877041513,125b,125b
3cadb33f2f,f366f00cde,Nickel,Nickel,0,0.4445348796461106,125b,125b
f366f00cde,3cadb33f2f,Nickel,Nickel,0,0.44461300687659777,125b,125b
3cadb33f2f,81bb3cb084,Nickel,Nickel,0,0.5883595701616445,125b,125b
81bb3cb084,3cadb33f2f,Nickel,Nickel,0,0.5883595701616443,125b,125b
3cadb33f2f,326bd7053d,Nickel,Nickel,0,0.7178091803849387,125b,125b
326bd7053d,3cadb33f2f,Nickel,Nickel,0,0.7172168706566096,125b,125b
3cadb33f2f,867e742682,Nickel,Nickel,0,0.45852154894346714,125b,125b
867e742682,3cadb33f2f,Nickel,Nickel,0,0.45903583052235064,125b,125b
3cadb33f2f,9c6504e345,Nickel,Nickel,0,0.49899896165008145,125b,125b
9c6504e345,3cadb33f2f,Nickel,Nickel,0,0.49802089000636834,125b,125b
3cadb33f2f,27c03bf211,Nickel,Nickel,0,0.6973141009037581,125b,125b
27c03bf211,3cadb33f2f,Nickel,Nickel,0,0.6976476877545275,125b,125b
3cadb33f2f,ef85c2ef6b,Nickel,Nickel,0,0.5427989666639342,125b,125b
ef85c2ef6b,3cadb33f2f,Nickel,Nickel,0,0.5429308177116011,125b,125b
3cadb33f2f,9b00c4c264,Nickel,Nickel,0,0.8125792983975628,125b,125b
9b00c4c264,3cadb33f2f,Nickel,Nickel,0,0.8124297444363846,125b,125b
3cadb33f2f,93f6afc25d,Nickel,Nickel,0,0.5837787582691847,125b,125b
93f6afc25d,3cadb33f2f,Nickel,Nickel,0,0.5834289931575618,125b,125b
3cadb33f2f,a54ce43a84,Nickel,Nickel,0,0.5373705075786753,125b,125b
a54ce43a84,3cadb33f2f,Nickel,Nickel,0,0.5376357294652482,125b,125b
3cadb33f2f,218ae10a65,Nickel,Nickel,0,0.6266677461202851,125b,125b
218ae10a65,3cadb33f2f,Nickel,Nickel,0,0.48552276468686634,125b,125b
3cadb33f2f,9645e12969,Nickel,Nickel,0,0.521654690859868,125b,125b
9645e12969,3cadb33f2f,Nickel,Nickel,0,0.5211946480227065,125b,125b
3cadb33f2f,0db08b7f9e,Nickel,Nickel,0,0.6727821776731602,125b,125b
0db08b7f9e,3cadb33f2f,Nickel,Nickel,0,0.672976897471362,125b,125b
3cadb33f2f,fc6e345a87,Nickel,Nickel,0,0.456276149258395,125b,125b
fc6e345a87,3cadb33f2f,Nickel,Nickel,0,0.4565681349680855,125b,125b
3cadb33f2f,5187134316,Nickel,Nickel,0,0.6522050322997767,125b,125b
5187134316,3cadb33f2f,Nickel,Nickel,0,0.6521748780551812,125b,125b
3cadb33f2f,9fbbe4fcae,Nickel,Nickel,0,0.6450394118466256,125b,125b
9fbbe4fcae,3cadb33f2f,Nickel,Nickel,0,0.644899277487109,125b,125b
3cadb33f2f,744a7e7690,Nickel,Nickel,0,0.5749633306064373,125b,125b
744a7e7690,3cadb33f2f,Nickel,Nickel,0,0.5749352077419753,125b,125b
3cadb33f2f,9f5cee2a11,Nickel,Nickel,0,0.5897504527509584,125b,125b
9f5cee2a11,3cadb33f2f,Nickel,Nickel,0,0.5896237572123338,125b,125b
3cadb33f2f,3443ea5ba5,Nickel,Nickel,0,0.557270330879571,125b,125b
3443ea5ba5,3cadb33f2f,Nickel,Nickel,0,0.5559698207078343,125b,125b
3cadb33f2f,fa6595462f,Nickel,Nickel,0,0.5612842611308095,125b,125b
fa6595462f,3cadb33f2f,Nickel,Nickel,0,0.5611118148657617,125b,125b
3cadb33f2f,d469fc3f70,Nickel,Nickel,0,0.6295397638822964,125b,125b
d469fc3f70,3cadb33f2f,Nickel,Nickel,0,0.6295397638822964,125b,125b
3cadb33f2f,0e45ff7118,Nickel,Nickel,0,0.5416116801846,125b,125b
0e45ff7118,3cadb33f2f,Nickel,Nickel,0,0.5419004314715663,125b,125b
3cadb33f2f,a80b46b6d1,Nickel,Nickel,0,0.625113420560693,125b,125b
a80b46b6d1,3cadb33f2f,Nickel,Nickel,0,0.6247131775968131,125b,125b
3cadb33f2f,1ed3442cfa,Nickel,Nickel,0,0.5083028464671236,125b,125b
1ed3442cfa,3cadb33f2f,Nickel,Nickel,0,0.5084366874224626,125b,125b
3cadb33f2f,db4804f266,Nickel,Nickel,0,0.614249255555762,125b,125b
db4804f266,3cadb33f2f,Nickel,Nickel,0,0.6139182450899496,125b,125b
3cadb33f2f,bf77a5ca9b,Nickel,Nickel,0,0.5909289038664339,125b,125b
bf77a5ca9b,3cadb33f2f,Nickel,Nickel,0,0.58989578678378,125b,125b
3cadb33f2f,13189e401d,Nickel,Nickel,0,0.4710296022744627,125b,125b
13189e401d,3cadb33f2f,Nickel,Nickel,0,0.46884797270799405,125b,125b
3cadb33f2f,d5070cee0f,Nickel,Nickel,0,0.5476018106520929,125b,125b
d5070cee0f,3cadb33f2f,Nickel,Nickel,0,0.546606506786826,125b,125b
3cadb33f2f,27c44d34a4,Nickel,Nickel,0,0.5877515634125132,125b,125b
27c44d34a4,3cadb33f2f,Nickel,Nickel,0,0.5878744190484887,125b,125b
3cadb33f2f,4e0193ff9e,Nickel,Nickel,0,0.5250829332620536,125b,125b
4e0193ff9e,3cadb33f2f,Nickel,Nickel,0,0.5253882702542496,125b,125b
3cadb33f2f,3c6819beb9,Nickel,Nickel,0,0.5819241983051389,125b,125b
3c6819beb9,3cadb33f2f,Nickel,Nickel,0,0.5818589488146308,125b,125b
3cadb33f2f,3a2a75a851,Nickel,Nickel,0,0.7073525423724883,125b,125b
3a2a75a851,3cadb33f2f,Nickel,Nickel,0,0.7073525423724883,125b,125b
3cadb33f2f,0d991a198f,Nickel,Nickel,0,0.6110119450123778,125b,125b
0d991a198f,3cadb33f2f,Nickel,Nickel,0,0.6097823523117785,125b,125b
5e80774246,275310424a,Nickel,Nickel,0,0.7438866493648676,125b,125b
275310424a,5e80774246,Nickel,Nickel,0,0.7437066276306212,125b,125b
5e80774246,b4f6763191,Nickel,Nickel,0,0.5522061127038145,125b,125b
b4f6763191,5e80774246,Nickel,Nickel,0,0.5481364454714497,125b,125b
5e80774246,797ececd4d,Nickel,Nickel,0,0.6341714584819355,125b,125b
797ececd4d,5e80774246,Nickel,Nickel,0,0.6341831864279208,125b,125b
5e80774246,37d21f987c,Nickel,Nickel,0,0.42358450862423797,125b,125b
37d21f987c,5e80774246,Nickel,Nickel,0,0.4230007946011971,125b,125b
5e80774246,db9f861795,Nickel,Nickel,0,0.5449638325456229,125b,125b
db9f861795,5e80774246,Nickel,Nickel,0,0.5439509116310889,125b,125b
5e80774246,74711b8750,Nickel,Nickel,0,0.4608790853391192,125b,125b
74711b8750,5e80774246,Nickel,Nickel,0,0.4604096508042037,125b,125b
5e80774246,e139e26428,Nickel,Nickel,0,0.4354718128232534,125b,125b
e139e26428,5e80774246,Nickel,Nickel,0,0.4357673824005329,125b,125b
5e80774246,633fbb7de1,Nickel,Nickel,0,0.48067111312686045,125b,125b
633fbb7de1,5e80774246,Nickel,Nickel,0,0.4808719692466317,125b,125b
5e80774246,0b782c3069,Nickel,Nickel,0,0.6170455953389498,125b,125b
0b782c3069,5e80774246,Nickel,Nickel,0,0.6180892729383608,125b,125b
5e80774246,7204a1feeb,Nickel,Nickel,0,0.4985083122374128,125b,125b
7204a1feeb,5e80774246,Nickel,Nickel,0,0.49906170967750985,125b,125b
5e80774246,ef4d4aee2a,Nickel,Nickel,0,0.4015604858253736,125b,125b
ef4d4aee2a,5e80774246,Nickel,Nickel,0,0.40150683115469316,125b,125b
5e80774246,8c82f237f9,Nickel,Nickel,0,0.471925064435657,125b,125b
8c82f237f9,5e80774246,Nickel,Nickel,0,0.42195776251996675,125b,125b
5e80774246,d64504718a,Nickel,Nickel,0,0.5605795239861976,125b,125b
d64504718a,5e80774246,Nickel,Nickel,0,0.559559819994325,125b,125b
5e80774246,6e46d2b898,Nickel,Nickel,0,0.6137614065667026,125b,125b
6e46d2b898,5e80774246,Nickel,Nickel,0,0.6140107190126293,125b,125b
5e80774246,8edaa51105,Nickel,Nickel,0,0.5108452610943044,125b,125b
8edaa51105,5e80774246,Nickel,Nickel,0,0.5123827605392273,125b,125b
5e80774246,1be78463d7,Nickel,Nickel,0,0.512860548826546,125b,125b
1be78463d7,5e80774246,Nickel,Nickel,0,0.5128579632564877,125b,125b
5e80774246,8197f401c9,Nickel,Nickel,0,0.48515112642722447,125b,125b
8197f401c9,5e80774246,Nickel,Nickel,0,0.48552262825439274,125b,125b
5e80774246,803e2e304c,Nickel,Nickel,0,0.5124754134546273,125b,125b
803e2e304c,5e80774246,Nickel,Nickel,0,0.5123937050568793,125b,125b
5e80774246,07ffa2d44f,Nickel,Nickel,0,0.67659718045615,125b,125b
07ffa2d44f,5e80774246,Nickel,Nickel,0,0.6707401312143728,125b,125b
5e80774246,114a81160d,Nickel,Nickel,0,0.563788653256521,125b,125b
114a81160d,5e80774246,Nickel,Nickel,0,0.564701580154674,125b,125b
5e80774246,7db9fa3fdc,Nickel,Nickel,0,0.6956136062165579,125b,125b
7db9fa3fdc,5e80774246,Nickel,Nickel,0,0.6236282361587825,125b,125b
5e80774246,bd89ab2453,Nickel,Nickel,0,0.7212219998715931,125b,125b
bd89ab2453,5e80774246,Nickel,Nickel,0,0.7208247848280238,125b,125b
5e80774246,1f2544214d,Nickel,Nickel,0,0.4021407032438339,125b,125b
1f2544214d,5e80774246,Nickel,Nickel,0,0.4019062444774399,125b,125b
5e80774246,c2081b71be,Nickel,Nickel,0,0.5163380220303464,125b,125b
c2081b71be,5e80774246,Nickel,Nickel,0,0.515886898431605,125b,125b
5e80774246,a404412c4e,Nickel,Nickel,0,0.7055384946706453,125b,125b
a404412c4e,5e80774246,Nickel,Nickel,0,0.705468843901885,125b,125b
5e80774246,ff11e3e39e,Nickel,Nickel,0,0.5305590485649959,125b,125b
ff11e3e39e,5e80774246,Nickel,Nickel,0,0.5306323397260571,125b,125b
5e80774246,88c293654f,Nickel,Nickel,0,0.5939322305036102,125b,125b
88c293654f,5e80774246,Nickel,Nickel,0,0.594282318724534,125b,125b
5e80774246,ae9b0acf0b,Nickel,Nickel,0,0.5678039585769687,125b,125b
ae9b0acf0b,5e80774246,Nickel,Nickel,0,0.5680518791094222,125b,125b
5e80774246,a3b1085bea,Nickel,Nickel,0,0.6356527606492803,125b,125b
a3b1085bea,5e80774246,Nickel,Nickel,0,0.636123630523616,125b,125b
5e80774246,f366f00cde,Nickel,Nickel,0,0.5200631021401522,125b,125b
f366f00cde,5e80774246,Nickel,Nickel,0,0.5203865720131144,125b,125b
5e80774246,81bb3cb084,Nickel,Nickel,0,0.44031254798241043,125b,125b
81bb3cb084,5e80774246,Nickel,Nickel,0,0.44031886465934567,125b,125b
5e80774246,326bd7053d,Nickel,Nickel,0,0.5298596503499655,125b,125b
326bd7053d,5e80774246,Nickel,Nickel,0,0.5286922580368332,125b,125b
5e80774246,867e742682,Nickel,Nickel,0,0.5996391038397466,125b,125b
867e742682,5e80774246,Nickel,Nickel,0,0.5774810516007362,125b,125b
5e80774246,9c6504e345,Nickel,Nickel,0,0.6299950922274726,125b,125b
9c6504e345,5e80774246,Nickel,Nickel,0,0.630030049361591,125b,125b
5e80774246,27c03bf211,Nickel,Nickel,0,0.4724603744821982,125b,125b
27c03bf211,5e80774246,Nickel,Nickel,0,0.47246705236330616,125b,125b
5e80774246,ef85c2ef6b,Nickel,Nickel,0,0.5021276123385094,125b,125b
ef85c2ef6b,5e80774246,Nickel,Nickel,0,0.5011274330137535,125b,125b
5e80774246,9b00c4c264,Nickel,Nickel,0,0.4272432545758098,125b,125b
9b00c4c264,5e80774246,Nickel,Nickel,0,0.427332586496353,125b,125b
5e80774246,93f6afc25d,Nickel,Nickel,0,0.6532890717327521,125b,125b
93f6afc25d,5e80774246,Nickel,Nickel,0,0.653289071732752,125b,125b
5e80774246,a54ce43a84,Nickel,Nickel,0,0.6197646271075963,125b,125b
a54ce43a84,5e80774246,Nickel,Nickel,0,0.6192379355307538,125b,125b
5e80774246,218ae10a65,Nickel,Nickel,0,0.47113686246884073,125b,125b
218ae10a65,5e80774246,Nickel,Nickel,0,0.4712950047414778,125b,125b
5e80774246,9645e12969,Nickel,Nickel,0,0.4084510317558425,125b,125b
9645e12969,5e80774246,Nickel,Nickel,0,0.4095297515712293,125b,125b
5e80774246,0db08b7f9e,Nickel,Nickel,0,0.5898607633603768,125b,125b
0db08b7f9e,5e80774246,Nickel,Nickel,0,0.5905394841691216,125b,125b
5e80774246,fc6e345a87,Nickel,Nickel,0,0.4631685654730612,125b,125b
fc6e345a87,5e80774246,Nickel,Nickel,0,0.4631527262706096,125b,125b
5e80774246,5187134316,Nickel,Nickel,0,0.5548660006842971,125b,125b
5187134316,5e80774246,Nickel,Nickel,0,0.5699096643710784,125b,125b
5e80774246,9fbbe4fcae,Nickel,Nickel,0,0.4570670178451106,125b,125b
9fbbe4fcae,5e80774246,Nickel,Nickel,0,0.5626047460345527,125b,125b
5e80774246,744a7e7690,Nickel,Nickel,0,0.5339842240123276,125b,125b
744a7e7690,5e80774246,Nickel,Nickel,0,0.5343064014894038,125b,125b
5e80774246,9f5cee2a11,Nickel,Nickel,0,0.5315477958858772,125b,125b
9f5cee2a11,5e80774246,Nickel,Nickel,0,0.5315652646650392,125b,125b
5e80774246,3443ea5ba5,Nickel,Nickel,0,0.4825180019533691,125b,125b
3443ea5ba5,5e80774246,Nickel,Nickel,0,0.4698454720563828,125b,125b
5e80774246,fa6595462f,Nickel,Nickel,0,0.5734461607303194,125b,125b
fa6595462f,5e80774246,Nickel,Nickel,0,0.5732658654491621,125b,125b
5e80774246,d469fc3f70,Nickel,Nickel,0,0.5083150612917651,125b,125b
d469fc3f70,5e80774246,Nickel,Nickel,0,0.507574310575833,125b,125b
5e80774246,0e45ff7118,Nickel,Nickel,0,0.577022619172526,125b,125b
0e45ff7118,5e80774246,Nickel,Nickel,0,0.5773119124283765,125b,125b
5e80774246,a80b46b6d1,Nickel,Nickel,0,0.49439871132769864,125b,125b
a80b46b6d1,5e80774246,Nickel,Nickel,0,0.4949494167024852,125b,125b
5e80774246,1ed3442cfa,Nickel,Nickel,0,0.47260563691931884,125b,125b
1ed3442cfa,5e80774246,Nickel,Nickel,0,0.47252091433344023,125b,125b
5e80774246,db4804f266,Nickel,Nickel,0,0.5421658744544708,125b,125b
db4804f266,5e80774246,Nickel,Nickel,0,0.5429010247713909,125b,125b
5e80774246,bf77a5ca9b,Nickel,Nickel,0,0.43031934873587957,125b,125b
bf77a5ca9b,5e80774246,Nickel,Nickel,0,0.43006343702269567,125b,125b
5e80774246,13189e401d,Nickel,Nickel,0,0.5285151889191481,125b,125b
13189e401d,5e80774246,Nickel,Nickel,0,0.528507479406487,125b,125b
5e80774246,d5070cee0f,Nickel,Nickel,0,0.6207623422293809,125b,125b
d5070cee0f,5e80774246,Nickel,Nickel,0,0.6211666055022274,125b,125b
5e80774246,27c44d34a4,Nickel,Nickel,0,0.48964019047653135,125b,125b
27c44d34a4,5e80774246,Nickel,Nickel,0,0.48943624974331335,125b,125b
5e80774246,4e0193ff9e,Nickel,Nickel,0,0.4041296358504639,125b,125b
4e0193ff9e,5e80774246,Nickel,Nickel,0,0.40422924141958133,125b,125b
5e80774246,3c6819beb9,Nickel,Nickel,0,0.608802554498554,125b,125b
3c6819beb9,5e80774246,Nickel,Nickel,0,0.608485701609155,125b,125b
5e80774246,3a2a75a851,Nickel,Nickel,0,0.4600090734414128,125b,125b
3a2a75a851,5e80774246,Nickel,Nickel,0,0.4599417412057806,125b,125b
5e80774246,0d991a198f,Nickel,Nickel,0,0.47203593327713494,125b,125b
0d991a198f,5e80774246,Nickel,Nickel,0,0.47158952799433507,125b,125b
275310424a,b4f6763191,Nickel,Nickel,0,0.6810401446532515,125b,125b
b4f6763191,275310424a,Nickel,Nickel,0,0.6814123059450226,125b,125b
275310424a,797ececd4d,Nickel,Nickel,0,0.6468175107128972,125b,125b
797ececd4d,275310424a,Nickel,Nickel,0,0.6470853388361247,125b,125b
275310424a,37d21f987c,Nickel,Nickel,0,0.5808068696421006,125b,125b
37d21f987c,275310424a,Nickel,Nickel,0,0.5807181500249434,125b,125b
275310424a,db9f861795,Nickel,Nickel,0,0.5897426193679955,125b,125b
db9f861795,275310424a,Nickel,Nickel,0,0.5901558491796178,125b,125b
275310424a,74711b8750,Nickel,Nickel,0,0.5221891314418232,125b,125b
74711b8750,275310424a,Nickel,Nickel,0,0.5425836877998277,125b,125b
275310424a,e139e26428,Nickel,Nickel,0,0.6839029474054004,125b,125b
e139e26428,275310424a,Nickel,Nickel,0,0.683717551066068,125b,125b
275310424a,633fbb7de1,Nickel,Nickel,0,0.6312952669527128,125b,125b
633fbb7de1,275310424a,Nickel,Nickel,0,0.631260831164215,125b,125b
275310424a,0b782c3069,Nickel,Nickel,0,0.4852829976752977,125b,125b
0b782c3069,275310424a,Nickel,Nickel,0,0.4852829976752977,125b,125b
275310424a,7204a1feeb,Nickel,Nickel,0,0.5713270554213875,125b,125b
7204a1feeb,275310424a,Nickel,Nickel,0,0.5714458296752198,125b,125b
275310424a,ef4d4aee2a,Nickel,Nickel,0,0.6869979641057349,125b,125b
ef4d4aee2a,275310424a,Nickel,Nickel,0,0.6864856225481081,125b,125b
275310424a,8c82f237f9,Nickel,Nickel,0,0.49649821527084936,125b,125b
8c82f237f9,275310424a,Nickel,Nickel,0,0.49840223645215126,125b,125b
275310424a,d64504718a,Nickel,Nickel,0,0.5783333270914978,125b,125b
d64504718a,275310424a,Nickel,Nickel,0,0.6283340916227145,125b,125b
275310424a,6e46d2b898,Nickel,Nickel,0,0.6540961762298179,125b,125b
6e46d2b898,275310424a,Nickel,Nickel,0,0.6540536569123984,125b,125b
275310424a,8edaa51105,Nickel,Nickel,0,0.6210880492339131,125b,125b
8edaa51105,275310424a,Nickel,Nickel,0,0.6196895581332758,125b,125b
275310424a,1be78463d7,Nickel,Nickel,0,0.554587763163537,125b,125b
1be78463d7,275310424a,Nickel,Nickel,0,0.5547835334765064,125b,125b
275310424a,8197f401c9,Nickel,Nickel,0,0.43676108554105675,125b,125b
8197f401c9,275310424a,Nickel,Nickel,0,0.43849270531845613,125b,125b
275310424a,803e2e304c,Nickel,Nickel,0,0.4984033062923839,125b,125b
803e2e304c,275310424a,Nickel,Nickel,0,0.5014103946013593,125b,125b
275310424a,07ffa2d44f,Nickel,Nickel,0,0.5479381671209981,125b,125b
07ffa2d44f,275310424a,Nickel,Nickel,0,0.5485960134216467,125b,125b
275310424a,114a81160d,Nickel,Nickel,0,0.5117752012276213,125b,125b
114a81160d,275310424a,Nickel,Nickel,0,0.5118849774080116,125b,125b
275310424a,7db9fa3fdc,Nickel,Nickel,0,0.5609606071664234,125b,125b
7db9fa3fdc,275310424a,Nickel,Nickel,0,0.5609349519318886,125b,125b
275310424a,bd89ab2453,Nickel,Nickel,0,0.6258320115930578,125b,125b
bd89ab2453,275310424a,Nickel,Nickel,0,0.6236505276243257,125b,125b
275310424a,1f2544214d,Nickel,Nickel,0,0.5627225548952607,125b,125b
1f2544214d,275310424a,Nickel,Nickel,0,0.5626612665420914,125b,125b
275310424a,c2081b71be,Nickel,Nickel,0,0.6337230446716305,125b,125b
c2081b71be,275310424a,Nickel,Nickel,0,0.633871676544298,125b,125b
275310424a,a404412c4e,Nickel,Nickel,0,0.6240236050444763,125b,125b
a404412c4e,275310424a,Nickel,Nickel,0,0.6270668249943709,125b,125b
275310424a,ff11e3e39e,Nickel,Nickel,0,0.5499533179466146,125b,125b
ff11e3e39e,275310424a,Nickel,Nickel,0,0.5497553367984235,125b,125b
275310424a,88c293654f,Nickel,Nickel,0,0.551475096441258,125b,125b
88c293654f,275310424a,Nickel,Nickel,0,0.5514920782968525,125b,125b
275310424a,ae9b0acf0b,Nickel,Nickel,0,0.48640551397057435,125b,125b
ae9b0acf0b,275310424a,Nickel,Nickel,0,0.4863080767655266,125b,125b
275310424a,a3b1085bea,Nickel,Nickel,0,0.7034762586765911,125b,125b
a3b1085bea,275310424a,Nickel,Nickel,0,0.7034870949098451,125b,125b
275310424a,f366f00cde,Nickel,Nickel,0,0.6096026994781045,125b,125b
f366f00cde,275310424a,Nickel,Nickel,0,0.609273620073746,125b,125b
275310424a,81bb3cb084,Nickel,Nickel,0,0.49999324827139924,125b,125b
81bb3cb084,275310424a,Nickel,Nickel,0,0.5000899820353709,125b,125b
275310424a,326bd7053d,Nickel,Nickel,0,0.4882923111424297,125b,125b
326bd7053d,275310424a,Nickel,Nickel,0,0.4879661523324573,125b,125b
275310424a,867e742682,Nickel,Nickel,0,0.4756915485488533,125b,125b
867e742682,275310424a,Nickel,Nickel,0,0.47433147756400973,125b,125b
275310424a,9c6504e345,Nickel,Nickel,0,0.5526769287722718,125b,125b
9c6504e345,275310424a,Nickel,Nickel,0,0.5528596545848524,125b,125b
275310424a,27c03bf211,Nickel,Nickel,0,0.7352865994978175,125b,125b
27c03bf211,275310424a,Nickel,Nickel,0,0.7347206135860365,125b,125b
275310424a,ef85c2ef6b,Nickel,Nickel,0,0.8575751134458155,125b,125b
ef85c2ef6b,275310424a,Nickel,Nickel,0,0.85756721467127,125b,125b
275310424a,9b00c4c264,Nickel,Nickel,0,0.5030372108581769,125b,125b
9b00c4c264,275310424a,Nickel,Nickel,0,0.5015559780753672,125b,125b
275310424a,93f6afc25d,Nickel,Nickel,0,0.5629935695013557,125b,125b
93f6afc25d,275310424a,Nickel,Nickel,0,0.5630756178738349,125b,125b
275310424a,a54ce43a84,Nickel,Nickel,0,0.6567885376762055,125b,125b
a54ce43a84,275310424a,Nickel,Nickel,0,0.6567335468138683,125b,125b
275310424a,218ae10a65,Nickel,Nickel,0,0.742976108171121,125b,125b
218ae10a65,275310424a,Nickel,Nickel,0,0.7427851695586032,125b,125b
275310424a,9645e12969,Nickel,Nickel,0,0.6057479428136067,125b,125b
9645e12969,275310424a,Nickel,Nickel,0,0.6057479428136069,125b,125b
275310424a,0db08b7f9e,Nickel,Nickel,0,0.6477658826935798,125b,125b
0db08b7f9e,275310424a,Nickel,Nickel,0,0.6476300077696754,125b,125b
275310424a,fc6e345a87,Nickel,Nickel,0,0.42138354182022786,125b,125b
fc6e345a87,275310424a,Nickel,Nickel,0,0.4212835836889244,125b,125b
275310424a,5187134316,Nickel,Nickel,0,0.7083539118019816,125b,125b
5187134316,275310424a,Nickel,Nickel,0,0.7118347784164348,125b,125b
275310424a,9fbbe4fcae,Nickel,Nickel,0,0.6219613465545428,125b,125b
9fbbe4fcae,275310424a,Nickel,Nickel,0,0.6220391218310974,125b,125b
275310424a,744a7e7690,Nickel,Nickel,0,0.5431512626763171,125b,125b
744a7e7690,275310424a,Nickel,Nickel,0,0.5432332230324107,125b,125b
275310424a,9f5cee2a11,Nickel,Nickel,0,0.7014311211343641,125b,125b
9f5cee2a11,275310424a,Nickel,Nickel,0,0.7016183080744862,125b,125b
275310424a,3443ea5ba5,Nickel,Nickel,0,0.6090182158444631,125b,125b
3443ea5ba5,275310424a,Nickel,Nickel,0,0.6132923332727976,125b,125b
275310424a,fa6595462f,Nickel,Nickel,0,0.6515361245071504,125b,125b
fa6595462f,275310424a,Nickel,Nickel,0,0.651610464353989,125b,125b
275310424a,d469fc3f70,Nickel,Nickel,0,0.6026799790005476,125b,125b
d469fc3f70,275310424a,Nickel,Nickel,0,0.602867943879887,125b,125b
275310424a,0e45ff7118,Nickel,Nickel,0,0.4870007783781895,125b,125b
0e45ff7118,275310424a,Nickel,Nickel,0,0.4870159089799929,125b,125b
275310424a,a80b46b6d1,Nickel,Nickel,0,0.6065274390221017,125b,125b
a80b46b6d1,275310424a,Nickel,Nickel,0,0.6068284211924813,125b,125b
275310424a,1ed3442cfa,Nickel,Nickel,0,0.5455674189631432,125b,125b
1ed3442cfa,275310424a,Nickel,Nickel,0,0.546290325140165,125b,125b
275310424a,db4804f266,Nickel,Nickel,0,0.6108849025492058,125b,125b
db4804f266,275310424a,Nickel,Nickel,0,0.6140324634404373,125b,125b
275310424a,bf77a5ca9b,Nickel,Nickel,0,0.6007645001707493,125b,125b
bf77a5ca9b,275310424a,Nickel,Nickel,0,0.6000704157522851,125b,125b
275310424a,13189e401d,Nickel,Nickel,0,0.7133715512365051,125b,125b
13189e401d,275310424a,Nickel,Nickel,0,0.7127743286761452,125b,125b
275310424a,d5070cee0f,Nickel,Nickel,0,0.6545296887003405,125b,125b
d5070cee0f,275310424a,Nickel,Nickel,0,0.6544961515892134,125b,125b
275310424a,27c44d34a4,Nickel,Nickel,0,0.5490235802228977,125b,125b
27c44d34a4,275310424a,Nickel,Nickel,0,0.5469491308884951,125b,125b
275310424a,4e0193ff9e,Nickel,Nickel,0,0.46659644732090216,125b,125b
4e0193ff9e,275310424a,Nickel,Nickel,0,0.4668889452360705,125b,125b
275310424a,3c6819beb9,Nickel,Nickel,0,0.6214211806353873,125b,125b
3c6819beb9,275310424a,Nickel,Nickel,0,0.6217560523567164,125b,125b
275310424a,3a2a75a851,Nickel,Nickel,0,0.5133214528719615,125b,125b
3a2a75a851,275310424a,Nickel,Nickel,0,0.5185428499725877,125b,125b
275310424a,0d991a198f,Nickel,Nickel,0,0.5320636552541217,125b,125b
0d991a198f,275310424a,Nickel,Nickel,0,0.5320309561851971,125b,125b
b4f6763191,797ececd4d,Nickel,Nickel,0,0.6741631399205195,125b,125b
797ececd4d,b4f6763191,Nickel,Nickel,0,0.6743213593906646,125b,125b
b4f6763191,37d21f987c,Nickel,Nickel,0,0.5360231858480387,125b,125b
37d21f987c,b4f6763191,Nickel,Nickel,0,0.5367549123608649,125b,125b
b4f6763191,db9f861795,Nickel,Nickel,0,0.5328121800841297,125b,125b
db9f861795,b4f6763191,Nickel,Nickel,0,0.5327238463722646,125b,125b
b4f6763191,74711b8750,Nickel,Nickel,0,0.567698001843582,125b,125b
74711b8750,b4f6763191,Nickel,Nickel,0,0.5676980018435821,125b,125b
b4f6763191,e139e26428,Nickel,Nickel,0,0.7016649052911925,125b,125b
e139e26428,b4f6763191,Nickel,Nickel,0,0.7018066266660055,125b,125b
b4f6763191,633fbb7de1,Nickel,Nickel,0,0.7015963090617688,125b,125b
633fbb7de1,b4f6763191,Nickel,Nickel,0,0.7015963090617687,125b,125b
b4f6763191,0b782c3069,Nickel,Nickel,0,0.5743494013305469,125b,125b
0b782c3069,b4f6763191,Nickel,Nickel,0,0.5733703202287502,125b,125b
b4f6763191,7204a1feeb,Nickel,Nickel,0,0.5410132795397792,125b,125b
7204a1feeb,b4f6763191,Nickel,Nickel,0,0.5416489784008328,125b,125b
b4f6763191,ef4d4aee2a,Nickel,Nickel,0,0.6716184408834126,125b,125b
ef4d4aee2a,b4f6763191,Nickel,Nickel,0,0.6716184408834122,125b,125b
b4f6763191,8c82f237f9,Nickel,Nickel,0,0.508314894583815,125b,125b
8c82f237f9,b4f6763191,Nickel,Nickel,0,0.5080383431403305,125b,125b
b4f6763191,d64504718a,Nickel,Nickel,0,0.4636997357267219,125b,125b
d64504718a,b4f6763191,Nickel,Nickel,0,0.4636102429123378,125b,125b
b4f6763191,6e46d2b898,Nickel,Nickel,0,0.7143959741818363,125b,125b
6e46d2b898,b4f6763191,Nickel,Nickel,0,0.714534465567486,125b,125b
b4f6763191,8edaa51105,Nickel,Nickel,0,0.7753066084811198,125b,125b
8edaa51105,b4f6763191,Nickel,Nickel,0,0.774544605780605,125b,125b
b4f6763191,1be78463d7,Nickel,Nickel,0,0.6037773037567387,125b,125b
1be78463d7,b4f6763191,Nickel,Nickel,0,0.6037492018425203,125b,125b
b4f6763191,07ffa2d44f,Nickel,Nickel,0,0.586649088787614,125b,125b
07ffa2d44f,b4f6763191,Nickel,Nickel,0,0.5871354099459439,125b,125b
b4f6763191,114a81160d,Nickel,Nickel,0,0.4976915863924204,125b,125b
114a81160d,b4f6763191,Nickel,Nickel,0,0.49604675213998023,125b,125b
b4f6763191,7db9fa3fdc,Nickel,Nickel,0,0.5713945183635678,125b,125b
7db9fa3fdc,b4f6763191,Nickel,Nickel,0,0.5716162365487326,125b,125b
b4f6763191,bd89ab2453,Nickel,Nickel,0,0.6694359809948078,125b,125b
bd89ab2453,b4f6763191,Nickel,Nickel,0,0.6686372241332802,125b,125b
b4f6763191,a404412c4e,Nickel,Nickel,0,0.7243340303520336,125b,125b
a404412c4e,b4f6763191,Nickel,Nickel,0,0.6982466042001384,125b,125b
b4f6763191,a3b1085bea,Nickel,Nickel,0,0.5088126780418791,125b,125b
a3b1085bea,b4f6763191,Nickel,Nickel,0,0.5085769434621565,125b,125b
b4f6763191,f366f00cde,Nickel,Nickel,0,0.6340704434873964,125b,125b
f366f00cde,b4f6763191,Nickel,Nickel,0,0.6341056051005862,125b,125b
b4f6763191,81bb3cb084,Nickel,Nickel,0,0.5333129963865145,125b,125b
81bb3cb084,b4f6763191,Nickel,Nickel,0,0.5335433315148019,125b,125b
b4f6763191,326bd7053d,Nickel,Nickel,0,0.5999246484843387,125b,125b
326bd7053d,b4f6763191,Nickel,Nickel,0,0.5987050963824452,125b,125b
b4f6763191,9c6504e345,Nickel,Nickel,0,0.5332566783981085,125b,125b
9c6504e345,b4f6763191,Nickel,Nickel,0,0.5330811219166537,125b,125b
b4f6763191,ef85c2ef6b,Nickel,Nickel,0,0.5721520000453401,125b,125b
ef85c2ef6b,b4f6763191,Nickel,Nickel,0,0.5716329550407181,125b,125b
b4f6763191,9b00c4c264,Nickel,Nickel,0,0.5448403221602449,125b,125b
9b00c4c264,b4f6763191,Nickel,Nickel,0,0.5440301286785463,125b,125b
b4f6763191,218ae10a65,Nickel,Nickel,0,0.5035229157562736,125b,125b
218ae10a65,b4f6763191,Nickel,Nickel,0,0.5034327340537736,125b,125b
b4f6763191,9645e12969,Nickel,Nickel,0,0.5336228642263195,125b,125b
9645e12969,b4f6763191,Nickel,Nickel,0,0.5342128674619511,125b,125b
b4f6763191,fc6e345a87,Nickel,Nickel,0,0.5200333106740554,125b,125b
fc6e345a87,b4f6763191,Nickel,Nickel,0,0.5200333106740551,125b,125b
b4f6763191,5187134316,Nickel,Nickel,0,0.5406395142436361,125b,125b
5187134316,b4f6763191,Nickel,Nickel,0,0.540639514243636,125b,125b
b4f6763191,9fbbe4fcae,Nickel,Nickel,0,0.6011911644582745,125b,125b
9fbbe4fcae,b4f6763191,Nickel,Nickel,0,0.601011872404663,125b,125b
b4f6763191,3443ea5ba5,Nickel,Nickel,0,0.47492782289195545,125b,125b
3443ea5ba5,b4f6763191,Nickel,Nickel,0,0.4747058496852479,125b,125b
b4f6763191,fa6595462f,Nickel,Nickel,0,0.6299605128589003,125b,125b
fa6595462f,b4f6763191,Nickel,Nickel,0,0.6293995085716548,125b,125b
b4f6763191,d469fc3f70,Nickel,Nickel,0,0.6849470302792529,125b,125b
d469fc3f70,b4f6763191,Nickel,Nickel,0,0.6842065745902479,125b,125b
b4f6763191,0e45ff7118,Nickel,Nickel,0,0.6579876516442343,125b,125b
0e45ff7118,b4f6763191,Nickel,Nickel,0,0.6580941092368885,125b,125b
b4f6763191,a80b46b6d1,Nickel,Nickel,0,0.5637292667640345,125b,125b
a80b46b6d1,b4f6763191,Nickel,Nickel,0,0.5632330259873113,125b,125b
b4f6763191,db4804f266,Nickel,Nickel,0,0.4400054193044155,125b,125b
db4804f266,b4f6763191,Nickel,Nickel,0,0.44000541930441534,125b,125b
b4f6763191,bf77a5ca9b,Nickel,Nickel,0,0.6786003280723908,125b,125b
bf77a5ca9b,b4f6763191,Nickel,Nickel,0,0.678596408068335,125b,125b
b4f6763191,13189e401d,Nickel,Nickel,0,0.7836950356442804,125b,125b
13189e401d,b4f6763191,Nickel,Nickel,0,0.783963244613532,125b,125b
b4f6763191,27c44d34a4,Nickel,Nickel,0,0.5819013959960007,125b,125b
27c44d34a4,b4f6763191,Nickel,Nickel,0,0.5821555190473244,125b,125b
b4f6763191,3c6819beb9,Nickel,Nickel,0,0.5505379786593274,125b,125b
3c6819beb9,b4f6763191,Nickel,Nickel,0,0.541701853155931,125b,125b
b4f6763191,3a2a75a851,Nickel,Nickel,0,0.6666668194640663,125b,125b
3a2a75a851,b4f6763191,Nickel,Nickel,0,0.6660801860680478,125b,125b
b4f6763191,0d991a198f,Nickel,Nickel,0,0.5787608996868562,125b,125b
0d991a198f,b4f6763191,Nickel,Nickel,0,0.5788554940860091,125b,125b
797ececd4d,37d21f987c,Nickel,Nickel,0,0.5286126797833474,125b,125b
37d21f987c,797ececd4d,Nickel,Nickel,0,0.5294076537926864,125b,125b
797ececd4d,db9f861795,Nickel,Nickel,0,0.4515447263614953,125b,125b
db9f861795,797ececd4d,Nickel,Nickel,0,0.45166379972666515,125b,125b
797ececd4d,74711b8750,Nickel,Nickel,0,0.6305207329810045,125b,125b
74711b8750,797ececd4d,Nickel,Nickel,0,0.6303871172093709,125b,125b
797ececd4d,e139e26428,Nickel,Nickel,0,0.46894562157305236,125b,125b
e139e26428,797ececd4d,Nickel,Nickel,0,0.46942865415492085,125b,125b
797ececd4d,633fbb7de1,Nickel,Nickel,0,0.4919858383735177,125b,125b
633fbb7de1,797ececd4d,Nickel,Nickel,0,0.4922674461768332,125b,125b
797ececd4d,0b782c3069,Nickel,Nickel,0,0.4795824460719738,125b,125b
0b782c3069,797ececd4d,Nickel,Nickel,0,0.4793016131853162,125b,125b
797ececd4d,7204a1feeb,Nickel,Nickel,0,0.616559040884408,125b,125b
7204a1feeb,797ececd4d,Nickel,Nickel,0,0.7015664984750571,125b,125b
797ececd4d,ef4d4aee2a,Nickel,Nickel,0,0.6045323934732054,125b,125b
ef4d4aee2a,797ececd4d,Nickel,Nickel,0,0.6036820065426401,125b,125b
797ececd4d,8c82f237f9,Nickel,Nickel,0,0.4488494165629111,125b,125b
8c82f237f9,797ececd4d,Nickel,Nickel,0,0.4484532748847006,125b,125b
797ececd4d,d64504718a,Nickel,Nickel,0,0.6532571229030286,125b,125b
d64504718a,797ececd4d,Nickel,Nickel,0,0.6532328584441964,125b,125b
797ececd4d,6e46d2b898,Nickel,Nickel,0,0.6738238865992031,125b,125b
6e46d2b898,797ececd4d,Nickel,Nickel,0,0.6174719879313749,125b,125b
797ececd4d,8edaa51105,Nickel,Nickel,0,0.472290948281929,125b,125b
8edaa51105,797ececd4d,Nickel,Nickel,0,0.4704914277103761,125b,125b
797ececd4d,1be78463d7,Nickel,Nickel,0,0.5852429582452465,125b,125b
1be78463d7,797ececd4d,Nickel,Nickel,0,0.5850107628760602,125b,125b
797ececd4d,8197f401c9,Nickel,Nickel,0,0.39762829754479817,125b,125b
8197f401c9,797ececd4d,Nickel,Nickel,0,0.39769043654468356,125b,125b
797ececd4d,803e2e304c,Nickel,Nickel,0,0.5443381891895821,125b,125b
803e2e304c,797ececd4d,Nickel,Nickel,0,0.5445390948776822,125b,125b
797ececd4d,07ffa2d44f,Nickel,Nickel,0,0.6091420357944013,125b,125b
07ffa2d44f,797ececd4d,Nickel,Nickel,0,0.6090277493046596,125b,125b
797ececd4d,114a81160d,Nickel,Nickel,0,0.5573117828405576,125b,125b
114a81160d,797ececd4d,Nickel,Nickel,0,0.5562334738584142,125b,125b
797ececd4d,7db9fa3fdc,Nickel,Nickel,0,0.5746576106963331,125b,125b
7db9fa3fdc,797ececd4d,Nickel,Nickel,0,0.5744587643790765,125b,125b
797ececd4d,bd89ab2453,Nickel,Nickel,0,0.5901221197613385,125b,125b
bd89ab2453,797ececd4d,Nickel,Nickel,0,0.5902786825720833,125b,125b
797ececd4d,1f2544214d,Nickel,Nickel,0,0.5179591041946052,125b,125b
1f2544214d,797ececd4d,Nickel,Nickel,0,0.517568493337645,125b,125b
797ececd4d,c2081b71be,Nickel,Nickel,0,0.6575031769117196,125b,125b
c2081b71be,797ececd4d,Nickel,Nickel,0,0.6336257696019694,125b,125b
797ececd4d,a404412c4e,Nickel,Nickel,0,0.4987204126719889,125b,125b
a404412c4e,797ececd4d,Nickel,Nickel,0,0.49885261165513506,125b,125b
797ececd4d,ff11e3e39e,Nickel,Nickel,0,0.46749383925963683,125b,125b
ff11e3e39e,797ececd4d,Nickel,Nickel,0,0.46693614050242377,125b,125b
797ececd4d,88c293654f,Nickel,Nickel,0,0.633310348229075,125b,125b
88c293654f,797ececd4d,Nickel,Nickel,0,0.6328418099777892,125b,125b
797ececd4d,ae9b0acf0b,Nickel,Nickel,0,0.6920803000843243,125b,125b
ae9b0acf0b,797ececd4d,Nickel,Nickel,0,0.6919518902683842,125b,125b
797ececd4d,a3b1085bea,Nickel,Nickel,0,0.6021136135662973,125b,125b
a3b1085bea,797ececd4d,Nickel,Nickel,0,0.6020928153721828,125b,125b
797ececd4d,f366f00cde,Nickel,Nickel,0,0.5906653449299555,125b,125b
f366f00cde,797ececd4d,Nickel,Nickel,0,0.5906496024923891,125b,125b
797ececd4d,81bb3cb084,Nickel,Nickel,0,0.6373350216905047,125b,125b
81bb3cb084,797ececd4d,Nickel,Nickel,0,0.6269300717522153,125b,125b
797ececd4d,326bd7053d,Nickel,Nickel,0,0.566726367584957,125b,125b
326bd7053d,797ececd4d,Nickel,Nickel,0,0.566207018800503,125b,125b
797ececd4d,867e742682,Nickel,Nickel,0,0.46452321481344183,125b,125b
867e742682,797ececd4d,Nickel,Nickel,0,0.4637734744770228,125b,125b
797ececd4d,9c6504e345,Nickel,Nickel,0,0.8003196551929943,125b,125b
9c6504e345,797ececd4d,Nickel,Nickel,0,0.7999781120622567,125b,125b
797ececd4d,27c03bf211,Nickel,Nickel,0,0.5211139049504169,125b,125b
27c03bf211,797ececd4d,Nickel,Nickel,0,0.5208385412323423,125b,125b
797ececd4d,ef85c2ef6b,Nickel,Nickel,0,0.6355204467593383,125b,125b
ef85c2ef6b,797ececd4d,Nickel,Nickel,0,0.6508013947573205,125b,125b
797ececd4d,9b00c4c264,Nickel,Nickel,0,0.4680024790213805,125b,125b
9b00c4c264,797ececd4d,Nickel,Nickel,0,0.4679972697377794,125b,125b
797ececd4d,93f6afc25d,Nickel,Nickel,0,0.5135107006661424,125b,125b
93f6afc25d,797ececd4d,Nickel,Nickel,0,0.5135417638454247,125b,125b
797ececd4d,a54ce43a84,Nickel,Nickel,0,0.6772824737682457,125b,125b
a54ce43a84,797ececd4d,Nickel,Nickel,0,0.6774132317600421,125b,125b
797ececd4d,218ae10a65,Nickel,Nickel,0,0.8650148317924267,125b,125b
218ae10a65,797ececd4d,Nickel,Nickel,0,0.8650636719770354,125b,125b
797ececd4d,9645e12969,Nickel,Nickel,0,0.5775698099375964,125b,125b
9645e12969,797ececd4d,Nickel,Nickel,0,0.577737148758918,125b,125b
797ececd4d,0db08b7f9e,Nickel,Nickel,0,0.8082770196412664,125b,125b
0db08b7f9e,797ececd4d,Nickel,Nickel,0,0.728953877109745,125b,125b
797ececd4d,fc6e345a87,Nickel,Nickel,0,0.5057660385255979,125b,125b
fc6e345a87,797ececd4d,Nickel,Nickel,0,0.508656794996674,125b,125b
797ececd4d,5187134316,Nickel,Nickel,0,0.5420549658362227,125b,125b
5187134316,797ececd4d,Nickel,Nickel,0,0.5421344596659025,125b,125b
797ececd4d,9fbbe4fcae,Nickel,Nickel,0,0.7118434348624206,125b,125b
9fbbe4fcae,797ececd4d,Nickel,Nickel,0,0.7792120079551123,125b,125b
797ececd4d,744a7e7690,Nickel,Nickel,0,0.6235274708085295,125b,125b
744a7e7690,797ececd4d,Nickel,Nickel,0,0.6224098399245301,125b,125b
797ececd4d,9f5cee2a11,Nickel,Nickel,0,0.5989085271698857,125b,125b
9f5cee2a11,797ececd4d,Nickel,Nickel,0,0.5989260865553601,125b,125b
797ececd4d,3443ea5ba5,Nickel,Nickel,0,0.46453153737098657,125b,125b
3443ea5ba5,797ececd4d,Nickel,Nickel,0,0.4639043843979108,125b,125b
797ececd4d,fa6595462f,Nickel,Nickel,0,0.6420933990477744,125b,125b
fa6595462f,797ececd4d,Nickel,Nickel,0,0.6428779375428392,125b,125b
797ececd4d,d469fc3f70,Nickel,Nickel,0,0.6246626799148913,125b,125b
d469fc3f70,797ececd4d,Nickel,Nickel,0,0.6247088529247425,125b,125b
797ececd4d,0e45ff7118,Nickel,Nickel,0,0.5656144486612287,125b,125b
0e45ff7118,797ececd4d,Nickel,Nickel,0,0.5658714109906338,125b,125b
797ececd4d,a80b46b6d1,Nickel,Nickel,0,0.4862882127930153,125b,125b
a80b46b6d1,797ececd4d,Nickel,Nickel,0,0.48627936612032846,125b,125b
797ececd4d,1ed3442cfa,Nickel,Nickel,0,0.6510383884950235,125b,125b
1ed3442cfa,797ececd4d,Nickel,Nickel,0,0.65129179014628,125b,125b
797ececd4d,db4804f266,Nickel,Nickel,0,0.6533937393071034,125b,125b
db4804f266,797ececd4d,Nickel,Nickel,0,0.6532187165801077,125b,125b
797ececd4d,bf77a5ca9b,Nickel,Nickel,0,0.5512143133542922,125b,125b
bf77a5ca9b,797ececd4d,Nickel,Nickel,0,0.5511101576479761,125b,125b
797ececd4d,13189e401d,Nickel,Nickel,0,0.5274472561224858,125b,125b
13189e401d,797ececd4d,Nickel,Nickel,0,0.5272312648285604,125b,125b
797ececd4d,d5070cee0f,Nickel,Nickel,0,0.5263548866344538,125b,125b
d5070cee0f,797ececd4d,Nickel,Nickel,0,0.5260095600112566,125b,125b
797ececd4d,27c44d34a4,Nickel,Nickel,0,0.5768290264337043,125b,125b
27c44d34a4,797ececd4d,Nickel,Nickel,0,0.5765237935308775,125b,125b
797ececd4d,4e0193ff9e,Nickel,Nickel,0,0.5048617346636989,125b,125b
4e0193ff9e,797ececd4d,Nickel,Nickel,0,0.505244406232989,125b,125b
797ececd4d,3c6819beb9,Nickel,Nickel,0,0.4879416786355758,125b,125b
3c6819beb9,797ececd4d,Nickel,Nickel,0,0.4879416786355758,125b,125b
797ececd4d,3a2a75a851,Nickel,Nickel,0,0.5078955443575388,125b,125b
3a2a75a851,797ececd4d,Nickel,Nickel,0,0.5078388518740082,125b,125b
797ececd4d,0d991a198f,Nickel,Nickel,0,0.6554272504418457,125b,125b
0d991a198f,797ececd4d,Nickel,Nickel,0,0.6554272504418457,125b,125b
37d21f987c,db9f861795,Nickel,Nickel,0,0.5072988439669265,125b,125b
db9f861795,37d21f987c,Nickel,Nickel,0,0.5072081907260344,125b,125b
37d21f987c,74711b8750,Nickel,Nickel,0,0.46703886915066434,125b,125b
74711b8750,37d21f987c,Nickel,Nickel,0,0.46771583837327685,125b,125b
37d21f987c,e139e26428,Nickel,Nickel,0,0.7125988980506203,125b,125b
e139e26428,37d21f987c,Nickel,Nickel,0,0.7126171971425433,125b,125b
37d21f987c,633fbb7de1,Nickel,Nickel,0,0.6073233357748526,125b,125b
633fbb7de1,37d21f987c,Nickel,Nickel,0,0.6077372553383124,125b,125b
37d21f987c,0b782c3069,Nickel,Nickel,0,0.39846399567463486,125b,125b
0b782c3069,37d21f987c,Nickel,Nickel,0,0.3984810145464246,125b,125b
37d21f987c,7204a1feeb,Nickel,Nickel,0,0.5948253372972919,125b,125b
7204a1feeb,37d21f987c,Nickel,Nickel,0,0.5947497826662839,125b,125b
37d21f987c,ef4d4aee2a,Nickel,Nickel,0,0.460807624961582,125b,125b
ef4d4aee2a,37d21f987c,Nickel,Nickel,0,0.460807624961582,125b,125b
37d21f987c,8c82f237f9,Nickel,Nickel,0,0.5238652140199566,125b,125b
8c82f237f9,37d21f987c,Nickel,Nickel,0,0.4913629434982065,125b,125b
37d21f987c,d64504718a,Nickel,Nickel,0,0.663762473525307,125b,125b
d64504718a,37d21f987c,Nickel,Nickel,0,0.6637937973234493,125b,125b
37d21f987c,6e46d2b898,Nickel,Nickel,0,0.5645846428796931,125b,125b
6e46d2b898,37d21f987c,Nickel,Nickel,0,0.5696002837560685,125b,125b
37d21f987c,8edaa51105,Nickel,Nickel,0,0.5645111573032652,125b,125b
8edaa51105,37d21f987c,Nickel,Nickel,0,0.5632939230182215,125b,125b
37d21f987c,1be78463d7,Nickel,Nickel,0,0.4722709801007387,125b,125b
1be78463d7,37d21f987c,Nickel,Nickel,0,0.47188689200094247,125b,125b
37d21f987c,8197f401c9,Nickel,Nickel,0,0.42217592664956016,125b,125b
8197f401c9,37d21f987c,Nickel,Nickel,0,0.4250711067046042,125b,125b
37d21f987c,803e2e304c,Nickel,Nickel,0,0.5057352053090514,125b,125b
803e2e304c,37d21f987c,Nickel,Nickel,0,0.5057544583721509,125b,125b
37d21f987c,07ffa2d44f,Nickel,Nickel,0,0.5362929616426573,125b,125b
07ffa2d44f,37d21f987c,Nickel,Nickel,0,0.535662350181271,125b,125b
37d21f987c,114a81160d,Nickel,Nickel,0,0.510444112766301,125b,125b
114a81160d,37d21f987c,Nickel,Nickel,0,0.51129339886606,125b,125b
37d21f987c,7db9fa3fdc,Nickel,Nickel,0,0.6127453539758617,125b,125b
7db9fa3fdc,37d21f987c,Nickel,Nickel,0,0.5850730686274743,125b,125b
37d21f987c,bd89ab2453,Nickel,Nickel,0,0.5874584159662862,125b,125b
bd89ab2453,37d21f987c,Nickel,Nickel,0,0.6179701142222751,125b,125b
37d21f987c,1f2544214d,Nickel,Nickel,0,0.5868986244575256,125b,125b
1f2544214d,37d21f987c,Nickel,Nickel,0,0.5868986244575257,125b,125b
37d21f987c,c2081b71be,Nickel,Nickel,0,0.6998348611793682,125b,125b
c2081b71be,37d21f987c,Nickel,Nickel,0,0.6229441859465259,125b,125b
37d21f987c,a404412c4e,Nickel,Nickel,0,0.5309356249126387,125b,125b
a404412c4e,37d21f987c,Nickel,Nickel,0,0.5294878705107395,125b,125b
37d21f987c,ff11e3e39e,Nickel,Nickel,0,0.4252383583506123,125b,125b
ff11e3e39e,37d21f987c,Nickel,Nickel,0,0.42541095104186866,125b,125b
37d21f987c,88c293654f,Nickel,Nickel,0,0.561254142826439,125b,125b
88c293654f,37d21f987c,Nickel,Nickel,0,0.5611522180717903,125b,125b
37d21f987c,ae9b0acf0b,Nickel,Nickel,0,0.5291465259429283,125b,125b
ae9b0acf0b,37d21f987c,Nickel,Nickel,0,0.5290548797938878,125b,125b
37d21f987c,a3b1085bea,Nickel,Nickel,0,0.512574134405795,125b,125b
a3b1085bea,37d21f987c,Nickel,Nickel,0,0.512501319041693,125b,125b
37d21f987c,f366f00cde,Nickel,Nickel,0,0.529028246941715,125b,125b
f366f00cde,37d21f987c,Nickel,Nickel,0,0.5287593217087028,125b,125b
37d21f987c,81bb3cb084,Nickel,Nickel,0,0.4647650278652127,125b,125b
81bb3cb084,37d21f987c,Nickel,Nickel,0,0.4646350321259101,125b,125b
37d21f987c,326bd7053d,Nickel,Nickel,0,0.5394750152964468,125b,125b
326bd7053d,37d21f987c,Nickel,Nickel,0,0.539661893640151,125b,125b
37d21f987c,867e742682,Nickel,Nickel,0,0.6854702056616793,125b,125b
867e742682,37d21f987c,Nickel,Nickel,0,0.6816750071493652,125b,125b
37d21f987c,9c6504e345,Nickel,Nickel,0,0.7217402391424368,125b,125b
9c6504e345,37d21f987c,Nickel,Nickel,0,0.7217366059107548,125b,125b
37d21f987c,27c03bf211,Nickel,Nickel,0,0.6976223114832046,125b,125b
27c03bf211,37d21f987c,Nickel,Nickel,0,0.6980619459268456,125b,125b
37d21f987c,ef85c2ef6b,Nickel,Nickel,0,0.5953094633989828,125b,125b
ef85c2ef6b,37d21f987c,Nickel,Nickel,0,0.5951275783092711,125b,125b
37d21f987c,9b00c4c264,Nickel,Nickel,0,0.4605972421459469,125b,125b
9b00c4c264,37d21f987c,Nickel,Nickel,0,0.45867470142290323,125b,125b
37d21f987c,93f6afc25d,Nickel,Nickel,0,0.5755804438887587,125b,125b
93f6afc25d,37d21f987c,Nickel,Nickel,0,0.5753232742001175,125b,125b
37d21f987c,a54ce43a84,Nickel,Nickel,0,0.5874284407466727,125b,125b
a54ce43a84,37d21f987c,Nickel,Nickel,0,0.598612830958051,125b,125b
37d21f987c,218ae10a65,Nickel,Nickel,0,0.6384029715249036,125b,125b
218ae10a65,37d21f987c,Nickel,Nickel,0,0.6383553439276377,125b,125b
37d21f987c,9645e12969,Nickel,Nickel,0,0.4859346125843395,125b,125b
9645e12969,37d21f987c,Nickel,Nickel,0,0.48566926099578756,125b,125b
37d21f987c,0db08b7f9e,Nickel,Nickel,0,0.5740312615309855,125b,125b
0db08b7f9e,37d21f987c,Nickel,Nickel,0,0.5739482717475574,125b,125b
37d21f987c,fc6e345a87,Nickel,Nickel,0,0.43307262207364455,125b,125b
fc6e345a87,37d21f987c,Nickel,Nickel,0,0.43307262207364455,125b,125b
37d21f987c,5187134316,Nickel,Nickel,0,0.5286818019190881,125b,125b
5187134316,37d21f987c,Nickel,Nickel,0,0.5755010382466992,125b,125b
37d21f987c,9fbbe4fcae,Nickel,Nickel,0,0.7340649599400304,125b,125b
9fbbe4fcae,37d21f987c,Nickel,Nickel,0,0.684250870687579,125b,125b
37d21f987c,744a7e7690,Nickel,Nickel,0,0.5077373371347204,125b,125b
744a7e7690,37d21f987c,Nickel,Nickel,0,0.5075553509086201,125b,125b
37d21f987c,9f5cee2a11,Nickel,Nickel,0,0.5390453644083391,125b,125b
9f5cee2a11,37d21f987c,Nickel,Nickel,0,0.5345711269800711,125b,125b
37d21f987c,3443ea5ba5,Nickel,Nickel,0,0.529635097347319,125b,125b
3443ea5ba5,37d21f987c,Nickel,Nickel,0,0.5282769577468076,125b,125b
37d21f987c,fa6595462f,Nickel,Nickel,0,0.6597372682046875,125b,125b
fa6595462f,37d21f987c,Nickel,Nickel,0,0.6594179114960145,125b,125b
37d21f987c,d469fc3f70,Nickel,Nickel,0,0.5871446074246224,125b,125b
d469fc3f70,37d21f987c,Nickel,Nickel,0,0.5876903091517091,125b,125b
37d21f987c,0e45ff7118,Nickel,Nickel,0,0.5655357808418663,125b,125b
0e45ff7118,37d21f987c,Nickel,Nickel,0,0.5688618532711529,125b,125b
37d21f987c,a80b46b6d1,Nickel,Nickel,0,0.5062961239181321,125b,125b
a80b46b6d1,37d21f987c,Nickel,Nickel,0,0.5059380477717837,125b,125b
37d21f987c,1ed3442cfa,Nickel,Nickel,0,0.722920637009743,125b,125b
1ed3442cfa,37d21f987c,Nickel,Nickel,0,0.7232589633222787,125b,125b
37d21f987c,db4804f266,Nickel,Nickel,0,0.6421986943405071,125b,125b
db4804f266,37d21f987c,Nickel,Nickel,0,0.6420385940476034,125b,125b
37d21f987c,bf77a5ca9b,Nickel,Nickel,0,0.5690737671877093,125b,125b
bf77a5ca9b,37d21f987c,Nickel,Nickel,0,0.5691151746435952,125b,125b
37d21f987c,13189e401d,Nickel,Nickel,0,0.7029595048928341,125b,125b
13189e401d,37d21f987c,Nickel,Nickel,0,0.7033073874706781,125b,125b
37d21f987c,d5070cee0f,Nickel,Nickel,0,0.5256527437849802,125b,125b
d5070cee0f,37d21f987c,Nickel,Nickel,0,0.5260669642967505,125b,125b
37d21f987c,27c44d34a4,Nickel,Nickel,0,0.57360276273179,125b,125b
27c44d34a4,37d21f987c,Nickel,Nickel,0,0.5735495823589581,125b,125b
37d21f987c,4e0193ff9e,Nickel,Nickel,0,0.514546075426954,125b,125b
4e0193ff9e,37d21f987c,Nickel,Nickel,0,0.5141993139236187,125b,125b
37d21f987c,3c6819beb9,Nickel,Nickel,0,0.4424201560794893,125b,125b
3c6819beb9,37d21f987c,Nickel,Nickel,0,0.44214579412934496,125b,125b
37d21f987c,3a2a75a851,Nickel,Nickel,0,0.41041044163563706,125b,125b
3a2a75a851,37d21f987c,Nickel,Nickel,0,0.4098500569741152,125b,125b
37d21f987c,0d991a198f,Nickel,Nickel,0,0.5704026534231785,125b,125b
0d991a198f,37d21f987c,Nickel,Nickel,0,0.5690371272901529,125b,125b
db9f861795,74711b8750,Nickel,Nickel,0,0.6638088010333515,125b,125b
74711b8750,db9f861795,Nickel,Nickel,0,0.6630581598363838,125b,125b
db9f861795,e139e26428,Nickel,Nickel,0,0.4893563045233479,125b,125b
e139e26428,db9f861795,Nickel,Nickel,0,0.48947779987690304,125b,125b
db9f861795,633fbb7de1,Nickel,Nickel,0,0.5493673200676896,125b,125b
633fbb7de1,db9f861795,Nickel,Nickel,0,0.5511709339379347,125b,125b
db9f861795,0b782c3069,Nickel,Nickel,0,0.6010719908426753,125b,125b
0b782c3069,db9f861795,Nickel,Nickel,0,0.6001718767132816,125b,125b
db9f861795,7204a1feeb,Nickel,Nickel,0,0.6056652996186221,125b,125b
7204a1feeb,db9f861795,Nickel,Nickel,0,0.6064955922851156,125b,125b
db9f861795,ef4d4aee2a,Nickel,Nickel,0,0.5672975886983785,125b,125b
ef4d4aee2a,db9f861795,Nickel,Nickel,0,0.5672888718949747,125b,125b
db9f861795,8c82f237f9,Nickel,Nickel,0,0.4025002831757755,125b,125b
8c82f237f9,db9f861795,Nickel,Nickel,0,0.4023869375026619,125b,125b
db9f861795,d64504718a,Nickel,Nickel,0,0.549950489971775,125b,125b
d64504718a,db9f861795,Nickel,Nickel,0,0.5490342779314337,125b,125b
db9f861795,6e46d2b898,Nickel,Nickel,0,0.5898784158977127,125b,125b
6e46d2b898,db9f861795,Nickel,Nickel,0,0.5898784158977125,125b,125b
db9f861795,8edaa51105,Nickel,Nickel,0,0.5795005177725447,125b,125b
8edaa51105,db9f861795,Nickel,Nickel,0,0.5792617944384876,125b,125b
db9f861795,1be78463d7,Nickel,Nickel,0,0.5487395838106934,125b,125b
1be78463d7,db9f861795,Nickel,Nickel,0,0.5487929499817361,125b,125b
db9f861795,8197f401c9,Nickel,Nickel,0,0.5950382955134889,125b,125b
8197f401c9,db9f861795,Nickel,Nickel,0,0.5951918296223345,125b,125b
db9f861795,803e2e304c,Nickel,Nickel,0,0.5047292299507511,125b,125b
803e2e304c,db9f861795,Nickel,Nickel,0,0.5053847374874187,125b,125b
db9f861795,07ffa2d44f,Nickel,Nickel,0,0.5337310625487639,125b,125b
07ffa2d44f,db9f861795,Nickel,Nickel,0,0.5339002756985272,125b,125b
db9f861795,114a81160d,Nickel,Nickel,0,0.5796616479417294,125b,125b
114a81160d,db9f861795,Nickel,Nickel,0,0.5798460443575156,125b,125b
db9f861795,7db9fa3fdc,Nickel,Nickel,0,0.5978387933204752,125b,125b
7db9fa3fdc,db9f861795,Nickel,Nickel,0,0.5973903282027703,125b,125b
db9f861795,bd89ab2453,Nickel,Nickel,0,0.6235660542412139,125b,125b
bd89ab2453,db9f861795,Nickel,Nickel,0,0.6237504329796195,125b,125b
db9f861795,1f2544214d,Nickel,Nickel,0,0.48715297524504914,125b,125b
1f2544214d,db9f861795,Nickel,Nickel,0,0.4885620228574105,125b,125b
db9f861795,c2081b71be,Nickel,Nickel,0,0.6051649844519147,125b,125b
c2081b71be,db9f861795,Nickel,Nickel,0,0.6036016115799515,125b,125b
db9f861795,a404412c4e,Nickel,Nickel,0,0.37295101461288144,125b,125b
a404412c4e,db9f861795,Nickel,Nickel,0,0.3729510146128816,125b,125b
db9f861795,ff11e3e39e,Nickel,Nickel,0,0.5099502643647045,125b,125b
ff11e3e39e,db9f861795,Nickel,Nickel,0,0.5108167795950224,125b,125b
db9f861795,88c293654f,Nickel,Nickel,0,0.5190534158838149,125b,125b
88c293654f,db9f861795,Nickel,Nickel,0,0.5192943909129997,125b,125b
db9f861795,ae9b0acf0b,Nickel,Nickel,0,0.5842356715133303,125b,125b
ae9b0acf0b,db9f861795,Nickel,Nickel,0,0.5840719505566379,125b,125b
db9f861795,a3b1085bea,Nickel,Nickel,0,0.5978320500762766,125b,125b
a3b1085bea,db9f861795,Nickel,Nickel,0,0.5980269668780606,125b,125b
db9f861795,f366f00cde,Nickel,Nickel,0,0.6663115397852021,125b,125b
f366f00cde,db9f861795,Nickel,Nickel,0,0.6557680059136277,125b,125b
db9f861795,81bb3cb084,Nickel,Nickel,0,0.3980612492408224,125b,125b
81bb3cb084,db9f861795,Nickel,Nickel,0,0.39753219099068193,125b,125b
db9f861795,326bd7053d,Nickel,Nickel,0,0.6568793534536461,125b,125b
326bd7053d,db9f861795,Nickel,Nickel,0,0.6569749540105962,125b,125b
db9f861795,867e742682,Nickel,Nickel,0,0.4677254403189167,125b,125b
867e742682,db9f861795,Nickel,Nickel,0,0.4671291102696169,125b,125b
db9f861795,9c6504e345,Nickel,Nickel,0,0.5006361659774118,125b,125b
9c6504e345,db9f861795,Nickel,Nickel,0,0.5007460565772225,125b,125b
db9f861795,27c03bf211,Nickel,Nickel,0,0.5172033824434711,125b,125b
27c03bf211,db9f861795,Nickel,Nickel,0,0.5176396462977726,125b,125b
db9f861795,ef85c2ef6b,Nickel,Nickel,0,0.4547830598567973,125b,125b
ef85c2ef6b,db9f861795,Nickel,Nickel,0,0.454723382340801,125b,125b
db9f861795,9b00c4c264,Nickel,Nickel,0,0.5561799327439524,125b,125b
9b00c4c264,db9f861795,Nickel,Nickel,0,0.5562098650897349,125b,125b
db9f861795,93f6afc25d,Nickel,Nickel,0,0.4292139235957693,125b,125b
93f6afc25d,db9f861795,Nickel,Nickel,0,0.42918347771776083,125b,125b
db9f861795,a54ce43a84,Nickel,Nickel,0,0.46183943125222415,125b,125b
a54ce43a84,db9f861795,Nickel,Nickel,0,0.4618394312522238,125b,125b
db9f861795,218ae10a65,Nickel,Nickel,0,0.5812142951129872,125b,125b
218ae10a65,db9f861795,Nickel,Nickel,0,0.5811207946429278,125b,125b
db9f861795,9645e12969,Nickel,Nickel,0,0.4491649438053961,125b,125b
9645e12969,db9f861795,Nickel,Nickel,0,0.4490394673278798,125b,125b
db9f861795,0db08b7f9e,Nickel,Nickel,0,0.48167517139772287,125b,125b
0db08b7f9e,db9f861795,Nickel,Nickel,0,0.48232275883327524,125b,125b
db9f861795,fc6e345a87,Nickel,Nickel,0,0.4811344989108985,125b,125b
fc6e345a87,db9f861795,Nickel,Nickel,0,0.48100509943267183,125b,125b
db9f861795,5187134316,Nickel,Nickel,0,0.5513514585675665,125b,125b
5187134316,db9f861795,Nickel,Nickel,0,0.5518396224790322,125b,125b
db9f861795,9fbbe4fcae,Nickel,Nickel,0,0.5527737001370218,125b,125b
9fbbe4fcae,db9f861795,Nickel,Nickel,0,0.5530015183537238,125b,125b
db9f861795,744a7e7690,Nickel,Nickel,0,0.5638881085341825,125b,125b
744a7e7690,db9f861795,Nickel,Nickel,0,0.563829305175166,125b,125b
db9f861795,9f5cee2a11,Nickel,Nickel,0,0.5817877169724615,125b,125b
9f5cee2a11,db9f861795,Nickel,Nickel,0,0.5817877169724617,125b,125b
db9f861795,3443ea5ba5,Nickel,Nickel,0,0.5379987968290412,125b,125b
3443ea5ba5,db9f861795,Nickel,Nickel,0,0.5380235747324296,125b,125b
db9f861795,fa6595462f,Nickel,Nickel,0,0.5452386428982093,125b,125b
fa6595462f,db9f861795,Nickel,Nickel,0,0.5451470980633331,125b,125b
db9f861795,d469fc3f70,Nickel,Nickel,0,0.5895500515805417,125b,125b
d469fc3f70,db9f861795,Nickel,Nickel,0,0.5894561077644587,125b,125b
db9f861795,0e45ff7118,Nickel,Nickel,0,0.6990700607715647,125b,125b
0e45ff7118,db9f861795,Nickel,Nickel,0,0.6992901837333425,125b,125b
db9f861795,a80b46b6d1,Nickel,Nickel,0,0.5458831020346508,125b,125b
a80b46b6d1,db9f861795,Nickel,Nickel,0,0.545492440275539,125b,125b
db9f861795,1ed3442cfa,Nickel,Nickel,0,0.657469011658112,125b,125b
1ed3442cfa,db9f861795,Nickel,Nickel,0,0.6583043515572151,125b,125b
db9f861795,db4804f266,Nickel,Nickel,0,0.5537999283452985,125b,125b
db4804f266,db9f861795,Nickel,Nickel,0,0.5537999283452989,125b,125b
db9f861795,bf77a5ca9b,Nickel,Nickel,0,0.604846348523069,125b,125b
bf77a5ca9b,db9f861795,Nickel,Nickel,0,0.6052963426447722,125b,125b
db9f861795,13189e401d,Nickel,Nickel,0,0.7208956719833419,125b,125b
13189e401d,db9f861795,Nickel,Nickel,0,0.7265051195660647,125b,125b
db9f861795,d5070cee0f,Nickel,Nickel,0,0.4892675270485891,125b,125b
d5070cee0f,db9f861795,Nickel,Nickel,0,0.49007470018079313,125b,125b
db9f861795,27c44d34a4,Nickel,Nickel,0,0.44275618361315977,125b,125b
27c44d34a4,db9f861795,Nickel,Nickel,0,0.4427666438142373,125b,125b
db9f861795,4e0193ff9e,Nickel,Nickel,0,0.44501289865836036,125b,125b
4e0193ff9e,db9f861795,Nickel,Nickel,0,0.44796898353542924,125b,125b
db9f861795,3c6819beb9,Nickel,Nickel,0,0.5122710381626266,125b,125b
3c6819beb9,db9f861795,Nickel,Nickel,0,0.5120915307581656,125b,125b
db9f861795,3a2a75a851,Nickel,Nickel,0,0.44623778342456577,125b,125b
3a2a75a851,db9f861795,Nickel,Nickel,0,0.4490736034317118,125b,125b
db9f861795,0d991a198f,Nickel,Nickel,0,0.72641270646722,125b,125b
0d991a198f,db9f861795,Nickel,Nickel,0,0.634795347894941,125b,125b
74711b8750,e139e26428,Nickel,Nickel,0,0.4537251074242666,125b,125b
e139e26428,74711b8750,Nickel,Nickel,0,0.4541875644188484,125b,125b
74711b8750,633fbb7de1,Nickel,Nickel,0,0.5462376622695542,125b,125b
633fbb7de1,74711b8750,Nickel,Nickel,0,0.5465652002734891,125b,125b
74711b8750,0b782c3069,Nickel,Nickel,0,0.42344978275406187,125b,125b
0b782c3069,74711b8750,Nickel,Nickel,0,0.42324020568009757,125b,125b
74711b8750,7204a1feeb,Nickel,Nickel,0,0.5070383380289425,125b,125b
7204a1feeb,74711b8750,Nickel,Nickel,0,0.5070127672580931,125b,125b
74711b8750,ef4d4aee2a,Nickel,Nickel,0,0.5265591877624559,125b,125b
ef4d4aee2a,74711b8750,Nickel,Nickel,0,0.5266642985741504,125b,125b
74711b8750,8c82f237f9,Nickel,Nickel,0,0.5832301943906048,125b,125b
8c82f237f9,74711b8750,Nickel,Nickel,0,0.5833192601490845,125b,125b
74711b8750,d64504718a,Nickel,Nickel,0,0.7298614123354558,125b,125b
d64504718a,74711b8750,Nickel,Nickel,0,0.7297402359525723,125b,125b
74711b8750,6e46d2b898,Nickel,Nickel,0,0.6408971641999337,125b,125b
6e46d2b898,74711b8750,Nickel,Nickel,0,0.6416791648110824,125b,125b
74711b8750,8edaa51105,Nickel,Nickel,0,0.46323689775912735,125b,125b
8edaa51105,74711b8750,Nickel,Nickel,0,0.46375197456469774,125b,125b
74711b8750,1be78463d7,Nickel,Nickel,0,0.5308097381452254,125b,125b
1be78463d7,74711b8750,Nickel,Nickel,0,0.531141300065011,125b,125b
74711b8750,8197f401c9,Nickel,Nickel,0,0.48627829972352293,125b,125b
8197f401c9,74711b8750,Nickel,Nickel,0,0.48653563863493465,125b,125b
74711b8750,803e2e304c,Nickel,Nickel,0,0.5644038827416666,125b,125b
803e2e304c,74711b8750,Nickel,Nickel,0,0.564403882741667,125b,125b
74711b8750,07ffa2d44f,Nickel,Nickel,0,0.5046601627368544,125b,125b
07ffa2d44f,74711b8750,Nickel,Nickel,0,0.464475056404288,125b,125b
74711b8750,114a81160d,Nickel,Nickel,0,0.6656586674836769,125b,125b
114a81160d,74711b8750,Nickel,Nickel,0,0.6678096149512233,125b,125b
74711b8750,7db9fa3fdc,Nickel,Nickel,0,0.4866372670872745,125b,125b
7db9fa3fdc,74711b8750,Nickel,Nickel,0,0.4870641954626318,125b,125b
74711b8750,bd89ab2453,Nickel,Nickel,0,0.5704878546965455,125b,125b
bd89ab2453,74711b8750,Nickel,Nickel,0,0.5686822232726316,125b,125b
74711b8750,1f2544214d,Nickel,Nickel,0,0.6607068375354592,125b,125b
1f2544214d,74711b8750,Nickel,Nickel,0,0.6609893356076048,125b,125b
74711b8750,c2081b71be,Nickel,Nickel,0,0.32926221045305176,125b,125b
c2081b71be,74711b8750,Nickel,Nickel,0,0.3292371538738568,125b,125b
74711b8750,a404412c4e,Nickel,Nickel,0,0.46900720591593115,125b,125b
a404412c4e,74711b8750,Nickel,Nickel,0,0.4688145100355817,125b,125b
74711b8750,ff11e3e39e,Nickel,Nickel,0,0.6225666616917184,125b,125b
ff11e3e39e,74711b8750,Nickel,Nickel,0,0.6220655880530106,125b,125b
74711b8750,88c293654f,Nickel,Nickel,0,0.4088832337887738,125b,125b
88c293654f,74711b8750,Nickel,Nickel,0,0.4087334961966997,125b,125b
74711b8750,ae9b0acf0b,Nickel,Nickel,0,0.4929084652394943,125b,125b
ae9b0acf0b,74711b8750,Nickel,Nickel,0,0.5619883290384937,125b,125b
74711b8750,a3b1085bea,Nickel,Nickel,0,0.4940496752257445,125b,125b
a3b1085bea,74711b8750,Nickel,Nickel,0,0.4935600113633649,125b,125b
74711b8750,f366f00cde,Nickel,Nickel,0,0.514623070468147,125b,125b
f366f00cde,74711b8750,Nickel,Nickel,0,0.5145856032175716,125b,125b
74711b8750,81bb3cb084,Nickel,Nickel,0,0.4579209719486515,125b,125b
81bb3cb084,74711b8750,Nickel,Nickel,0,0.3704829052002686,125b,125b
74711b8750,326bd7053d,Nickel,Nickel,0,0.532967881020717,125b,125b
326bd7053d,74711b8750,Nickel,Nickel,0,0.4463580491088076,125b,125b
74711b8750,867e742682,Nickel,Nickel,0,0.6035442311352561,125b,125b
867e742682,74711b8750,Nickel,Nickel,0,0.6032081175700882,125b,125b
74711b8750,9c6504e345,Nickel,Nickel,0,0.533358751521837,125b,125b
9c6504e345,74711b8750,Nickel,Nickel,0,0.5299521377260393,125b,125b
74711b8750,27c03bf211,Nickel,Nickel,0,0.5797247301258489,125b,125b
27c03bf211,74711b8750,Nickel,Nickel,0,0.5802018878837287,125b,125b
74711b8750,ef85c2ef6b,Nickel,Nickel,0,0.6484665089436098,125b,125b
ef85c2ef6b,74711b8750,Nickel,Nickel,0,0.6484360372090169,125b,125b
74711b8750,9b00c4c264,Nickel,Nickel,0,0.5294266087432552,125b,125b
9b00c4c264,74711b8750,Nickel,Nickel,0,0.529447144294411,125b,125b
74711b8750,93f6afc25d,Nickel,Nickel,0,0.47788897468742414,125b,125b
93f6afc25d,74711b8750,Nickel,Nickel,0,0.4778406213969854,125b,125b
74711b8750,a54ce43a84,Nickel,Nickel,0,0.5173364128043713,125b,125b
a54ce43a84,74711b8750,Nickel,Nickel,0,0.5174833653377777,125b,125b
74711b8750,218ae10a65,Nickel,Nickel,0,0.5444961031999073,125b,125b
218ae10a65,74711b8750,Nickel,Nickel,0,0.5439519656755488,125b,125b
74711b8750,9645e12969,Nickel,Nickel,0,0.5503924996581321,125b,125b
9645e12969,74711b8750,Nickel,Nickel,0,0.5503772390168894,125b,125b
74711b8750,0db08b7f9e,Nickel,Nickel,0,0.5601680401747077,125b,125b
0db08b7f9e,74711b8750,Nickel,Nickel,0,0.5605323299234657,125b,125b
74711b8750,fc6e345a87,Nickel,Nickel,0,0.4457602434385642,125b,125b
fc6e345a87,74711b8750,Nickel,Nickel,0,0.4457602434385639,125b,125b
74711b8750,5187134316,Nickel,Nickel,0,0.48208404195675253,125b,125b
5187134316,74711b8750,Nickel,Nickel,0,0.48111717883404925,125b,125b
74711b8750,9fbbe4fcae,Nickel,Nickel,0,0.38970319641052786,125b,125b
9fbbe4fcae,74711b8750,Nickel,Nickel,0,0.3887576781740005,125b,125b
74711b8750,744a7e7690,Nickel,Nickel,0,0.5717264335169924,125b,125b
744a7e7690,74711b8750,Nickel,Nickel,0,0.5688731516819759,125b,125b
74711b8750,9f5cee2a11,Nickel,Nickel,0,0.5367625479715902,125b,125b
9f5cee2a11,74711b8750,Nickel,Nickel,0,0.5370068673708402,125b,125b
74711b8750,3443ea5ba5,Nickel,Nickel,0,0.537826512362146,125b,125b
3443ea5ba5,74711b8750,Nickel,Nickel,0,0.5375111229550839,125b,125b
74711b8750,fa6595462f,Nickel,Nickel,0,0.5902931721242055,125b,125b
fa6595462f,74711b8750,Nickel,Nickel,0,0.5884461440122508,125b,125b
74711b8750,d469fc3f70,Nickel,Nickel,0,0.5119012142027486,125b,125b
d469fc3f70,74711b8750,Nickel,Nickel,0,0.5114512557420212,125b,125b
74711b8750,0e45ff7118,Nickel,Nickel,0,0.5230417138265685,125b,125b
0e45ff7118,74711b8750,Nickel,Nickel,0,0.5230417138265683,125b,125b
74711b8750,a80b46b6d1,Nickel,Nickel,0,0.4906532912089554,125b,125b
a80b46b6d1,74711b8750,Nickel,Nickel,0,0.48898730523565115,125b,125b
74711b8750,1ed3442cfa,Nickel,Nickel,0,0.4861103845947454,125b,125b
1ed3442cfa,74711b8750,Nickel,Nickel,0,0.5430172487982082,125b,125b
74711b8750,db4804f266,Nickel,Nickel,0,0.4573313165963886,125b,125b
db4804f266,74711b8750,Nickel,Nickel,0,0.4565883424966928,125b,125b
74711b8750,bf77a5ca9b,Nickel,Nickel,0,0.5147719046715699,125b,125b
bf77a5ca9b,74711b8750,Nickel,Nickel,0,0.5148906002357528,125b,125b
74711b8750,13189e401d,Nickel,Nickel,0,0.42630010231565524,125b,125b
13189e401d,74711b8750,Nickel,Nickel,0,0.42630010231565535,125b,125b
74711b8750,d5070cee0f,Nickel,Nickel,0,0.6670693835877978,125b,125b
d5070cee0f,74711b8750,Nickel,Nickel,0,0.6663284260938273,125b,125b
74711b8750,27c44d34a4,Nickel,Nickel,0,0.5116085499911976,125b,125b
27c44d34a4,74711b8750,Nickel,Nickel,0,0.5117763727443714,125b,125b
74711b8750,4e0193ff9e,Nickel,Nickel,0,0.6870808819790483,125b,125b
4e0193ff9e,74711b8750,Nickel,Nickel,0,0.6877283661685007,125b,125b
74711b8750,3c6819beb9,Nickel,Nickel,0,0.5055625034868869,125b,125b
3c6819beb9,74711b8750,Nickel,Nickel,0,0.5060007531762649,125b,125b
74711b8750,3a2a75a851,Nickel,Nickel,0,0.7108533213425258,125b,125b
3a2a75a851,74711b8750,Nickel,Nickel,0,0.7117345441159466,125b,125b
74711b8750,0d991a198f,Nickel,Nickel,0,0.5530600350127216,125b,125b
0d991a198f,74711b8750,Nickel,Nickel,0,0.5534560394706795,125b,125b
e139e26428,633fbb7de1,Nickel,Nickel,0,0.6404890231313569,125b,125b
633fbb7de1,e139e26428,Nickel,Nickel,0,0.6404425850108961,125b,125b
e139e26428,0b782c3069,Nickel,Nickel,0,0.4939324121455794,125b,125b
0b782c3069,e139e26428,Nickel,Nickel,0,0.493591546821547,125b,125b
e139e26428,7204a1feeb,Nickel,Nickel,0,0.5624280160288225,125b,125b
7204a1feeb,e139e26428,Nickel,Nickel,0,0.5624279923476465,125b,125b
e139e26428,ef4d4aee2a,Nickel,Nickel,0,0.4908964547874373,125b,125b
ef4d4aee2a,e139e26428,Nickel,Nickel,0,0.4896594129384412,125b,125b
e139e26428,8c82f237f9,Nickel,Nickel,0,0.5624173943559811,125b,125b
8c82f237f9,e139e26428,Nickel,Nickel,0,0.5621626060272177,125b,125b
e139e26428,d64504718a,Nickel,Nickel,0,0.6284237084138177,125b,125b
d64504718a,e139e26428,Nickel,Nickel,0,0.6274684385333672,125b,125b
e139e26428,6e46d2b898,Nickel,Nickel,0,0.6150535935496183,125b,125b
6e46d2b898,e139e26428,Nickel,Nickel,0,0.614436377134338,125b,125b
e139e26428,8edaa51105,Nickel,Nickel,0,0.5906462597351535,125b,125b
8edaa51105,e139e26428,Nickel,Nickel,0,0.5906556707718718,125b,125b
e139e26428,1be78463d7,Nickel,Nickel,0,0.7171323602894267,125b,125b
1be78463d7,e139e26428,Nickel,Nickel,0,0.7101590741017771,125b,125b
e139e26428,8197f401c9,Nickel,Nickel,0,0.35172734303898845,125b,125b
8197f401c9,e139e26428,Nickel,Nickel,0,0.3521544403578747,125b,125b
e139e26428,803e2e304c,Nickel,Nickel,0,0.5465210788691292,125b,125b
803e2e304c,e139e26428,Nickel,Nickel,0,0.5464580684217638,125b,125b
e139e26428,07ffa2d44f,Nickel,Nickel,0,0.5740073397339124,125b,125b
07ffa2d44f,e139e26428,Nickel,Nickel,0,0.5710831539829404,125b,125b
e139e26428,114a81160d,Nickel,Nickel,0,0.6839611977230076,125b,125b
114a81160d,e139e26428,Nickel,Nickel,0,0.7287670788026993,125b,125b
e139e26428,7db9fa3fdc,Nickel,Nickel,0,0.4922507329424351,125b,125b
7db9fa3fdc,e139e26428,Nickel,Nickel,0,0.4923198653146748,125b,125b
e139e26428,bd89ab2453,Nickel,Nickel,0,0.5777751690499492,125b,125b
bd89ab2453,e139e26428,Nickel,Nickel,0,0.5774751369049526,125b,125b
e139e26428,1f2544214d,Nickel,Nickel,0,0.737300711301279,125b,125b
1f2544214d,e139e26428,Nickel,Nickel,0,0.7373007113012795,125b,125b
e139e26428,c2081b71be,Nickel,Nickel,0,0.5641615728689486,125b,125b
c2081b71be,e139e26428,Nickel,Nickel,0,0.6634499129847465,125b,125b
e139e26428,a404412c4e,Nickel,Nickel,0,0.7106173579066204,125b,125b
a404412c4e,e139e26428,Nickel,Nickel,0,0.7103909816504208,125b,125b
e139e26428,ff11e3e39e,Nickel,Nickel,0,0.5276013505874938,125b,125b
ff11e3e39e,e139e26428,Nickel,Nickel,0,0.5276013505874935,125b,125b
e139e26428,88c293654f,Nickel,Nickel,0,0.5822909641000515,125b,125b
88c293654f,e139e26428,Nickel,Nickel,0,0.5821836404133744,125b,125b
e139e26428,ae9b0acf0b,Nickel,Nickel,0,0.6510752974020945,125b,125b
ae9b0acf0b,e139e26428,Nickel,Nickel,0,0.6502138654318772,125b,125b
e139e26428,a3b1085bea,Nickel,Nickel,0,0.596226824946566,125b,125b
a3b1085bea,e139e26428,Nickel,Nickel,0,0.5963023266083591,125b,125b
e139e26428,f366f00cde,Nickel,Nickel,0,0.5459235125637877,125b,125b
f366f00cde,e139e26428,Nickel,Nickel,0,0.5455473101516353,125b,125b
e139e26428,81bb3cb084,Nickel,Nickel,0,0.6405595674907699,125b,125b
81bb3cb084,e139e26428,Nickel,Nickel,0,0.6404116836173558,125b,125b
e139e26428,326bd7053d,Nickel,Nickel,0,0.6146062286832022,125b,125b
326bd7053d,e139e26428,Nickel,Nickel,0,0.6144911202993397,125b,125b
e139e26428,867e742682,Nickel,Nickel,0,0.7245189034171337,125b,125b
867e742682,e139e26428,Nickel,Nickel,0,0.7310115400139945,125b,125b
e139e26428,9c6504e345,Nickel,Nickel,0,0.6796642737114422,125b,125b
9c6504e345,e139e26428,Nickel,Nickel,0,0.679345899773258,125b,125b
e139e26428,27c03bf211,Nickel,Nickel,0,0.5817580769601308,125b,125b
27c03bf211,e139e26428,Nickel,Nickel,0,0.5813932559193229,125b,125b
e139e26428,ef85c2ef6b,Nickel,Nickel,0,0.6289149458429971,125b,125b
ef85c2ef6b,e139e26428,Nickel,Nickel,0,0.6287125211341593,125b,125b
e139e26428,9b00c4c264,Nickel,Nickel,0,0.6972796930670756,125b,125b
9b00c4c264,e139e26428,Nickel,Nickel,0,0.6966045924672007,125b,125b
e139e26428,93f6afc25d,Nickel,Nickel,0,0.5385246349024337,125b,125b
93f6afc25d,e139e26428,Nickel,Nickel,0,0.5378477560717542,125b,125b
e139e26428,a54ce43a84,Nickel,Nickel,0,0.6023208849020342,125b,125b
a54ce43a84,e139e26428,Nickel,Nickel,0,0.6409156380132012,125b,125b
e139e26428,218ae10a65,Nickel,Nickel,0,0.5527801286739908,125b,125b
218ae10a65,e139e26428,Nickel,Nickel,0,0.5527801286739908,125b,125b
e139e26428,9645e12969,Nickel,Nickel,0,0.7137370126408691,125b,125b
9645e12969,e139e26428,Nickel,Nickel,0,0.7138894533921544,125b,125b
e139e26428,0db08b7f9e,Nickel,Nickel,0,0.7044396186723599,125b,125b
0db08b7f9e,e139e26428,Nickel,Nickel,0,0.7045421063316196,125b,125b
e139e26428,fc6e345a87,Nickel,Nickel,0,0.3744586154154861,125b,125b
fc6e345a87,e139e26428,Nickel,Nickel,0,0.3531842473717159,125b,125b
e139e26428,5187134316,Nickel,Nickel,0,0.6267792037545951,125b,125b
5187134316,e139e26428,Nickel,Nickel,0,0.6266082515551673,125b,125b
e139e26428,9fbbe4fcae,Nickel,Nickel,0,0.6847245587136428,125b,125b
9fbbe4fcae,e139e26428,Nickel,Nickel,0,0.6847539493005916,125b,125b
e139e26428,744a7e7690,Nickel,Nickel,0,0.5027205452312544,125b,125b
744a7e7690,e139e26428,Nickel,Nickel,0,0.48103000316632527,125b,125b
e139e26428,9f5cee2a11,Nickel,Nickel,0,0.5889998566266558,125b,125b
9f5cee2a11,e139e26428,Nickel,Nickel,0,0.61734453231803,125b,125b
e139e26428,3443ea5ba5,Nickel,Nickel,0,0.6161342679528381,125b,125b
3443ea5ba5,e139e26428,Nickel,Nickel,0,0.615234402978573,125b,125b
e139e26428,fa6595462f,Nickel,Nickel,0,0.7372689353049522,125b,125b
fa6595462f,e139e26428,Nickel,Nickel,0,0.727632149299481,125b,125b
e139e26428,d469fc3f70,Nickel,Nickel,0,0.4825038079799924,125b,125b
d469fc3f70,e139e26428,Nickel,Nickel,0,0.4822334405891436,125b,125b
e139e26428,0e45ff7118,Nickel,Nickel,0,0.5426048759243616,125b,125b
0e45ff7118,e139e26428,Nickel,Nickel,0,0.5425774638125618,125b,125b
e139e26428,a80b46b6d1,Nickel,Nickel,0,0.5783686805880996,125b,125b
a80b46b6d1,e139e26428,Nickel,Nickel,0,0.5784928053292407,125b,125b
e139e26428,1ed3442cfa,Nickel,Nickel,0,0.6490022614287211,125b,125b
1ed3442cfa,e139e26428,Nickel,Nickel,0,0.6489564846898831,125b,125b
e139e26428,db4804f266,Nickel,Nickel,0,0.741938707629032,125b,125b
db4804f266,e139e26428,Nickel,Nickel,0,0.7417597008193234,125b,125b
e139e26428,bf77a5ca9b,Nickel,Nickel,0,0.4705696752407691,125b,125b
bf77a5ca9b,e139e26428,Nickel,Nickel,0,0.47054964162471025,125b,125b
e139e26428,13189e401d,Nickel,Nickel,0,0.5337594701422108,125b,125b
13189e401d,e139e26428,Nickel,Nickel,0,0.5336357782212291,125b,125b
e139e26428,d5070cee0f,Nickel,Nickel,0,0.5121402503726334,125b,125b
d5070cee0f,e139e26428,Nickel,Nickel,0,0.5121147411501512,125b,125b
e139e26428,27c44d34a4,Nickel,Nickel,0,0.5070362143365477,125b,125b
27c44d34a4,e139e26428,Nickel,Nickel,0,0.50664978783484,125b,125b
e139e26428,4e0193ff9e,Nickel,Nickel,0,0.6627811015167763,125b,125b
4e0193ff9e,e139e26428,Nickel,Nickel,0,0.6622106976261168,125b,125b
e139e26428,3c6819beb9,Nickel,Nickel,0,0.5338369214622212,125b,125b
3c6819beb9,e139e26428,Nickel,Nickel,0,0.5337188745784213,125b,125b
e139e26428,3a2a75a851,Nickel,Nickel,0,0.5123501140294887,125b,125b
3a2a75a851,e139e26428,Nickel,Nickel,0,0.5126892535436592,125b,125b
e139e26428,0d991a198f,Nickel,Nickel,0,0.5366320979272969,125b,125b
0d991a198f,e139e26428,Nickel,Nickel,0,0.5364859719568229,125b,125b
633fbb7de1,0b782c3069,Nickel,Nickel,0,0.6416433939446046,125b,125b
0b782c3069,633fbb7de1,Nickel,Nickel,0,0.640731827800829,125b,125b
633fbb7de1,7204a1feeb,Nickel,Nickel,0,0.6449220081752588,125b,125b
7204a1feeb,633fbb7de1,Nickel,Nickel,0,0.652853850899879,125b,125b
633fbb7de1,ef4d4aee2a,Nickel,Nickel,0,0.690464877761476,125b,125b
ef4d4aee2a,633fbb7de1,Nickel,Nickel,0,0.8233701318980444,125b,125b
633fbb7de1,8c82f237f9,Nickel,Nickel,0,0.5199981246870894,125b,125b
8c82f237f9,633fbb7de1,Nickel,Nickel,0,0.47480565087478166,125b,125b
633fbb7de1,d64504718a,Nickel,Nickel,0,0.4962125271212865,125b,125b
d64504718a,633fbb7de1,Nickel,Nickel,0,0.49586226417839163,125b,125b
633fbb7de1,6e46d2b898,Nickel,Nickel,0,0.45826974583013275,125b,125b
6e46d2b898,633fbb7de1,Nickel,Nickel,0,0.4584217824338601,125b,125b
633fbb7de1,8edaa51105,Nickel,Nickel,0,0.6160688836435328,125b,125b
8edaa51105,633fbb7de1,Nickel,Nickel,0,0.61560282192204,125b,125b
633fbb7de1,1be78463d7,Nickel,Nickel,0,0.38899957367861215,125b,125b
1be78463d7,633fbb7de1,Nickel,Nickel,0,0.3889553507194012,125b,125b
633fbb7de1,8197f401c9,Nickel,Nickel,0,0.3507697496474819,125b,125b
8197f401c9,633fbb7de1,Nickel,Nickel,0,0.35076713733397735,125b,125b
633fbb7de1,803e2e304c,Nickel,Nickel,0,0.6003199540492231,125b,125b
803e2e304c,633fbb7de1,Nickel,Nickel,0,0.6124644505529202,125b,125b
633fbb7de1,07ffa2d44f,Nickel,Nickel,0,0.5587523770334618,125b,125b
07ffa2d44f,633fbb7de1,Nickel,Nickel,0,0.5582955554422702,125b,125b
633fbb7de1,114a81160d,Nickel,Nickel,0,0.7371878656118088,125b,125b
114a81160d,633fbb7de1,Nickel,Nickel,0,0.7369817253598807,125b,125b
633fbb7de1,7db9fa3fdc,Nickel,Nickel,0,0.6692208416343173,125b,125b
7db9fa3fdc,633fbb7de1,Nickel,Nickel,0,0.6692208416343169,125b,125b
633fbb7de1,bd89ab2453,Nickel,Nickel,0,0.6773353295838874,125b,125b
bd89ab2453,633fbb7de1,Nickel,Nickel,0,0.677054210288816,125b,125b
633fbb7de1,1f2544214d,Nickel,Nickel,0,0.5481021566842529,125b,125b
1f2544214d,633fbb7de1,Nickel,Nickel,0,0.5481759318603846,125b,125b
633fbb7de1,c2081b71be,Nickel,Nickel,0,0.7500548670361795,125b,125b
c2081b71be,633fbb7de1,Nickel,Nickel,0,0.749678431722369,125b,125b
633fbb7de1,a404412c4e,Nickel,Nickel,0,0.5350338105850189,125b,125b
a404412c4e,633fbb7de1,Nickel,Nickel,0,0.535329097385249,125b,125b
633fbb7de1,ff11e3e39e,Nickel,Nickel,0,0.5509720822156645,125b,125b
ff11e3e39e,633fbb7de1,Nickel,Nickel,0,0.5502693507257022,125b,125b
633fbb7de1,88c293654f,Nickel,Nickel,0,0.7296002357264366,125b,125b
88c293654f,633fbb7de1,Nickel,Nickel,0,0.4927413495224922,125b,125b
633fbb7de1,ae9b0acf0b,Nickel,Nickel,0,0.5383944208240831,125b,125b
ae9b0acf0b,633fbb7de1,Nickel,Nickel,0,0.5373425319817802,125b,125b
633fbb7de1,a3b1085bea,Nickel,Nickel,0,0.5569834231023995,125b,125b
a3b1085bea,633fbb7de1,Nickel,Nickel,0,0.5564868064766847,125b,125b
633fbb7de1,f366f00cde,Nickel,Nickel,0,0.6551462803411876,125b,125b
f366f00cde,633fbb7de1,Nickel,Nickel,0,0.6544122617556333,125b,125b
633fbb7de1,81bb3cb084,Nickel,Nickel,0,0.6201254056679529,125b,125b
81bb3cb084,633fbb7de1,Nickel,Nickel,0,0.6200854571143505,125b,125b
633fbb7de1,326bd7053d,Nickel,Nickel,0,0.6902142573187817,125b,125b
326bd7053d,633fbb7de1,Nickel,Nickel,0,0.7290314511031026,125b,125b
633fbb7de1,867e742682,Nickel,Nickel,0,0.5374045602585327,125b,125b
867e742682,633fbb7de1,Nickel,Nickel,0,0.5373695210770691,125b,125b
633fbb7de1,9c6504e345,Nickel,Nickel,0,0.6282653007710834,125b,125b
9c6504e345,633fbb7de1,Nickel,Nickel,0,0.6282653007710834,125b,125b
633fbb7de1,27c03bf211,Nickel,Nickel,0,0.7324572592494841,125b,125b
27c03bf211,633fbb7de1,Nickel,Nickel,0,0.7275642475559915,125b,125b
633fbb7de1,ef85c2ef6b,Nickel,Nickel,0,0.6772361620842193,125b,125b
ef85c2ef6b,633fbb7de1,Nickel,Nickel,0,0.6753943157784195,125b,125b
633fbb7de1,9b00c4c264,Nickel,Nickel,0,0.5057514395246084,125b,125b
9b00c4c264,633fbb7de1,Nickel,Nickel,0,0.5033082577490818,125b,125b
633fbb7de1,93f6afc25d,Nickel,Nickel,0,0.6198071492481587,125b,125b
93f6afc25d,633fbb7de1,Nickel,Nickel,0,0.6195448666350359,125b,125b
633fbb7de1,a54ce43a84,Nickel,Nickel,0,0.5791072214334732,125b,125b
a54ce43a84,633fbb7de1,Nickel,Nickel,0,0.5793361924587788,125b,125b
633fbb7de1,218ae10a65,Nickel,Nickel,0,0.6240805919123508,125b,125b
218ae10a65,633fbb7de1,Nickel,Nickel,0,0.6243349418622791,125b,125b
633fbb7de1,9645e12969,Nickel,Nickel,0,0.540169916228586,125b,125b
9645e12969,633fbb7de1,Nickel,Nickel,0,0.5405311177892193,125b,125b
633fbb7de1,0db08b7f9e,Nickel,Nickel,0,0.576808535585635,125b,125b
0db08b7f9e,633fbb7de1,Nickel,Nickel,0,0.5765120361076935,125b,125b
633fbb7de1,fc6e345a87,Nickel,Nickel,0,0.4135367684989077,125b,125b
fc6e345a87,633fbb7de1,Nickel,Nickel,0,0.41356795857598944,125b,125b
633fbb7de1,5187134316,Nickel,Nickel,0,0.6534671635756911,125b,125b
5187134316,633fbb7de1,Nickel,Nickel,0,0.6527630277672376,125b,125b
633fbb7de1,9fbbe4fcae,Nickel,Nickel,0,0.5528204306913215,125b,125b
9fbbe4fcae,633fbb7de1,Nickel,Nickel,0,0.5526314150057295,125b,125b
633fbb7de1,744a7e7690,Nickel,Nickel,0,0.46510354804162246,125b,125b
744a7e7690,633fbb7de1,Nickel,Nickel,0,0.4643311259692333,125b,125b
633fbb7de1,9f5cee2a11,Nickel,Nickel,0,0.6697065990680845,125b,125b
9f5cee2a11,633fbb7de1,Nickel,Nickel,0,0.6695969642008573,125b,125b
633fbb7de1,3443ea5ba5,Nickel,Nickel,0,0.5219429332078153,125b,125b
3443ea5ba5,633fbb7de1,Nickel,Nickel,0,0.5203038283389957,125b,125b
633fbb7de1,fa6595462f,Nickel,Nickel,0,0.6478626588447535,125b,125b
fa6595462f,633fbb7de1,Nickel,Nickel,0,0.6475280212840996,125b,125b
633fbb7de1,d469fc3f70,Nickel,Nickel,0,0.6242287872050879,125b,125b
d469fc3f70,633fbb7de1,Nickel,Nickel,0,0.6223949106468664,125b,125b
633fbb7de1,0e45ff7118,Nickel,Nickel,0,0.6638708923899146,125b,125b
0e45ff7118,633fbb7de1,Nickel,Nickel,0,0.6657825437548428,125b,125b
633fbb7de1,a80b46b6d1,Nickel,Nickel,0,0.6111371593917256,125b,125b
a80b46b6d1,633fbb7de1,Nickel,Nickel,0,0.6244416060159614,125b,125b
633fbb7de1,1ed3442cfa,Nickel,Nickel,0,0.44700568040509414,125b,125b
1ed3442cfa,633fbb7de1,Nickel,Nickel,0,0.4470056804050941,125b,125b
633fbb7de1,db4804f266,Nickel,Nickel,0,0.5117141276664912,125b,125b
db4804f266,633fbb7de1,Nickel,Nickel,0,0.5117141276664913,125b,125b
633fbb7de1,bf77a5ca9b,Nickel,Nickel,0,0.6799750453571186,125b,125b
bf77a5ca9b,633fbb7de1,Nickel,Nickel,0,0.679663516798428,125b,125b
633fbb7de1,13189e401d,Nickel,Nickel,0,0.6782610914038116,125b,125b
13189e401d,633fbb7de1,Nickel,Nickel,0,0.6782371916757348,125b,125b
633fbb7de1,d5070cee0f,Nickel,Nickel,0,0.4733015845240866,125b,125b
d5070cee0f,633fbb7de1,Nickel,Nickel,0,0.47348237666517645,125b,125b
633fbb7de1,27c44d34a4,Nickel,Nickel,0,0.6650546674226991,125b,125b
27c44d34a4,633fbb7de1,Nickel,Nickel,0,0.6650366900348593,125b,125b
633fbb7de1,4e0193ff9e,Nickel,Nickel,0,0.4797933561190398,125b,125b
4e0193ff9e,633fbb7de1,Nickel,Nickel,0,0.4793204421936727,125b,125b
633fbb7de1,3c6819beb9,Nickel,Nickel,0,0.5752108909802699,125b,125b
3c6819beb9,633fbb7de1,Nickel,Nickel,0,0.5752345378195132,125b,125b
633fbb7de1,3a2a75a851,Nickel,Nickel,0,0.6518174055699091,125b,125b
3a2a75a851,633fbb7de1,Nickel,Nickel,0,0.5662220434879991,125b,125b
633fbb7de1,0d991a198f,Nickel,Nickel,0,0.7009674592868625,125b,125b
0d991a198f,633fbb7de1,Nickel,Nickel,0,0.7009633512575073,125b,125b
0b782c3069,7204a1feeb,Nickel,Nickel,0,0.5856587569166093,125b,125b
7204a1feeb,0b782c3069,Nickel,Nickel,0,0.5867687864557557,125b,125b
0b782c3069,ef4d4aee2a,Nickel,Nickel,0,0.5586517112011073,125b,125b
ef4d4aee2a,0b782c3069,Nickel,Nickel,0,0.5585421489178161,125b,125b
0b782c3069,8c82f237f9,Nickel,Nickel,0,0.5082537026605899,125b,125b
8c82f237f9,0b782c3069,Nickel,Nickel,0,0.5077933735844736,125b,125b
0b782c3069,d64504718a,Nickel,Nickel,0,0.5590437935879108,125b,125b
d64504718a,0b782c3069,Nickel,Nickel,0,0.5582997416328845,125b,125b
0b782c3069,6e46d2b898,Nickel,Nickel,0,0.5138998650280627,125b,125b
6e46d2b898,0b782c3069,Nickel,Nickel,0,0.5139521506861936,125b,125b
0b782c3069,8edaa51105,Nickel,Nickel,0,0.5230241577846626,125b,125b
8edaa51105,0b782c3069,Nickel,Nickel,0,0.5235073040335159,125b,125b
0b782c3069,1be78463d7,Nickel,Nickel,0,0.6243253336671657,125b,125b
1be78463d7,0b782c3069,Nickel,Nickel,0,0.6245913848854439,125b,125b
0b782c3069,8197f401c9,Nickel,Nickel,0,0.47882003896345804,125b,125b
8197f401c9,0b782c3069,Nickel,Nickel,0,0.47916457930045464,125b,125b
0b782c3069,803e2e304c,Nickel,Nickel,0,0.44870941697743427,125b,125b
803e2e304c,0b782c3069,Nickel,Nickel,0,0.4522539612523462,125b,125b
0b782c3069,07ffa2d44f,Nickel,Nickel,0,0.5686302230999142,125b,125b
07ffa2d44f,0b782c3069,Nickel,Nickel,0,0.5685232313306733,125b,125b
0b782c3069,114a81160d,Nickel,Nickel,0,0.6121526132360888,125b,125b
114a81160d,0b782c3069,Nickel,Nickel,0,0.6135563873972951,125b,125b
0b782c3069,7db9fa3fdc,Nickel,Nickel,0,0.49323244857699383,125b,125b
7db9fa3fdc,0b782c3069,Nickel,Nickel,0,0.4932324485769938,125b,125b
0b782c3069,bd89ab2453,Nickel,Nickel,0,0.5522071855224848,125b,125b
bd89ab2453,0b782c3069,Nickel,Nickel,0,0.5532679664459731,125b,125b
0b782c3069,1f2544214d,Nickel,Nickel,0,0.589310470116085,125b,125b
1f2544214d,0b782c3069,Nickel,Nickel,0,0.5890775403284997,125b,125b
0b782c3069,c2081b71be,Nickel,Nickel,0,0.4844500011254544,125b,125b
c2081b71be,0b782c3069,Nickel,Nickel,0,0.4843338494083978,125b,125b
0b782c3069,a404412c4e,Nickel,Nickel,0,0.687725898349553,125b,125b
a404412c4e,0b782c3069,Nickel,Nickel,0,0.6879118349892186,125b,125b
0b782c3069,ff11e3e39e,Nickel,Nickel,0,0.5187995628472417,125b,125b
ff11e3e39e,0b782c3069,Nickel,Nickel,0,0.5186934159926068,125b,125b
0b782c3069,88c293654f,Nickel,Nickel,0,0.6512219081487911,125b,125b
88c293654f,0b782c3069,Nickel,Nickel,0,0.6509595018119546,125b,125b
0b782c3069,ae9b0acf0b,Nickel,Nickel,0,0.5978768209346647,125b,125b
ae9b0acf0b,0b782c3069,Nickel,Nickel,0,0.6072370587375979,125b,125b
0b782c3069,a3b1085bea,Nickel,Nickel,0,0.5690396648069543,125b,125b
a3b1085bea,0b782c3069,Nickel,Nickel,0,0.5694894299355143,125b,125b
0b782c3069,f366f00cde,Nickel,Nickel,0,0.5184617669559232,125b,125b
f366f00cde,0b782c3069,Nickel,Nickel,0,0.5184533089996869,125b,125b
0b782c3069,81bb3cb084,Nickel,Nickel,0,0.5312672217996312,125b,125b
81bb3cb084,0b782c3069,Nickel,Nickel,0,0.5310651423873755,125b,125b
0b782c3069,326bd7053d,Nickel,Nickel,0,0.5299166874243268,125b,125b
326bd7053d,0b782c3069,Nickel,Nickel,0,0.5298492074739568,125b,125b
0b782c3069,867e742682,Nickel,Nickel,0,0.737981777217712,125b,125b
867e742682,0b782c3069,Nickel,Nickel,0,0.7379408026475662,125b,125b
0b782c3069,9c6504e345,Nickel,Nickel,0,0.5777414900404866,125b,125b
9c6504e345,0b782c3069,Nickel,Nickel,0,0.5780244954482703,125b,125b
0b782c3069,27c03bf211,Nickel,Nickel,0,0.5479873153066693,125b,125b
27c03bf211,0b782c3069,Nickel,Nickel,0,0.547840056506043,125b,125b
0b782c3069,ef85c2ef6b,Nickel,Nickel,0,0.5307326703507023,125b,125b
ef85c2ef6b,0b782c3069,Nickel,Nickel,0,0.5308852669657171,125b,125b
0b782c3069,9b00c4c264,Nickel,Nickel,0,0.4578831521325437,125b,125b
9b00c4c264,0b782c3069,Nickel,Nickel,0,0.4579768423231651,125b,125b
0b782c3069,93f6afc25d,Nickel,Nickel,0,0.4798349329937517,125b,125b
93f6afc25d,0b782c3069,Nickel,Nickel,0,0.4797582333012724,125b,125b
0b782c3069,a54ce43a84,Nickel,Nickel,0,0.5426786817014295,125b,125b
a54ce43a84,0b782c3069,Nickel,Nickel,0,0.5427058547219131,125b,125b
0b782c3069,218ae10a65,Nickel,Nickel,0,0.45718945712091824,125b,125b
218ae10a65,0b782c3069,Nickel,Nickel,0,0.45698582164988244,125b,125b
0b782c3069,9645e12969,Nickel,Nickel,0,0.3572958343323495,125b,125b
9645e12969,0b782c3069,Nickel,Nickel,0,0.3581899664938974,125b,125b
0b782c3069,0db08b7f9e,Nickel,Nickel,0,0.6194819890759011,125b,125b
0db08b7f9e,0b782c3069,Nickel,Nickel,0,0.6203139239770271,125b,125b
0b782c3069,fc6e345a87,Nickel,Nickel,0,0.5207413059563551,125b,125b
fc6e345a87,0b782c3069,Nickel,Nickel,0,0.5215707909995568,125b,125b
0b782c3069,5187134316,Nickel,Nickel,0,0.7129997215664431,125b,125b
5187134316,0b782c3069,Nickel,Nickel,0,0.7139711388129821,125b,125b
0b782c3069,9fbbe4fcae,Nickel,Nickel,0,0.4422548012062232,125b,125b
9fbbe4fcae,0b782c3069,Nickel,Nickel,0,0.44274824506746785,125b,125b
0b782c3069,744a7e7690,Nickel,Nickel,0,0.5407777447015462,125b,125b
744a7e7690,0b782c3069,Nickel,Nickel,0,0.5414050253140487,125b,125b
0b782c3069,9f5cee2a11,Nickel,Nickel,0,0.5101349049573605,125b,125b
9f5cee2a11,0b782c3069,Nickel,Nickel,0,0.5246440468786928,125b,125b
0b782c3069,3443ea5ba5,Nickel,Nickel,0,0.5308924004115556,125b,125b
3443ea5ba5,0b782c3069,Nickel,Nickel,0,0.5309203189114408,125b,125b
0b782c3069,fa6595462f,Nickel,Nickel,0,0.7286180638797117,125b,125b
fa6595462f,0b782c3069,Nickel,Nickel,0,0.6537852223939487,125b,125b
0b782c3069,d469fc3f70,Nickel,Nickel,0,0.49454062248564296,125b,125b
d469fc3f70,0b782c3069,Nickel,Nickel,0,0.4945541601682123,125b,125b
0b782c3069,0e45ff7118,Nickel,Nickel,0,0.6091549839526084,125b,125b
0e45ff7118,0b782c3069,Nickel,Nickel,0,0.6093081789278033,125b,125b
0b782c3069,a80b46b6d1,Nickel,Nickel,0,0.5156189048307042,125b,125b
a80b46b6d1,0b782c3069,Nickel,Nickel,0,0.5155699133404703,125b,125b
0b782c3069,1ed3442cfa,Nickel,Nickel,0,0.5178459821388057,125b,125b
1ed3442cfa,0b782c3069,Nickel,Nickel,0,0.5189336774652251,125b,125b
0b782c3069,db4804f266,Nickel,Nickel,0,0.6258466601381242,125b,125b
db4804f266,0b782c3069,Nickel,Nickel,0,0.6278752732441721,125b,125b
0b782c3069,bf77a5ca9b,Nickel,Nickel,0,0.5206151076661591,125b,125b
bf77a5ca9b,0b782c3069,Nickel,Nickel,0,0.5205490912366483,125b,125b
0b782c3069,13189e401d,Nickel,Nickel,0,0.6003840005855999,125b,125b
13189e401d,0b782c3069,Nickel,Nickel,0,0.6001067689571428,125b,125b
0b782c3069,d5070cee0f,Nickel,Nickel,0,0.5278569590380167,125b,125b
d5070cee0f,0b782c3069,Nickel,Nickel,0,0.5302860028340034,125b,125b
0b782c3069,27c44d34a4,Nickel,Nickel,0,0.604170909662831,125b,125b
27c44d34a4,0b782c3069,Nickel,Nickel,0,0.6042064921428024,125b,125b
0b782c3069,4e0193ff9e,Nickel,Nickel,0,0.5758683644601794,125b,125b
4e0193ff9e,0b782c3069,Nickel,Nickel,0,0.5755371240508067,125b,125b
0b782c3069,3c6819beb9,Nickel,Nickel,0,0.366062446206586,125b,125b
3c6819beb9,0b782c3069,Nickel,Nickel,0,0.365898327771776,125b,125b
0b782c3069,3a2a75a851,Nickel,Nickel,0,0.6331905345574101,125b,125b
3a2a75a851,0b782c3069,Nickel,Nickel,0,0.633252905378395,125b,125b
0b782c3069,0d991a198f,Nickel,Nickel,0,0.575651914857261,125b,125b
0d991a198f,0b782c3069,Nickel,Nickel,0,0.5753493169980483,125b,125b
7204a1feeb,ef4d4aee2a,Nickel,Nickel,0,0.6682705283343724,125b,125b
ef4d4aee2a,7204a1feeb,Nickel,Nickel,0,0.6681926420237129,125b,125b
7204a1feeb,8c82f237f9,Nickel,Nickel,0,0.5825353291058394,125b,125b
8c82f237f9,7204a1feeb,Nickel,Nickel,0,0.5808731197905633,125b,125b
7204a1feeb,d64504718a,Nickel,Nickel,0,0.782550896093988,125b,125b
d64504718a,7204a1feeb,Nickel,Nickel,0,0.7812356607870286,125b,125b
7204a1feeb,6e46d2b898,Nickel,Nickel,0,0.4962721275391422,125b,125b
6e46d2b898,7204a1feeb,Nickel,Nickel,0,0.4951711804211185,125b,125b
7204a1feeb,8edaa51105,Nickel,Nickel,0,0.7244142189306592,125b,125b
8edaa51105,7204a1feeb,Nickel,Nickel,0,0.7234811067848581,125b,125b
7204a1feeb,1be78463d7,Nickel,Nickel,0,0.6692218218440439,125b,125b
1be78463d7,7204a1feeb,Nickel,Nickel,0,0.6288359300988854,125b,125b
7204a1feeb,8197f401c9,Nickel,Nickel,0,0.5006891126397658,125b,125b
8197f401c9,7204a1feeb,Nickel,Nickel,0,0.5004577685232633,125b,125b
7204a1feeb,803e2e304c,Nickel,Nickel,0,0.6636518445705247,125b,125b
803e2e304c,7204a1feeb,Nickel,Nickel,0,0.6640226974019025,125b,125b
7204a1feeb,07ffa2d44f,Nickel,Nickel,0,0.5173686503199563,125b,125b
07ffa2d44f,7204a1feeb,Nickel,Nickel,0,0.5163764142623868,125b,125b
7204a1feeb,114a81160d,Nickel,Nickel,0,0.6558886561855789,125b,125b
114a81160d,7204a1feeb,Nickel,Nickel,0,0.6552014731620633,125b,125b
7204a1feeb,7db9fa3fdc,Nickel,Nickel,0,0.7066032960837485,125b,125b
7db9fa3fdc,7204a1feeb,Nickel,Nickel,0,0.7062522924360117,125b,125b
7204a1feeb,bd89ab2453,Nickel,Nickel,0,0.5043640914455746,125b,125b
bd89ab2453,7204a1feeb,Nickel,Nickel,0,0.5024488720368516,125b,125b
7204a1feeb,1f2544214d,Nickel,Nickel,0,0.4597388855383177,125b,125b
1f2544214d,7204a1feeb,Nickel,Nickel,0,0.4595105610147058,125b,125b
7204a1feeb,c2081b71be,Nickel,Nickel,0,0.5246026784444001,125b,125b
c2081b71be,7204a1feeb,Nickel,Nickel,0,0.5246772971043968,125b,125b
7204a1feeb,a404412c4e,Nickel,Nickel,0,0.684382034699936,125b,125b
a404412c4e,7204a1feeb,Nickel,Nickel,0,0.6844198110118774,125b,125b
7204a1feeb,ff11e3e39e,Nickel,Nickel,0,0.49201562796163456,125b,125b
ff11e3e39e,7204a1feeb,Nickel,Nickel,0,0.4919794079193538,125b,125b
7204a1feeb,88c293654f,Nickel,Nickel,0,0.6227602866926245,125b,125b
88c293654f,7204a1feeb,Nickel,Nickel,0,0.622327095201791,125b,125b
7204a1feeb,ae9b0acf0b,Nickel,Nickel,0,0.5372839136911622,125b,125b
ae9b0acf0b,7204a1feeb,Nickel,Nickel,0,0.5370875894364672,125b,125b
7204a1feeb,a3b1085bea,Nickel,Nickel,0,0.547131688047152,125b,125b
a3b1085bea,7204a1feeb,Nickel,Nickel,0,0.5469732611505536,125b,125b
7204a1feeb,f366f00cde,Nickel,Nickel,0,0.6343945416565833,125b,125b
f366f00cde,7204a1feeb,Nickel,Nickel,0,0.634367919665491,125b,125b
7204a1feeb,81bb3cb084,Nickel,Nickel,0,0.5172713383269228,125b,125b
81bb3cb084,7204a1feeb,Nickel,Nickel,0,0.4711420854328318,125b,125b
7204a1feeb,326bd7053d,Nickel,Nickel,0,0.6687175526055755,125b,125b
326bd7053d,7204a1feeb,Nickel,Nickel,0,0.6687175526055756,125b,125b
7204a1feeb,867e742682,Nickel,Nickel,0,0.6222289436474889,125b,125b
867e742682,7204a1feeb,Nickel,Nickel,0,0.6211459157563701,125b,125b
7204a1feeb,9c6504e345,Nickel,Nickel,0,0.7625515647226895,125b,125b
9c6504e345,7204a1feeb,Nickel,Nickel,0,0.7623047912243662,125b,125b
7204a1feeb,27c03bf211,Nickel,Nickel,0,0.5522827040452891,125b,125b
27c03bf211,7204a1feeb,Nickel,Nickel,0,0.5526669632661095,125b,125b
7204a1feeb,ef85c2ef6b,Nickel,Nickel,0,0.6879220308727312,125b,125b
ef85c2ef6b,7204a1feeb,Nickel,Nickel,0,0.6881971975940488,125b,125b
7204a1feeb,9b00c4c264,Nickel,Nickel,0,0.7579551837488482,125b,125b
9b00c4c264,7204a1feeb,Nickel,Nickel,0,0.7566304944945844,125b,125b
7204a1feeb,93f6afc25d,Nickel,Nickel,0,0.4147474133409377,125b,125b
93f6afc25d,7204a1feeb,Nickel,Nickel,0,0.4145643607626043,125b,125b
7204a1feeb,a54ce43a84,Nickel,Nickel,0,0.47048256129054816,125b,125b
a54ce43a84,7204a1feeb,Nickel,Nickel,0,0.46776904713470513,125b,125b
7204a1feeb,218ae10a65,Nickel,Nickel,0,0.6617119649091248,125b,125b
218ae10a65,7204a1feeb,Nickel,Nickel,0,0.6615587885741051,125b,125b
7204a1feeb,9645e12969,Nickel,Nickel,0,0.341673066931777,125b,125b
9645e12969,7204a1feeb,Nickel,Nickel,0,0.3415243242952173,125b,125b
7204a1feeb,0db08b7f9e,Nickel,Nickel,0,0.7067711893480214,125b,125b
0db08b7f9e,7204a1feeb,Nickel,Nickel,0,0.7061727109528162,125b,125b
7204a1feeb,fc6e345a87,Nickel,Nickel,0,0.5304429544669124,125b,125b
fc6e345a87,7204a1feeb,Nickel,Nickel,0,0.5302856911853725,125b,125b
7204a1feeb,5187134316,Nickel,Nickel,0,0.6022536127541748,125b,125b
5187134316,7204a1feeb,Nickel,Nickel,0,0.6016324259536026,125b,125b
7204a1feeb,9fbbe4fcae,Nickel,Nickel,0,0.7183540938733513,125b,125b
9fbbe4fcae,7204a1feeb,Nickel,Nickel,0,0.718389735084195,125b,125b
7204a1feeb,744a7e7690,Nickel,Nickel,0,0.5842679096030077,125b,125b
744a7e7690,7204a1feeb,Nickel,Nickel,0,0.5847614984159277,125b,125b
7204a1feeb,9f5cee2a11,Nickel,Nickel,0,0.571668551897996,125b,125b
9f5cee2a11,7204a1feeb,Nickel,Nickel,0,0.5720367034614319,125b,125b
7204a1feeb,3443ea5ba5,Nickel,Nickel,0,0.5977906835387392,125b,125b
3443ea5ba5,7204a1feeb,Nickel,Nickel,0,0.597647400581083,125b,125b
7204a1feeb,fa6595462f,Nickel,Nickel,0,0.614252835070524,125b,125b
fa6595462f,7204a1feeb,Nickel,Nickel,0,0.6130385097855579,125b,125b
7204a1feeb,d469fc3f70,Nickel,Nickel,0,0.48976615928989226,125b,125b
d469fc3f70,7204a1feeb,Nickel,Nickel,0,0.4897769038768254,125b,125b
7204a1feeb,0e45ff7118,Nickel,Nickel,0,0.5406998473381708,125b,125b
0e45ff7118,7204a1feeb,Nickel,Nickel,0,0.5399818584800533,125b,125b
7204a1feeb,a80b46b6d1,Nickel,Nickel,0,0.6042601268581422,125b,125b
a80b46b6d1,7204a1feeb,Nickel,Nickel,0,0.6027958341736693,125b,125b
7204a1feeb,1ed3442cfa,Nickel,Nickel,0,0.5236347237945089,125b,125b
1ed3442cfa,7204a1feeb,Nickel,Nickel,0,0.5236488843863675,125b,125b
7204a1feeb,db4804f266,Nickel,Nickel,0,0.557773917865601,125b,125b
db4804f266,7204a1feeb,Nickel,Nickel,0,0.5577967033701081,125b,125b
7204a1feeb,bf77a5ca9b,Nickel,Nickel,0,0.5445430916285128,125b,125b
bf77a5ca9b,7204a1feeb,Nickel,Nickel,0,0.5446613075689687,125b,125b
7204a1feeb,13189e401d,Nickel,Nickel,0,0.6426898275028524,125b,125b
13189e401d,7204a1feeb,Nickel,Nickel,0,0.660024569275588,125b,125b
7204a1feeb,d5070cee0f,Nickel,Nickel,0,0.5112050551000418,125b,125b
d5070cee0f,7204a1feeb,Nickel,Nickel,0,0.5112911657703674,125b,125b
7204a1feeb,27c44d34a4,Nickel,Nickel,0,0.6684310732385217,125b,125b
27c44d34a4,7204a1feeb,Nickel,Nickel,0,0.6668261806840705,125b,125b
7204a1feeb,4e0193ff9e,Nickel,Nickel,0,0.4682679917838965,125b,125b
4e0193ff9e,7204a1feeb,Nickel,Nickel,0,0.46839467062184004,125b,125b
7204a1feeb,3c6819beb9,Nickel,Nickel,0,0.5511937252301036,125b,125b
3c6819beb9,7204a1feeb,Nickel,Nickel,0,0.5509362843427209,125b,125b
7204a1feeb,3a2a75a851,Nickel,Nickel,0,0.6010939502385071,125b,125b
3a2a75a851,7204a1feeb,Nickel,Nickel,0,0.5990048031987669,125b,125b
7204a1feeb,0d991a198f,Nickel,Nickel,0,0.672626322916299,125b,125b
0d991a198f,7204a1feeb,Nickel,Nickel,0,0.6728429432784993,125b,125b
ef4d4aee2a,8c82f237f9,Nickel,Nickel,0,0.6381501466394548,125b,125b
8c82f237f9,ef4d4aee2a,Nickel,Nickel,0,0.6381501466394549,125b,125b
ef4d4aee2a,d64504718a,Nickel,Nickel,0,0.6848118486250141,125b,125b
d64504718a,ef4d4aee2a,Nickel,Nickel,0,0.6846518574227025,125b,125b
ef4d4aee2a,6e46d2b898,Nickel,Nickel,0,0.4433438709592257,125b,125b
6e46d2b898,ef4d4aee2a,Nickel,Nickel,0,0.4421786615509525,125b,125b
ef4d4aee2a,8edaa51105,Nickel,Nickel,0,0.5495605812781613,125b,125b
8edaa51105,ef4d4aee2a,Nickel,Nickel,0,0.5115879609840243,125b,125b
ef4d4aee2a,1be78463d7,Nickel,Nickel,0,0.6100641752189276,125b,125b
1be78463d7,ef4d4aee2a,Nickel,Nickel,0,0.6071272457409518,125b,125b
ef4d4aee2a,8197f401c9,Nickel,Nickel,0,0.4804790657258317,125b,125b
8197f401c9,ef4d4aee2a,Nickel,Nickel,0,0.48087478556141017,125b,125b
ef4d4aee2a,803e2e304c,Nickel,Nickel,0,0.47918251474075896,125b,125b
803e2e304c,ef4d4aee2a,Nickel,Nickel,0,0.47932804649901656,125b,125b
ef4d4aee2a,07ffa2d44f,Nickel,Nickel,0,0.39237344689032017,125b,125b
07ffa2d44f,ef4d4aee2a,Nickel,Nickel,0,0.39046122386873705,125b,125b
ef4d4aee2a,114a81160d,Nickel,Nickel,0,0.5591444559058716,125b,125b
114a81160d,ef4d4aee2a,Nickel,Nickel,0,0.6501820632688298,125b,125b
ef4d4aee2a,7db9fa3fdc,Nickel,Nickel,0,0.6104839912327548,125b,125b
7db9fa3fdc,ef4d4aee2a,Nickel,Nickel,0,0.6201852681927607,125b,125b
ef4d4aee2a,bd89ab2453,Nickel,Nickel,0,0.5574185639641639,125b,125b
bd89ab2453,ef4d4aee2a,Nickel,Nickel,0,0.5576536994844177,125b,125b
ef4d4aee2a,1f2544214d,Nickel,Nickel,0,0.57861780921873,125b,125b
1f2544214d,ef4d4aee2a,Nickel,Nickel,0,0.5790048740093046,125b,125b
ef4d4aee2a,c2081b71be,Nickel,Nickel,0,0.6111146652727718,125b,125b
c2081b71be,ef4d4aee2a,Nickel,Nickel,0,0.6446758990072876,125b,125b
ef4d4aee2a,a404412c4e,Nickel,Nickel,0,0.5637488390206075,125b,125b
a404412c4e,ef4d4aee2a,Nickel,Nickel,0,0.5637438052237791,125b,125b
ef4d4aee2a,ff11e3e39e,Nickel,Nickel,0,0.47570375790179986,125b,125b
ff11e3e39e,ef4d4aee2a,Nickel,Nickel,0,0.4759128331870681,125b,125b
ef4d4aee2a,88c293654f,Nickel,Nickel,0,0.6830246797391913,125b,125b
88c293654f,ef4d4aee2a,Nickel,Nickel,0,0.6826418448223823,125b,125b
ef4d4aee2a,ae9b0acf0b,Nickel,Nickel,0,0.5722693480349464,125b,125b
ae9b0acf0b,ef4d4aee2a,Nickel,Nickel,0,0.5722773613095131,125b,125b
ef4d4aee2a,a3b1085bea,Nickel,Nickel,0,0.6872279773493968,125b,125b
a3b1085bea,ef4d4aee2a,Nickel,Nickel,0,0.6874858125414032,125b,125b
ef4d4aee2a,f366f00cde,Nickel,Nickel,0,0.5399676199751885,125b,125b
f366f00cde,ef4d4aee2a,Nickel,Nickel,0,0.5402525470389494,125b,125b
ef4d4aee2a,81bb3cb084,Nickel,Nickel,0,0.5587196194076208,125b,125b
81bb3cb084,ef4d4aee2a,Nickel,Nickel,0,0.5582525855250543,125b,125b
ef4d4aee2a,326bd7053d,Nickel,Nickel,0,0.503113096427097,125b,125b
326bd7053d,ef4d4aee2a,Nickel,Nickel,0,0.5034150175387252,125b,125b
ef4d4aee2a,867e742682,Nickel,Nickel,0,0.5772300671517575,125b,125b
867e742682,ef4d4aee2a,Nickel,Nickel,0,0.5773983080495497,125b,125b
ef4d4aee2a,9c6504e345,Nickel,Nickel,0,0.572205971570721,125b,125b
9c6504e345,ef4d4aee2a,Nickel,Nickel,0,0.5724865309935614,125b,125b
ef4d4aee2a,27c03bf211,Nickel,Nickel,0,0.5544704628642751,125b,125b
27c03bf211,ef4d4aee2a,Nickel,Nickel,0,0.5547697582315011,125b,125b
ef4d4aee2a,ef85c2ef6b,Nickel,Nickel,0,0.6397521226612912,125b,125b
ef85c2ef6b,ef4d4aee2a,Nickel,Nickel,0,0.6396650092607704,125b,125b
ef4d4aee2a,9b00c4c264,Nickel,Nickel,0,0.55183417594221,125b,125b
9b00c4c264,ef4d4aee2a,Nickel,Nickel,0,0.5518311142137654,125b,125b
ef4d4aee2a,93f6afc25d,Nickel,Nickel,0,0.5899435516317293,125b,125b
93f6afc25d,ef4d4aee2a,Nickel,Nickel,0,0.5902610453543967,125b,125b
ef4d4aee2a,a54ce43a84,Nickel,Nickel,0,0.5581602259420609,125b,125b
a54ce43a84,ef4d4aee2a,Nickel,Nickel,0,0.5577784228689231,125b,125b
ef4d4aee2a,218ae10a65,Nickel,Nickel,0,0.5299109323983422,125b,125b
218ae10a65,ef4d4aee2a,Nickel,Nickel,0,0.5298043591502697,125b,125b
ef4d4aee2a,9645e12969,Nickel,Nickel,0,0.5707769670007291,125b,125b
9645e12969,ef4d4aee2a,Nickel,Nickel,0,0.570982745677843,125b,125b
ef4d4aee2a,0db08b7f9e,Nickel,Nickel,0,0.5355218678906244,125b,125b
0db08b7f9e,ef4d4aee2a,Nickel,Nickel,0,0.5363538199661104,125b,125b
ef4d4aee2a,fc6e345a87,Nickel,Nickel,0,0.4422216036856747,125b,125b
fc6e345a87,ef4d4aee2a,Nickel,Nickel,0,0.44207825175706894,125b,125b
ef4d4aee2a,5187134316,Nickel,Nickel,0,0.6596527278553426,125b,125b
5187134316,ef4d4aee2a,Nickel,Nickel,0,0.6610872251692221,125b,125b
ef4d4aee2a,9fbbe4fcae,Nickel,Nickel,0,0.5269457065796086,125b,125b
9fbbe4fcae,ef4d4aee2a,Nickel,Nickel,0,0.5268860151511054,125b,125b
ef4d4aee2a,744a7e7690,Nickel,Nickel,0,0.5381768309459705,125b,125b
744a7e7690,ef4d4aee2a,Nickel,Nickel,0,0.5381768309459702,125b,125b
ef4d4aee2a,9f5cee2a11,Nickel,Nickel,0,0.532848007836693,125b,125b
9f5cee2a11,ef4d4aee2a,Nickel,Nickel,0,0.5325630183890442,125b,125b
ef4d4aee2a,3443ea5ba5,Nickel,Nickel,0,0.5276574039532735,125b,125b
3443ea5ba5,ef4d4aee2a,Nickel,Nickel,0,0.5281194346681434,125b,125b
ef4d4aee2a,fa6595462f,Nickel,Nickel,0,0.6030970442925987,125b,125b
fa6595462f,ef4d4aee2a,Nickel,Nickel,0,0.6045763606845093,125b,125b
ef4d4aee2a,d469fc3f70,Nickel,Nickel,0,0.5445462720850919,125b,125b
d469fc3f70,ef4d4aee2a,Nickel,Nickel,0,0.4225229586954131,125b,125b
ef4d4aee2a,0e45ff7118,Nickel,Nickel,0,0.6280659351072299,125b,125b
0e45ff7118,ef4d4aee2a,Nickel,Nickel,0,0.62806593510723,125b,125b
ef4d4aee2a,a80b46b6d1,Nickel,Nickel,0,0.6208974779103,125b,125b
a80b46b6d1,ef4d4aee2a,Nickel,Nickel,0,0.620731323097091,125b,125b
ef4d4aee2a,1ed3442cfa,Nickel,Nickel,0,0.5899607710327711,125b,125b
1ed3442cfa,ef4d4aee2a,Nickel,Nickel,0,0.5897107038561251,125b,125b
ef4d4aee2a,db4804f266,Nickel,Nickel,0,0.5619254882871174,125b,125b
db4804f266,ef4d4aee2a,Nickel,Nickel,0,0.5620276645266952,125b,125b
ef4d4aee2a,bf77a5ca9b,Nickel,Nickel,0,0.5240159437704232,125b,125b
bf77a5ca9b,ef4d4aee2a,Nickel,Nickel,0,0.5240159437704236,125b,125b
ef4d4aee2a,13189e401d,Nickel,Nickel,0,0.5742941064722695,125b,125b
13189e401d,ef4d4aee2a,Nickel,Nickel,0,0.5752705786303939,125b,125b
ef4d4aee2a,d5070cee0f,Nickel,Nickel,0,0.719401330750531,125b,125b
d5070cee0f,ef4d4aee2a,Nickel,Nickel,0,0.7204189123794784,125b,125b
ef4d4aee2a,27c44d34a4,Nickel,Nickel,0,0.6943713896158207,125b,125b
27c44d34a4,ef4d4aee2a,Nickel,Nickel,0,0.6945497131790463,125b,125b
ef4d4aee2a,4e0193ff9e,Nickel,Nickel,0,0.48609551087679587,125b,125b
4e0193ff9e,ef4d4aee2a,Nickel,Nickel,0,0.48635736285737713,125b,125b
ef4d4aee2a,3c6819beb9,Nickel,Nickel,0,0.6805958617746296,125b,125b
3c6819beb9,ef4d4aee2a,Nickel,Nickel,0,0.6807647019668484,125b,125b
ef4d4aee2a,3a2a75a851,Nickel,Nickel,0,0.44194753575891593,125b,125b
3a2a75a851,ef4d4aee2a,Nickel,Nickel,0,0.4421887836155319,125b,125b
ef4d4aee2a,0d991a198f,Nickel,Nickel,0,0.6461705463873674,125b,125b
0d991a198f,ef4d4aee2a,Nickel,Nickel,0,0.6461155211767614,125b,125b
8c82f237f9,d64504718a,Nickel,Nickel,0,0.6178091776230183,125b,125b
d64504718a,8c82f237f9,Nickel,Nickel,0,0.6177830674528566,125b,125b
8c82f237f9,6e46d2b898,Nickel,Nickel,0,0.4632992217093914,125b,125b
6e46d2b898,8c82f237f9,Nickel,Nickel,0,0.46238229215949206,125b,125b
8c82f237f9,8edaa51105,Nickel,Nickel,0,0.5772606074114143,125b,125b
8edaa51105,8c82f237f9,Nickel,Nickel,0,0.43636610476342347,125b,125b
8c82f237f9,1be78463d7,Nickel,Nickel,0,0.5821169250915064,125b,125b
1be78463d7,8c82f237f9,Nickel,Nickel,0,0.5821277289752865,125b,125b
8c82f237f9,8197f401c9,Nickel,Nickel,0,0.43610531212996173,125b,125b
8197f401c9,8c82f237f9,Nickel,Nickel,0,0.4355075022895053,125b,125b
8c82f237f9,803e2e304c,Nickel,Nickel,0,0.46512288251888945,125b,125b
803e2e304c,8c82f237f9,Nickel,Nickel,0,0.46486659295277766,125b,125b
8c82f237f9,07ffa2d44f,Nickel,Nickel,0,0.5169391519921639,125b,125b
07ffa2d44f,8c82f237f9,Nickel,Nickel,0,0.5161331708229514,125b,125b
8c82f237f9,114a81160d,Nickel,Nickel,0,0.5332673964405408,125b,125b
114a81160d,8c82f237f9,Nickel,Nickel,0,0.5332673964405408,125b,125b
8c82f237f9,7db9fa3fdc,Nickel,Nickel,0,0.5768906633381327,125b,125b
7db9fa3fdc,8c82f237f9,Nickel,Nickel,0,0.5776775199557284,125b,125b
8c82f237f9,bd89ab2453,Nickel,Nickel,0,0.5416077680331006,125b,125b
bd89ab2453,8c82f237f9,Nickel,Nickel,0,0.5408714392433708,125b,125b
8c82f237f9,1f2544214d,Nickel,Nickel,0,0.5437257876901919,125b,125b
1f2544214d,8c82f237f9,Nickel,Nickel,0,0.48079752553333355,125b,125b
8c82f237f9,c2081b71be,Nickel,Nickel,0,0.5960128718185602,125b,125b
c2081b71be,8c82f237f9,Nickel,Nickel,0,0.5944826277240044,125b,125b
8c82f237f9,a404412c4e,Nickel,Nickel,0,0.5305232679855637,125b,125b
a404412c4e,8c82f237f9,Nickel,Nickel,0,0.5304813255395425,125b,125b
8c82f237f9,ff11e3e39e,Nickel,Nickel,0,0.48838924581095905,125b,125b
ff11e3e39e,8c82f237f9,Nickel,Nickel,0,0.48770583293711844,125b,125b
8c82f237f9,88c293654f,Nickel,Nickel,0,0.5421490966645076,125b,125b
88c293654f,8c82f237f9,Nickel,Nickel,0,0.5418640008078713,125b,125b
8c82f237f9,ae9b0acf0b,Nickel,Nickel,0,0.4752330825377192,125b,125b
ae9b0acf0b,8c82f237f9,Nickel,Nickel,0,0.4755943072641087,125b,125b
8c82f237f9,a3b1085bea,Nickel,Nickel,0,0.5525917911145142,125b,125b
a3b1085bea,8c82f237f9,Nickel,Nickel,0,0.552941637713572,125b,125b
8c82f237f9,f366f00cde,Nickel,Nickel,0,0.4198460715548465,125b,125b
f366f00cde,8c82f237f9,Nickel,Nickel,0,0.42004927734894465,125b,125b
8c82f237f9,81bb3cb084,Nickel,Nickel,0,0.5796308127901507,125b,125b
81bb3cb084,8c82f237f9,Nickel,Nickel,0,0.5794713935865982,125b,125b
8c82f237f9,326bd7053d,Nickel,Nickel,0,0.5850197762485336,125b,125b
326bd7053d,8c82f237f9,Nickel,Nickel,0,0.584326632606091,125b,125b
8c82f237f9,867e742682,Nickel,Nickel,0,0.511124169244198,125b,125b
867e742682,8c82f237f9,Nickel,Nickel,0,0.5107035428477559,125b,125b
8c82f237f9,9c6504e345,Nickel,Nickel,0,0.5316714426548907,125b,125b
9c6504e345,8c82f237f9,Nickel,Nickel,0,0.5317767680991095,125b,125b
8c82f237f9,27c03bf211,Nickel,Nickel,0,0.5216613894778448,125b,125b
27c03bf211,8c82f237f9,Nickel,Nickel,0,0.5219268938016544,125b,125b
8c82f237f9,ef85c2ef6b,Nickel,Nickel,0,0.4303311931068294,125b,125b
ef85c2ef6b,8c82f237f9,Nickel,Nickel,0,0.42948367231106155,125b,125b
8c82f237f9,9b00c4c264,Nickel,Nickel,0,0.4407054687698711,125b,125b
9b00c4c264,8c82f237f9,Nickel,Nickel,0,0.44068241558445187,125b,125b
8c82f237f9,93f6afc25d,Nickel,Nickel,0,0.3747280665571705,125b,125b
93f6afc25d,8c82f237f9,Nickel,Nickel,0,0.3746551395808845,125b,125b
8c82f237f9,a54ce43a84,Nickel,Nickel,0,0.4062973631991754,125b,125b
a54ce43a84,8c82f237f9,Nickel,Nickel,0,0.40611488900419884,125b,125b
8c82f237f9,218ae10a65,Nickel,Nickel,0,0.49189405816628035,125b,125b
218ae10a65,8c82f237f9,Nickel,Nickel,0,0.4923094543061076,125b,125b
8c82f237f9,9645e12969,Nickel,Nickel,0,0.3481535977699745,125b,125b
9645e12969,8c82f237f9,Nickel,Nickel,0,0.34888325522747626,125b,125b
8c82f237f9,0db08b7f9e,Nickel,Nickel,0,0.38785248718325527,125b,125b
0db08b7f9e,8c82f237f9,Nickel,Nickel,0,0.3878023528437016,125b,125b
8c82f237f9,fc6e345a87,Nickel,Nickel,0,0.4057745150919249,125b,125b
fc6e345a87,8c82f237f9,Nickel,Nickel,0,0.40570956444102385,125b,125b
8c82f237f9,5187134316,Nickel,Nickel,0,0.6638911082816776,125b,125b
5187134316,8c82f237f9,Nickel,Nickel,0,0.6636952712203932,125b,125b
8c82f237f9,9fbbe4fcae,Nickel,Nickel,0,0.5752746560787689,125b,125b
9fbbe4fcae,8c82f237f9,Nickel,Nickel,0,0.5726636121432293,125b,125b
8c82f237f9,744a7e7690,Nickel,Nickel,0,0.48649656872661684,125b,125b
744a7e7690,8c82f237f9,Nickel,Nickel,0,0.486643158280469,125b,125b
8c82f237f9,9f5cee2a11,Nickel,Nickel,0,0.5344033432516643,125b,125b
9f5cee2a11,8c82f237f9,Nickel,Nickel,0,0.5347921453343367,125b,125b
8c82f237f9,3443ea5ba5,Nickel,Nickel,0,0.4778403993512272,125b,125b
3443ea5ba5,8c82f237f9,Nickel,Nickel,0,0.4777911674951372,125b,125b
8c82f237f9,fa6595462f,Nickel,Nickel,0,0.447134480282149,125b,125b
fa6595462f,8c82f237f9,Nickel,Nickel,0,0.4470651301357935,125b,125b
8c82f237f9,d469fc3f70,Nickel,Nickel,0,0.48135330985811914,125b,125b
d469fc3f70,8c82f237f9,Nickel,Nickel,0,0.4816022229072876,125b,125b
8c82f237f9,0e45ff7118,Nickel,Nickel,0,0.4073021876938516,125b,125b
0e45ff7118,8c82f237f9,Nickel,Nickel,0,0.4066214038871426,125b,125b
8c82f237f9,a80b46b6d1,Nickel,Nickel,0,0.6055619791396196,125b,125b
a80b46b6d1,8c82f237f9,Nickel,Nickel,0,0.6051964429243175,125b,125b
8c82f237f9,1ed3442cfa,Nickel,Nickel,0,0.5547642826109559,125b,125b
1ed3442cfa,8c82f237f9,Nickel,Nickel,0,0.5548607847085705,125b,125b
8c82f237f9,db4804f266,Nickel,Nickel,0,0.5099390260555093,125b,125b
db4804f266,8c82f237f9,Nickel,Nickel,0,0.5099390260555094,125b,125b
8c82f237f9,bf77a5ca9b,Nickel,Nickel,0,0.540102556443139,125b,125b
bf77a5ca9b,8c82f237f9,Nickel,Nickel,0,0.5399037619065448,125b,125b
8c82f237f9,13189e401d,Nickel,Nickel,0,0.628233756220892,125b,125b
13189e401d,8c82f237f9,Nickel,Nickel,0,0.6289667612297519,125b,125b
8c82f237f9,d5070cee0f,Nickel,Nickel,0,0.4271450362946136,125b,125b
d5070cee0f,8c82f237f9,Nickel,Nickel,0,0.4275673597096908,125b,125b
8c82f237f9,27c44d34a4,Nickel,Nickel,0,0.4164840562409858,125b,125b
27c44d34a4,8c82f237f9,Nickel,Nickel,0,0.4158827826154366,125b,125b
8c82f237f9,4e0193ff9e,Nickel,Nickel,0,0.5236836154644343,125b,125b
4e0193ff9e,8c82f237f9,Nickel,Nickel,0,0.5236499466426783,125b,125b
8c82f237f9,3c6819beb9,Nickel,Nickel,0,0.4843468626930217,125b,125b
3c6819beb9,8c82f237f9,Nickel,Nickel,0,0.48349137786366525,125b,125b
8c82f237f9,3a2a75a851,Nickel,Nickel,0,0.4856329520424242,125b,125b
3a2a75a851,8c82f237f9,Nickel,Nickel,0,0.4848163575922585,125b,125b
8c82f237f9,0d991a198f,Nickel,Nickel,0,0.5221950905753545,125b,125b
0d991a198f,8c82f237f9,Nickel,Nickel,0,0.5222797402281915,125b,125b
d64504718a,6e46d2b898,Nickel,Nickel,0,0.6283629544256087,125b,125b
6e46d2b898,d64504718a,Nickel,Nickel,0,0.62874571418442,125b,125b
d64504718a,8edaa51105,Nickel,Nickel,0,0.5785620980246616,125b,125b
8edaa51105,d64504718a,Nickel,Nickel,0,0.5787250541188713,125b,125b
d64504718a,1be78463d7,Nickel,Nickel,0,0.5024223900284421,125b,125b
1be78463d7,d64504718a,Nickel,Nickel,0,0.5030628048013727,125b,125b
d64504718a,8197f401c9,Nickel,Nickel,0,0.5655367854062476,125b,125b
8197f401c9,d64504718a,Nickel,Nickel,0,0.5655367854062473,125b,125b
d64504718a,803e2e304c,Nickel,Nickel,0,0.7006178033066848,125b,125b
803e2e304c,d64504718a,Nickel,Nickel,0,0.7008803928648958,125b,125b
d64504718a,07ffa2d44f,Nickel,Nickel,0,0.5884345671491128,125b,125b
07ffa2d44f,d64504718a,Nickel,Nickel,0,0.5891504749003942,125b,125b
d64504718a,114a81160d,Nickel,Nickel,0,0.5383360417325924,125b,125b
114a81160d,d64504718a,Nickel,Nickel,0,0.537886485504389,125b,125b
d64504718a,7db9fa3fdc,Nickel,Nickel,0,0.5253722784370064,125b,125b
7db9fa3fdc,d64504718a,Nickel,Nickel,0,0.5251303785795729,125b,125b
d64504718a,bd89ab2453,Nickel,Nickel,0,0.6337574412034664,125b,125b
bd89ab2453,d64504718a,Nickel,Nickel,0,0.6349867750362475,125b,125b
d64504718a,1f2544214d,Nickel,Nickel,0,0.6190133912326264,125b,125b
1f2544214d,d64504718a,Nickel,Nickel,0,0.6193824400365069,125b,125b
d64504718a,c2081b71be,Nickel,Nickel,0,0.527732471512878,125b,125b
c2081b71be,d64504718a,Nickel,Nickel,0,0.5270244127767935,125b,125b
d64504718a,a404412c4e,Nickel,Nickel,0,0.6999287620492564,125b,125b
a404412c4e,d64504718a,Nickel,Nickel,0,0.7001715893145003,125b,125b
d64504718a,ff11e3e39e,Nickel,Nickel,0,0.421414660947752,125b,125b
ff11e3e39e,d64504718a,Nickel,Nickel,0,0.4219333760046656,125b,125b
d64504718a,88c293654f,Nickel,Nickel,0,0.5387190997044274,125b,125b
88c293654f,d64504718a,Nickel,Nickel,0,0.5397853882322714,125b,125b
d64504718a,ae9b0acf0b,Nickel,Nickel,0,0.6139258544775666,125b,125b
ae9b0acf0b,d64504718a,Nickel,Nickel,0,0.6139258544775663,125b,125b
d64504718a,a3b1085bea,Nickel,Nickel,0,0.6142915811315699,125b,125b
a3b1085bea,d64504718a,Nickel,Nickel,0,0.6137139374595755,125b,125b
d64504718a,f366f00cde,Nickel,Nickel,0,0.47090514916754267,125b,125b
f366f00cde,d64504718a,Nickel,Nickel,0,0.4734195556783893,125b,125b
d64504718a,81bb3cb084,Nickel,Nickel,0,0.580243197208631,125b,125b
81bb3cb084,d64504718a,Nickel,Nickel,0,0.5796044909781325,125b,125b
d64504718a,326bd7053d,Nickel,Nickel,0,0.6343222075340097,125b,125b
326bd7053d,d64504718a,Nickel,Nickel,0,0.6345260383839423,125b,125b
d64504718a,867e742682,Nickel,Nickel,0,0.47736621680286845,125b,125b
867e742682,d64504718a,Nickel,Nickel,0,0.4771127797360867,125b,125b
d64504718a,9c6504e345,Nickel,Nickel,0,0.5743079827319801,125b,125b
9c6504e345,d64504718a,Nickel,Nickel,0,0.5742896189396133,125b,125b
d64504718a,27c03bf211,Nickel,Nickel,0,0.6264694520723375,125b,125b
27c03bf211,d64504718a,Nickel,Nickel,0,0.6262466898479938,125b,125b
d64504718a,ef85c2ef6b,Nickel,Nickel,0,0.6833970511945352,125b,125b
ef85c2ef6b,d64504718a,Nickel,Nickel,0,0.6825553955851066,125b,125b
d64504718a,9b00c4c264,Nickel,Nickel,0,0.5060258984736521,125b,125b
9b00c4c264,d64504718a,Nickel,Nickel,0,0.5061196600709821,125b,125b
d64504718a,93f6afc25d,Nickel,Nickel,0,0.5986366077981001,125b,125b
93f6afc25d,d64504718a,Nickel,Nickel,0,0.5981201697469962,125b,125b
d64504718a,a54ce43a84,Nickel,Nickel,0,0.5873468677580164,125b,125b
a54ce43a84,d64504718a,Nickel,Nickel,0,0.5872902372296378,125b,125b
d64504718a,218ae10a65,Nickel,Nickel,0,0.5336663972583696,125b,125b
218ae10a65,d64504718a,Nickel,Nickel,0,0.5336663972583694,125b,125b
d64504718a,9645e12969,Nickel,Nickel,0,0.47980300231566586,125b,125b
9645e12969,d64504718a,Nickel,Nickel,0,0.47965912159644825,125b,125b
d64504718a,0db08b7f9e,Nickel,Nickel,0,0.43332739805582443,125b,125b
0db08b7f9e,d64504718a,Nickel,Nickel,0,0.4341186176454719,125b,125b
d64504718a,fc6e345a87,Nickel,Nickel,0,0.45060646070728216,125b,125b
fc6e345a87,d64504718a,Nickel,Nickel,0,0.4507273092252871,125b,125b
d64504718a,5187134316,Nickel,Nickel,0,0.6050686339319118,125b,125b
5187134316,d64504718a,Nickel,Nickel,0,0.604697780314935,125b,125b
d64504718a,9fbbe4fcae,Nickel,Nickel,0,0.7216784305139827,125b,125b
9fbbe4fcae,d64504718a,Nickel,Nickel,0,0.7220262817198108,125b,125b
d64504718a,744a7e7690,Nickel,Nickel,0,0.5959319586825809,125b,125b
744a7e7690,d64504718a,Nickel,Nickel,0,0.5957929665962601,125b,125b
d64504718a,9f5cee2a11,Nickel,Nickel,0,0.6186719594818381,125b,125b
9f5cee2a11,d64504718a,Nickel,Nickel,0,0.6186436084322888,125b,125b
d64504718a,3443ea5ba5,Nickel,Nickel,0,0.637713371020134,125b,125b
3443ea5ba5,d64504718a,Nickel,Nickel,0,0.6369324870352387,125b,125b
d64504718a,fa6595462f,Nickel,Nickel,0,0.6369179760987163,125b,125b
fa6595462f,d64504718a,Nickel,Nickel,0,0.6368254769175006,125b,125b
d64504718a,d469fc3f70,Nickel,Nickel,0,0.5206497498225602,125b,125b
d469fc3f70,d64504718a,Nickel,Nickel,0,0.5204702698845988,125b,125b
d64504718a,0e45ff7118,Nickel,Nickel,0,0.6453158386239355,125b,125b
0e45ff7118,d64504718a,Nickel,Nickel,0,0.6455492538416707,125b,125b
d64504718a,a80b46b6d1,Nickel,Nickel,0,0.5455799580146156,125b,125b
a80b46b6d1,d64504718a,Nickel,Nickel,0,0.5451824146932871,125b,125b
d64504718a,1ed3442cfa,Nickel,Nickel,0,0.7341322660838326,125b,125b
1ed3442cfa,d64504718a,Nickel,Nickel,0,0.7349465122126982,125b,125b
d64504718a,db4804f266,Nickel,Nickel,0,0.6536888433670027,125b,125b
db4804f266,d64504718a,Nickel,Nickel,0,0.6536888433670025,125b,125b
d64504718a,bf77a5ca9b,Nickel,Nickel,0,0.3963157188334574,125b,125b
bf77a5ca9b,d64504718a,Nickel,Nickel,0,0.3945149289110039,125b,125b
d64504718a,13189e401d,Nickel,Nickel,0,0.6802118527220566,125b,125b
13189e401d,d64504718a,Nickel,Nickel,0,0.6802180550498943,125b,125b
d64504718a,d5070cee0f,Nickel,Nickel,0,0.5940575192191361,125b,125b
d5070cee0f,d64504718a,Nickel,Nickel,0,0.595458313191807,125b,125b
d64504718a,27c44d34a4,Nickel,Nickel,0,0.5447695293192997,125b,125b
27c44d34a4,d64504718a,Nickel,Nickel,0,0.5417328015929599,125b,125b
d64504718a,4e0193ff9e,Nickel,Nickel,0,0.4892394242379101,125b,125b
4e0193ff9e,d64504718a,Nickel,Nickel,0,0.4892831214414812,125b,125b
d64504718a,3c6819beb9,Nickel,Nickel,0,0.5703502700919543,125b,125b
3c6819beb9,d64504718a,Nickel,Nickel,0,0.5704019396951784,125b,125b
d64504718a,3a2a75a851,Nickel,Nickel,0,0.5824295058246215,125b,125b
3a2a75a851,d64504718a,Nickel,Nickel,0,0.5825468305909252,125b,125b
d64504718a,0d991a198f,Nickel,Nickel,0,0.4975712016392834,125b,125b
0d991a198f,d64504718a,Nickel,Nickel,0,0.49761105368436664,125b,125b
6e46d2b898,8edaa51105,Nickel,Nickel,0,0.5845127848403402,125b,125b
8edaa51105,6e46d2b898,Nickel,Nickel,0,0.5844618019889559,125b,125b
6e46d2b898,1be78463d7,Nickel,Nickel,0,0.617753804780757,125b,125b
1be78463d7,6e46d2b898,Nickel,Nickel,0,0.617269155405692,125b,125b
6e46d2b898,8197f401c9,Nickel,Nickel,0,0.4302248403703806,125b,125b
8197f401c9,6e46d2b898,Nickel,Nickel,0,0.4310161126524409,125b,125b
6e46d2b898,803e2e304c,Nickel,Nickel,0,0.6684791134900961,125b,125b
803e2e304c,6e46d2b898,Nickel,Nickel,0,0.6680667497366126,125b,125b
6e46d2b898,07ffa2d44f,Nickel,Nickel,0,0.535424813504641,125b,125b
07ffa2d44f,6e46d2b898,Nickel,Nickel,0,0.535903715513336,125b,125b
6e46d2b898,114a81160d,Nickel,Nickel,0,0.535610792706806,125b,125b
114a81160d,6e46d2b898,Nickel,Nickel,0,0.5352973437142894,125b,125b
6e46d2b898,7db9fa3fdc,Nickel,Nickel,0,0.5093869493401428,125b,125b
7db9fa3fdc,6e46d2b898,Nickel,Nickel,0,0.5092482622993246,125b,125b
6e46d2b898,bd89ab2453,Nickel,Nickel,0,0.4793076659307373,125b,125b
bd89ab2453,6e46d2b898,Nickel,Nickel,0,0.4789311573129222,125b,125b
6e46d2b898,1f2544214d,Nickel,Nickel,0,0.5097949758558636,125b,125b
1f2544214d,6e46d2b898,Nickel,Nickel,0,0.5095488147922766,125b,125b
6e46d2b898,c2081b71be,Nickel,Nickel,0,0.565489925024702,125b,125b
c2081b71be,6e46d2b898,Nickel,Nickel,0,0.5499346087102958,125b,125b
6e46d2b898,a404412c4e,Nickel,Nickel,0,0.46380431467392763,125b,125b
a404412c4e,6e46d2b898,Nickel,Nickel,0,0.46380431467392774,125b,125b
6e46d2b898,ff11e3e39e,Nickel,Nickel,0,0.5285773886805707,125b,125b
ff11e3e39e,6e46d2b898,Nickel,Nickel,0,0.5278107124819267,125b,125b
6e46d2b898,88c293654f,Nickel,Nickel,0,0.5731250049206243,125b,125b
88c293654f,6e46d2b898,Nickel,Nickel,0,0.57277932355483,125b,125b
6e46d2b898,ae9b0acf0b,Nickel,Nickel,0,0.5900457578432047,125b,125b
ae9b0acf0b,6e46d2b898,Nickel,Nickel,0,0.5895555156999028,125b,125b
6e46d2b898,a3b1085bea,Nickel,Nickel,0,0.49757431359115445,125b,125b
a3b1085bea,6e46d2b898,Nickel,Nickel,0,0.49757431359115406,125b,125b
6e46d2b898,f366f00cde,Nickel,Nickel,0,0.48549417375331383,125b,125b
f366f00cde,6e46d2b898,Nickel,Nickel,0,0.4859084998915713,125b,125b
6e46d2b898,81bb3cb084,Nickel,Nickel,0,0.46566474471193675,125b,125b
81bb3cb084,6e46d2b898,Nickel,Nickel,0,0.467425108237043,125b,125b
6e46d2b898,326bd7053d,Nickel,Nickel,0,0.46395574022726704,125b,125b
326bd7053d,6e46d2b898,Nickel,Nickel,0,0.4637739147385068,125b,125b
6e46d2b898,867e742682,Nickel,Nickel,0,0.5479639769212583,125b,125b
867e742682,6e46d2b898,Nickel,Nickel,0,0.54769717238737,125b,125b
6e46d2b898,9c6504e345,Nickel,Nickel,0,0.5260995957397562,125b,125b
9c6504e345,6e46d2b898,Nickel,Nickel,0,0.5258714411694799,125b,125b
6e46d2b898,27c03bf211,Nickel,Nickel,0,0.5440247362303848,125b,125b
27c03bf211,6e46d2b898,Nickel,Nickel,0,0.5440585344978345,125b,125b
6e46d2b898,ef85c2ef6b,Nickel,Nickel,0,0.59779948555992,125b,125b
ef85c2ef6b,6e46d2b898,Nickel,Nickel,0,0.5977897780138482,125b,125b
6e46d2b898,9b00c4c264,Nickel,Nickel,0,0.539442034645525,125b,125b
9b00c4c264,6e46d2b898,Nickel,Nickel,0,0.5394420346455263,125b,125b
6e46d2b898,93f6afc25d,Nickel,Nickel,0,0.49971556111710164,125b,125b
93f6afc25d,6e46d2b898,Nickel,Nickel,0,0.49959735692462576,125b,125b
6e46d2b898,a54ce43a84,Nickel,Nickel,0,0.5747262646759018,125b,125b
a54ce43a84,6e46d2b898,Nickel,Nickel,0,0.5747568629278561,125b,125b
6e46d2b898,218ae10a65,Nickel,Nickel,0,0.7231865515911384,125b,125b
218ae10a65,6e46d2b898,Nickel,Nickel,0,0.723247251906949,125b,125b
6e46d2b898,9645e12969,Nickel,Nickel,0,0.5725544411117133,125b,125b
9645e12969,6e46d2b898,Nickel,Nickel,0,0.5733606563531771,125b,125b
6e46d2b898,0db08b7f9e,Nickel,Nickel,0,0.4288275502393346,125b,125b
0db08b7f9e,6e46d2b898,Nickel,Nickel,0,0.42866992744509713,125b,125b
6e46d2b898,fc6e345a87,Nickel,Nickel,0,0.5685570763337585,125b,125b
fc6e345a87,6e46d2b898,Nickel,Nickel,0,0.5687400312524837,125b,125b
6e46d2b898,5187134316,Nickel,Nickel,0,0.4345837342644572,125b,125b
5187134316,6e46d2b898,Nickel,Nickel,0,0.43447154597061866,125b,125b
6e46d2b898,9fbbe4fcae,Nickel,Nickel,0,0.4969528764881958,125b,125b
9fbbe4fcae,6e46d2b898,Nickel,Nickel,0,0.5044066944164599,125b,125b
6e46d2b898,744a7e7690,Nickel,Nickel,0,0.5576453313583021,125b,125b
744a7e7690,6e46d2b898,Nickel,Nickel,0,0.5582938159101181,125b,125b
6e46d2b898,9f5cee2a11,Nickel,Nickel,0,0.5837353370906435,125b,125b
9f5cee2a11,6e46d2b898,Nickel,Nickel,0,0.5837944119949061,125b,125b
6e46d2b898,3443ea5ba5,Nickel,Nickel,0,0.5716287311976349,125b,125b
3443ea5ba5,6e46d2b898,Nickel,Nickel,0,0.5716975791622622,125b,125b
6e46d2b898,fa6595462f,Nickel,Nickel,0,0.5462275667459467,125b,125b
fa6595462f,6e46d2b898,Nickel,Nickel,0,0.5475788847135317,125b,125b
6e46d2b898,d469fc3f70,Nickel,Nickel,0,0.5148950951394169,125b,125b
d469fc3f70,6e46d2b898,Nickel,Nickel,0,0.5146902012374911,125b,125b
6e46d2b898,0e45ff7118,Nickel,Nickel,0,0.6459869822533817,125b,125b
0e45ff7118,6e46d2b898,Nickel,Nickel,0,0.6457899469069851,125b,125b
6e46d2b898,a80b46b6d1,Nickel,Nickel,0,0.5098398485956541,125b,125b
a80b46b6d1,6e46d2b898,Nickel,Nickel,0,0.5097406825032956,125b,125b
6e46d2b898,1ed3442cfa,Nickel,Nickel,0,0.6252678547268554,125b,125b
1ed3442cfa,6e46d2b898,Nickel,Nickel,0,0.625568941749126,125b,125b
6e46d2b898,db4804f266,Nickel,Nickel,0,0.6533887351742054,125b,125b
db4804f266,6e46d2b898,Nickel,Nickel,0,0.6532822911808166,125b,125b
6e46d2b898,bf77a5ca9b,Nickel,Nickel,0,0.4616575632108085,125b,125b
bf77a5ca9b,6e46d2b898,Nickel,Nickel,0,0.4616652237087899,125b,125b
6e46d2b898,13189e401d,Nickel,Nickel,0,0.5557145706505493,125b,125b
13189e401d,6e46d2b898,Nickel,Nickel,0,0.5554876546728581,125b,125b
6e46d2b898,d5070cee0f,Nickel,Nickel,0,0.5456295117429448,125b,125b
d5070cee0f,6e46d2b898,Nickel,Nickel,0,0.5455313135308265,125b,125b
6e46d2b898,27c44d34a4,Nickel,Nickel,0,0.5204681103230713,125b,125b
27c44d34a4,6e46d2b898,Nickel,Nickel,0,0.5199981809091931,125b,125b
6e46d2b898,4e0193ff9e,Nickel,Nickel,0,0.6676915045552757,125b,125b
4e0193ff9e,6e46d2b898,Nickel,Nickel,0,0.6682369097826364,125b,125b
6e46d2b898,3c6819beb9,Nickel,Nickel,0,0.6444918126120965,125b,125b
3c6819beb9,6e46d2b898,Nickel,Nickel,0,0.6447356874572139,125b,125b
6e46d2b898,3a2a75a851,Nickel,Nickel,0,0.5105313282670532,125b,125b
3a2a75a851,6e46d2b898,Nickel,Nickel,0,0.5105999406869152,125b,125b
6e46d2b898,0d991a198f,Nickel,Nickel,0,0.540302959349259,125b,125b
0d991a198f,6e46d2b898,Nickel,Nickel,0,0.5410677952822728,125b,125b
8edaa51105,1be78463d7,Nickel,Nickel,0,0.49637451305928937,125b,125b
1be78463d7,8edaa51105,Nickel,Nickel,0,0.49763089750967937,125b,125b
8edaa51105,8197f401c9,Nickel,Nickel,0,0.49719484224684,125b,125b
8197f401c9,8edaa51105,Nickel,Nickel,0,0.49674909510076526,125b,125b
8edaa51105,803e2e304c,Nickel,Nickel,0,0.5721152651951823,125b,125b
803e2e304c,8edaa51105,Nickel,Nickel,0,0.5718034839589294,125b,125b
8edaa51105,07ffa2d44f,Nickel,Nickel,0,0.5994978079965447,125b,125b
07ffa2d44f,8edaa51105,Nickel,Nickel,0,0.599451962473559,125b,125b
8edaa51105,114a81160d,Nickel,Nickel,0,0.7276836789214043,125b,125b
114a81160d,8edaa51105,Nickel,Nickel,0,0.7276836789214041,125b,125b
8edaa51105,7db9fa3fdc,Nickel,Nickel,0,0.6116126684162123,125b,125b
7db9fa3fdc,8edaa51105,Nickel,Nickel,0,0.5948520136980666,125b,125b
8edaa51105,bd89ab2453,Nickel,Nickel,0,0.6435862732994642,125b,125b
bd89ab2453,8edaa51105,Nickel,Nickel,0,0.6427413551163849,125b,125b
8edaa51105,1f2544214d,Nickel,Nickel,0,0.5348875626424262,125b,125b
1f2544214d,8edaa51105,Nickel,Nickel,0,0.5355122288320161,125b,125b
8edaa51105,c2081b71be,Nickel,Nickel,0,0.6666940548715421,125b,125b
c2081b71be,8edaa51105,Nickel,Nickel,0,0.6283375426288859,125b,125b
8edaa51105,a404412c4e,Nickel,Nickel,0,0.6147264509462267,125b,125b
a404412c4e,8edaa51105,Nickel,Nickel,0,0.6146652794664371,125b,125b
8edaa51105,ff11e3e39e,Nickel,Nickel,0,0.6100537423545349,125b,125b
ff11e3e39e,8edaa51105,Nickel,Nickel,0,0.6100537423545349,125b,125b
8edaa51105,88c293654f,Nickel,Nickel,0,0.570231434108951,125b,125b
88c293654f,8edaa51105,Nickel,Nickel,0,0.5702797712743127,125b,125b
8edaa51105,ae9b0acf0b,Nickel,Nickel,0,0.5586038610026879,125b,125b
ae9b0acf0b,8edaa51105,Nickel,Nickel,0,0.5585224734188017,125b,125b
8edaa51105,a3b1085bea,Nickel,Nickel,0,0.5550795870228812,125b,125b
a3b1085bea,8edaa51105,Nickel,Nickel,0,0.5556915572766462,125b,125b
8edaa51105,f366f00cde,Nickel,Nickel,0,0.6683405799617984,125b,125b
f366f00cde,8edaa51105,Nickel,Nickel,0,0.6684315994958809,125b,125b
8edaa51105,81bb3cb084,Nickel,Nickel,0,0.68647006610545,125b,125b
81bb3cb084,8edaa51105,Nickel,Nickel,0,0.6866681708258731,125b,125b
8edaa51105,326bd7053d,Nickel,Nickel,0,0.6438903277872194,125b,125b
326bd7053d,8edaa51105,Nickel,Nickel,0,0.642995866702612,125b,125b
8edaa51105,867e742682,Nickel,Nickel,0,0.6493404373299357,125b,125b
867e742682,8edaa51105,Nickel,Nickel,0,0.6486843649611185,125b,125b
8edaa51105,9c6504e345,Nickel,Nickel,0,0.8352611093134532,125b,125b
9c6504e345,8edaa51105,Nickel,Nickel,0,0.8351717643246009,125b,125b
8edaa51105,27c03bf211,Nickel,Nickel,0,0.651828260842818,125b,125b
27c03bf211,8edaa51105,Nickel,Nickel,0,0.6517228367809836,125b,125b
8edaa51105,ef85c2ef6b,Nickel,Nickel,0,0.503157932206299,125b,125b
ef85c2ef6b,8edaa51105,Nickel,Nickel,0,0.5031551518670785,125b,125b
8edaa51105,9b00c4c264,Nickel,Nickel,0,0.5092717871306986,125b,125b
9b00c4c264,8edaa51105,Nickel,Nickel,0,0.5090918819210409,125b,125b
8edaa51105,93f6afc25d,Nickel,Nickel,0,0.5621948391606637,125b,125b
93f6afc25d,8edaa51105,Nickel,Nickel,0,0.5622738835261187,125b,125b
8edaa51105,a54ce43a84,Nickel,Nickel,0,0.8606220550171464,125b,125b
a54ce43a84,8edaa51105,Nickel,Nickel,0,0.8604108015570493,125b,125b
8edaa51105,218ae10a65,Nickel,Nickel,0,0.6695478991250361,125b,125b
218ae10a65,8edaa51105,Nickel,Nickel,0,0.6694943859492788,125b,125b
8edaa51105,9645e12969,Nickel,Nickel,0,0.6103760137040029,125b,125b
9645e12969,8edaa51105,Nickel,Nickel,0,0.6104727016748384,125b,125b
8edaa51105,0db08b7f9e,Nickel,Nickel,0,0.6308865340593371,125b,125b
0db08b7f9e,8edaa51105,Nickel,Nickel,0,0.6311253337224372,125b,125b
8edaa51105,fc6e345a87,Nickel,Nickel,0,0.5108114874858353,125b,125b
fc6e345a87,8edaa51105,Nickel,Nickel,0,0.5108114874858354,125b,125b
8edaa51105,5187134316,Nickel,Nickel,0,0.7572829587897635,125b,125b
5187134316,8edaa51105,Nickel,Nickel,0,0.7555601402149119,125b,125b
8edaa51105,9fbbe4fcae,Nickel,Nickel,0,0.5230495257136177,125b,125b
9fbbe4fcae,8edaa51105,Nickel,Nickel,0,0.6672093222555204,125b,125b
8edaa51105,744a7e7690,Nickel,Nickel,0,0.5820748239297423,125b,125b
744a7e7690,8edaa51105,Nickel,Nickel,0,0.5824527679744924,125b,125b
8edaa51105,9f5cee2a11,Nickel,Nickel,0,0.7252453895741415,125b,125b
9f5cee2a11,8edaa51105,Nickel,Nickel,0,0.7244998442949083,125b,125b
8edaa51105,3443ea5ba5,Nickel,Nickel,0,0.5244751397725647,125b,125b
3443ea5ba5,8edaa51105,Nickel,Nickel,0,0.5203290422278732,125b,125b
8edaa51105,fa6595462f,Nickel,Nickel,0,0.649184549478424,125b,125b
fa6595462f,8edaa51105,Nickel,Nickel,0,0.6490808862770232,125b,125b
8edaa51105,d469fc3f70,Nickel,Nickel,0,0.5315183262045234,125b,125b
d469fc3f70,8edaa51105,Nickel,Nickel,0,0.5314739748010203,125b,125b
8edaa51105,0e45ff7118,Nickel,Nickel,0,0.5339315911654151,125b,125b
0e45ff7118,8edaa51105,Nickel,Nickel,0,0.5338055555849431,125b,125b
8edaa51105,a80b46b6d1,Nickel,Nickel,0,0.5031342478943694,125b,125b
a80b46b6d1,8edaa51105,Nickel,Nickel,0,0.5030740554438016,125b,125b
8edaa51105,1ed3442cfa,Nickel,Nickel,0,0.5382135729228343,125b,125b
1ed3442cfa,8edaa51105,Nickel,Nickel,0,0.5393063086037404,125b,125b
8edaa51105,db4804f266,Nickel,Nickel,0,0.6783037666421853,125b,125b
db4804f266,8edaa51105,Nickel,Nickel,0,0.6774337280094377,125b,125b
8edaa51105,bf77a5ca9b,Nickel,Nickel,0,0.6908655977824983,125b,125b
bf77a5ca9b,8edaa51105,Nickel,Nickel,0,0.6908566294792903,125b,125b
8edaa51105,13189e401d,Nickel,Nickel,0,0.5931787647681108,125b,125b
13189e401d,8edaa51105,Nickel,Nickel,0,0.5952742223505787,125b,125b
8edaa51105,d5070cee0f,Nickel,Nickel,0,0.6386138539123121,125b,125b
d5070cee0f,8edaa51105,Nickel,Nickel,0,0.6384985017088952,125b,125b
8edaa51105,27c44d34a4,Nickel,Nickel,0,0.6203059119948383,125b,125b
27c44d34a4,8edaa51105,Nickel,Nickel,0,0.6205993386780513,125b,125b
8edaa51105,4e0193ff9e,Nickel,Nickel,0,0.5106176350351884,125b,125b
4e0193ff9e,8edaa51105,Nickel,Nickel,0,0.5106049742804323,125b,125b
8edaa51105,3c6819beb9,Nickel,Nickel,0,0.5877989184187701,125b,125b
3c6819beb9,8edaa51105,Nickel,Nickel,0,0.5813849850871513,125b,125b
8edaa51105,3a2a75a851,Nickel,Nickel,0,0.46378526462778585,125b,125b
3a2a75a851,8edaa51105,Nickel,Nickel,0,0.4639224424918436,125b,125b
8edaa51105,0d991a198f,Nickel,Nickel,0,0.5583826208059581,125b,125b
0d991a198f,8edaa51105,Nickel,Nickel,0,0.5581699329048364,125b,125b
1be78463d7,8197f401c9,Nickel,Nickel,0,0.43933540281485767,125b,125b
8197f401c9,1be78463d7,Nickel,Nickel,0,0.421091956347914,125b,125b
1be78463d7,803e2e304c,Nickel,Nickel,0,0.6213277894752711,125b,125b
803e2e304c,1be78463d7,Nickel,Nickel,0,0.6214401282671739,125b,125b
1be78463d7,07ffa2d44f,Nickel,Nickel,0,0.4199462690206101,125b,125b
07ffa2d44f,1be78463d7,Nickel,Nickel,0,0.41996688387957315,125b,125b
1be78463d7,114a81160d,Nickel,Nickel,0,0.6471518873176533,125b,125b
114a81160d,1be78463d7,Nickel,Nickel,0,0.665776581462847,125b,125b
1be78463d7,7db9fa3fdc,Nickel,Nickel,0,0.5558933639029014,125b,125b
7db9fa3fdc,1be78463d7,Nickel,Nickel,0,0.5553028687537305,125b,125b
1be78463d7,bd89ab2453,Nickel,Nickel,0,0.49764900537774276,125b,125b
bd89ab2453,1be78463d7,Nickel,Nickel,0,0.4972114621368315,125b,125b
1be78463d7,1f2544214d,Nickel,Nickel,0,0.5897982671610605,125b,125b
1f2544214d,1be78463d7,Nickel,Nickel,0,0.5896372711207691,125b,125b
1be78463d7,c2081b71be,Nickel,Nickel,0,0.5224040936232937,125b,125b
c2081b71be,1be78463d7,Nickel,Nickel,0,0.5225040363156372,125b,125b
1be78463d7,a404412c4e,Nickel,Nickel,0,0.46198440234123245,125b,125b
a404412c4e,1be78463d7,Nickel,Nickel,0,0.4614379842628644,125b,125b
1be78463d7,ff11e3e39e,Nickel,Nickel,0,0.4578805475010032,125b,125b
ff11e3e39e,1be78463d7,Nickel,Nickel,0,0.4577099046652023,125b,125b
1be78463d7,88c293654f,Nickel,Nickel,0,0.49795259191940083,125b,125b
88c293654f,1be78463d7,Nickel,Nickel,0,0.49835913679825683,125b,125b
1be78463d7,ae9b0acf0b,Nickel,Nickel,0,0.6909221281626425,125b,125b
ae9b0acf0b,1be78463d7,Nickel,Nickel,0,0.6895086988119055,125b,125b
1be78463d7,a3b1085bea,Nickel,Nickel,0,0.5338739988889926,125b,125b
a3b1085bea,1be78463d7,Nickel,Nickel,0,0.5649255879844793,125b,125b
1be78463d7,f366f00cde,Nickel,Nickel,0,0.39598553592855446,125b,125b
f366f00cde,1be78463d7,Nickel,Nickel,0,0.39766271839615364,125b,125b
1be78463d7,81bb3cb084,Nickel,Nickel,0,0.5841362687305854,125b,125b
81bb3cb084,1be78463d7,Nickel,Nickel,0,0.5838479926310178,125b,125b
1be78463d7,326bd7053d,Nickel,Nickel,0,0.6683967658671522,125b,125b
326bd7053d,1be78463d7,Nickel,Nickel,0,0.7164571589436582,125b,125b
1be78463d7,867e742682,Nickel,Nickel,0,0.6382752525733986,125b,125b
867e742682,1be78463d7,Nickel,Nickel,0,0.6378634818994343,125b,125b
1be78463d7,9c6504e345,Nickel,Nickel,0,0.5012147449260947,125b,125b
9c6504e345,1be78463d7,Nickel,Nickel,0,0.5017629390815896,125b,125b
1be78463d7,27c03bf211,Nickel,Nickel,0,0.6260519766431798,125b,125b
27c03bf211,1be78463d7,Nickel,Nickel,0,0.6262298430166602,125b,125b
1be78463d7,ef85c2ef6b,Nickel,Nickel,0,0.7415466910448781,125b,125b
ef85c2ef6b,1be78463d7,Nickel,Nickel,0,0.7411009067700276,125b,125b
1be78463d7,9b00c4c264,Nickel,Nickel,0,0.41490069651819306,125b,125b
9b00c4c264,1be78463d7,Nickel,Nickel,0,0.41482835204184243,125b,125b
1be78463d7,93f6afc25d,Nickel,Nickel,0,0.630689825011169,125b,125b
93f6afc25d,1be78463d7,Nickel,Nickel,0,0.630472710979952,125b,125b
1be78463d7,a54ce43a84,Nickel,Nickel,0,0.44967915963148614,125b,125b
a54ce43a84,1be78463d7,Nickel,Nickel,0,0.4488067127627799,125b,125b
1be78463d7,218ae10a65,Nickel,Nickel,0,0.47803202626810365,125b,125b
218ae10a65,1be78463d7,Nickel,Nickel,0,0.4782472848787262,125b,125b
1be78463d7,9645e12969,Nickel,Nickel,0,0.43386360732056156,125b,125b
9645e12969,1be78463d7,Nickel,Nickel,0,0.4341085023719827,125b,125b
1be78463d7,0db08b7f9e,Nickel,Nickel,0,0.5269930001268553,125b,125b
0db08b7f9e,1be78463d7,Nickel,Nickel,0,0.5919620346099949,125b,125b
1be78463d7,fc6e345a87,Nickel,Nickel,0,0.3994049344334194,125b,125b
fc6e345a87,1be78463d7,Nickel,Nickel,0,0.39706303704128737,125b,125b
1be78463d7,5187134316,Nickel,Nickel,0,0.5717854937262534,125b,125b
5187134316,1be78463d7,Nickel,Nickel,0,0.5719343638304364,125b,125b
1be78463d7,9fbbe4fcae,Nickel,Nickel,0,0.41646169692831625,125b,125b
9fbbe4fcae,1be78463d7,Nickel,Nickel,0,0.41718673057393274,125b,125b
1be78463d7,744a7e7690,Nickel,Nickel,0,0.4984144746691335,125b,125b
744a7e7690,1be78463d7,Nickel,Nickel,0,0.4985636420937315,125b,125b
1be78463d7,9f5cee2a11,Nickel,Nickel,0,0.4676683192988431,125b,125b
9f5cee2a11,1be78463d7,Nickel,Nickel,0,0.4682197529472521,125b,125b
1be78463d7,3443ea5ba5,Nickel,Nickel,0,0.64385962623061,125b,125b
3443ea5ba5,1be78463d7,Nickel,Nickel,0,0.6439108736271462,125b,125b
1be78463d7,fa6595462f,Nickel,Nickel,0,0.6248148170173426,125b,125b
fa6595462f,1be78463d7,Nickel,Nickel,0,0.6254368972739542,125b,125b
1be78463d7,d469fc3f70,Nickel,Nickel,0,0.6792332776644505,125b,125b
d469fc3f70,1be78463d7,Nickel,Nickel,0,0.7041404584269733,125b,125b
1be78463d7,0e45ff7118,Nickel,Nickel,0,0.5861860550401153,125b,125b
0e45ff7118,1be78463d7,Nickel,Nickel,0,0.5861860550401153,125b,125b
1be78463d7,a80b46b6d1,Nickel,Nickel,0,0.5006141915241412,125b,125b
a80b46b6d1,1be78463d7,Nickel,Nickel,0,0.5010036543436638,125b,125b
1be78463d7,1ed3442cfa,Nickel,Nickel,0,0.5099721178977141,125b,125b
1ed3442cfa,1be78463d7,Nickel,Nickel,0,0.46626589048506606,125b,125b
1be78463d7,db4804f266,Nickel,Nickel,0,0.5750823078331244,125b,125b
db4804f266,1be78463d7,Nickel,Nickel,0,0.5752188494661312,125b,125b
1be78463d7,bf77a5ca9b,Nickel,Nickel,0,0.46919932487050087,125b,125b
bf77a5ca9b,1be78463d7,Nickel,Nickel,0,0.4697243601204713,125b,125b
1be78463d7,13189e401d,Nickel,Nickel,0,0.5331830122119906,125b,125b
13189e401d,1be78463d7,Nickel,Nickel,0,0.5334053916872663,125b,125b
1be78463d7,d5070cee0f,Nickel,Nickel,0,0.4759153044304625,125b,125b
d5070cee0f,1be78463d7,Nickel,Nickel,0,0.47571330398088735,125b,125b
1be78463d7,27c44d34a4,Nickel,Nickel,0,0.622905073224358,125b,125b
27c44d34a4,1be78463d7,Nickel,Nickel,0,0.6226372931286543,125b,125b
1be78463d7,4e0193ff9e,Nickel,Nickel,0,0.6670576187291867,125b,125b
4e0193ff9e,1be78463d7,Nickel,Nickel,0,0.6678907690899536,125b,125b
1be78463d7,3c6819beb9,Nickel,Nickel,0,0.4586728214741899,125b,125b
3c6819beb9,1be78463d7,Nickel,Nickel,0,0.4584425151197567,125b,125b
1be78463d7,3a2a75a851,Nickel,Nickel,0,0.5421598127648013,125b,125b
3a2a75a851,1be78463d7,Nickel,Nickel,0,0.566778049885265,125b,125b
1be78463d7,0d991a198f,Nickel,Nickel,0,0.7614306001683627,125b,125b
0d991a198f,1be78463d7,Nickel,Nickel,0,0.7608879578231389,125b,125b
8197f401c9,07ffa2d44f,Nickel,Nickel,0,0.5519506336823,125b,125b
07ffa2d44f,8197f401c9,Nickel,Nickel,0,0.5519506336822998,125b,125b
8197f401c9,114a81160d,Nickel,Nickel,0,0.5440295168807964,125b,125b
114a81160d,8197f401c9,Nickel,Nickel,0,0.5434472720866279,125b,125b
8197f401c9,7db9fa3fdc,Nickel,Nickel,0,0.39202024812679054,125b,125b
7db9fa3fdc,8197f401c9,Nickel,Nickel,0,0.3917932121412972,125b,125b
8197f401c9,bd89ab2453,Nickel,Nickel,0,0.4816186961374906,125b,125b
bd89ab2453,8197f401c9,Nickel,Nickel,0,0.4816244570577901,125b,125b
8197f401c9,a404412c4e,Nickel,Nickel,0,0.5983778406685546,125b,125b
a404412c4e,8197f401c9,Nickel,Nickel,0,0.5983778406685549,125b,125b
8197f401c9,a3b1085bea,Nickel,Nickel,0,0.4643343197406662,125b,125b
a3b1085bea,8197f401c9,Nickel,Nickel,0,0.4649543906378285,125b,125b
8197f401c9,f366f00cde,Nickel,Nickel,0,0.4900009000893901,125b,125b
f366f00cde,8197f401c9,Nickel,Nickel,0,0.4908980764976764,125b,125b
8197f401c9,81bb3cb084,Nickel,Nickel,0,0.49892697162989097,125b,125b
81bb3cb084,8197f401c9,Nickel,Nickel,0,0.4983973758527231,125b,125b
8197f401c9,326bd7053d,Nickel,Nickel,0,0.39408884608863964,125b,125b
326bd7053d,8197f401c9,Nickel,Nickel,0,0.39408884608863964,125b,125b
8197f401c9,9c6504e345,Nickel,Nickel,0,0.45735639650406623,125b,125b
9c6504e345,8197f401c9,Nickel,Nickel,0,0.457327777807034,125b,125b
8197f401c9,ef85c2ef6b,Nickel,Nickel,0,0.5927573898653764,125b,125b
ef85c2ef6b,8197f401c9,Nickel,Nickel,0,0.591349637840092,125b,125b
8197f401c9,9b00c4c264,Nickel,Nickel,0,0.35572401926655794,125b,125b
9b00c4c264,8197f401c9,Nickel,Nickel,0,0.3559885412801287,125b,125b
8197f401c9,218ae10a65,Nickel,Nickel,0,0.4899981550257663,125b,125b
218ae10a65,8197f401c9,Nickel,Nickel,0,0.4897192091721061,125b,125b
8197f401c9,9645e12969,Nickel,Nickel,0,0.44414826102085736,125b,125b
9645e12969,8197f401c9,Nickel,Nickel,0,0.4448733116161338,125b,125b
8197f401c9,fc6e345a87,Nickel,Nickel,0,0.5795996822277657,125b,125b
fc6e345a87,8197f401c9,Nickel,Nickel,0,0.5783837244200761,125b,125b
8197f401c9,5187134316,Nickel,Nickel,0,0.38350332829884715,125b,125b
5187134316,8197f401c9,Nickel,Nickel,0,0.38271697332541926,125b,125b
8197f401c9,9fbbe4fcae,Nickel,Nickel,0,0.33484545303367325,125b,125b
9fbbe4fcae,8197f401c9,Nickel,Nickel,0,0.33421283641308824,125b,125b
8197f401c9,3443ea5ba5,Nickel,Nickel,0,0.42956286823433043,125b,125b
3443ea5ba5,8197f401c9,Nickel,Nickel,0,0.42796627387312686,125b,125b
8197f401c9,fa6595462f,Nickel,Nickel,0,0.6019072337936431,125b,125b
fa6595462f,8197f401c9,Nickel,Nickel,0,0.6908964390012456,125b,125b
8197f401c9,d469fc3f70,Nickel,Nickel,0,0.5352053236638354,125b,125b
d469fc3f70,8197f401c9,Nickel,Nickel,0,0.5352881844985893,125b,125b
8197f401c9,0e45ff7118,Nickel,Nickel,0,0.4803695144180878,125b,125b
0e45ff7118,8197f401c9,Nickel,Nickel,0,0.4800500235177039,125b,125b
8197f401c9,a80b46b6d1,Nickel,Nickel,0,0.5782203662925496,125b,125b
a80b46b6d1,8197f401c9,Nickel,Nickel,0,0.5779228401617167,125b,125b
8197f401c9,db4804f266,Nickel,Nickel,0,0.4546720560806033,125b,125b
db4804f266,8197f401c9,Nickel,Nickel,0,0.45493181336427396,125b,125b
8197f401c9,bf77a5ca9b,Nickel,Nickel,0,0.3774816396110716,125b,125b
bf77a5ca9b,8197f401c9,Nickel,Nickel,0,0.37710578889982815,125b,125b
8197f401c9,13189e401d,Nickel,Nickel,0,0.4294671139174039,125b,125b
13189e401d,8197f401c9,Nickel,Nickel,0,0.4292268336534085,125b,125b
8197f401c9,27c44d34a4,Nickel,Nickel,0,0.6181062492906141,125b,125b
27c44d34a4,8197f401c9,Nickel,Nickel,0,0.6178112571297788,125b,125b
8197f401c9,3c6819beb9,Nickel,Nickel,0,0.5668694058753173,125b,125b
3c6819beb9,8197f401c9,Nickel,Nickel,0,0.5658132390941577,125b,125b
8197f401c9,3a2a75a851,Nickel,Nickel,0,0.46071758895314857,125b,125b
3a2a75a851,8197f401c9,Nickel,Nickel,0,0.45659899715935404,125b,125b
8197f401c9,0d991a198f,Nickel,Nickel,0,0.5050178183457377,125b,125b
0d991a198f,8197f401c9,Nickel,Nickel,0,0.5041152204631036,125b,125b
803e2e304c,07ffa2d44f,Nickel,Nickel,0,0.5492690625824724,125b,125b
07ffa2d44f,803e2e304c,Nickel,Nickel,0,0.5492690625824723,125b,125b
803e2e304c,114a81160d,Nickel,Nickel,0,0.6963336934437004,125b,125b
114a81160d,803e2e304c,Nickel,Nickel,0,0.702226268259417,125b,125b
803e2e304c,7db9fa3fdc,Nickel,Nickel,0,0.5315340745646473,125b,125b
7db9fa3fdc,803e2e304c,Nickel,Nickel,0,0.530388417390647,125b,125b
803e2e304c,bd89ab2453,Nickel,Nickel,0,0.48197154570996986,125b,125b
bd89ab2453,803e2e304c,Nickel,Nickel,0,0.4823109997144605,125b,125b
803e2e304c,a404412c4e,Nickel,Nickel,0,0.545567669727269,125b,125b
a404412c4e,803e2e304c,Nickel,Nickel,0,0.5458821727098871,125b,125b
803e2e304c,a3b1085bea,Nickel,Nickel,0,0.6732366317334745,125b,125b
a3b1085bea,803e2e304c,Nickel,Nickel,0,0.6724667136185468,125b,125b
803e2e304c,f366f00cde,Nickel,Nickel,0,0.5261223026143815,125b,125b
f366f00cde,803e2e304c,Nickel,Nickel,0,0.5258666512891512,125b,125b
803e2e304c,81bb3cb084,Nickel,Nickel,0,0.719328319116184,125b,125b
81bb3cb084,803e2e304c,Nickel,Nickel,0,0.7167594074854102,125b,125b
803e2e304c,326bd7053d,Nickel,Nickel,0,0.5751658687375587,125b,125b
326bd7053d,803e2e304c,Nickel,Nickel,0,0.5748378484796007,125b,125b
803e2e304c,9c6504e345,Nickel,Nickel,0,0.7236940335253061,125b,125b
9c6504e345,803e2e304c,Nickel,Nickel,0,0.7231038193823931,125b,125b
803e2e304c,ef85c2ef6b,Nickel,Nickel,0,0.5364861856726194,125b,125b
ef85c2ef6b,803e2e304c,Nickel,Nickel,0,0.53603420899275,125b,125b
803e2e304c,9b00c4c264,Nickel,Nickel,0,0.4359773068835345,125b,125b
9b00c4c264,803e2e304c,Nickel,Nickel,0,0.5215880404050169,125b,125b
803e2e304c,218ae10a65,Nickel,Nickel,0,0.5468633851010022,125b,125b
218ae10a65,803e2e304c,Nickel,Nickel,0,0.5454679631467341,125b,125b
803e2e304c,9645e12969,Nickel,Nickel,0,0.5695876204209854,125b,125b
9645e12969,803e2e304c,Nickel,Nickel,0,0.569468899317744,125b,125b
803e2e304c,fc6e345a87,Nickel,Nickel,0,0.45525414712107487,125b,125b
fc6e345a87,803e2e304c,Nickel,Nickel,0,0.4721125660151071,125b,125b
803e2e304c,5187134316,Nickel,Nickel,0,0.6374907686152234,125b,125b
5187134316,803e2e304c,Nickel,Nickel,0,0.6375214212198714,125b,125b
803e2e304c,9fbbe4fcae,Nickel,Nickel,0,0.583886053360101,125b,125b
9fbbe4fcae,803e2e304c,Nickel,Nickel,0,0.5838168550327277,125b,125b
803e2e304c,3443ea5ba5,Nickel,Nickel,0,0.5016784734747161,125b,125b
3443ea5ba5,803e2e304c,Nickel,Nickel,0,0.5015598717489842,125b,125b
803e2e304c,fa6595462f,Nickel,Nickel,0,0.6561832251930608,125b,125b
fa6595462f,803e2e304c,Nickel,Nickel,0,0.6563237569023015,125b,125b
803e2e304c,d469fc3f70,Nickel,Nickel,0,0.6060316553511902,125b,125b
d469fc3f70,803e2e304c,Nickel,Nickel,0,0.6061908737319226,125b,125b
803e2e304c,0e45ff7118,Nickel,Nickel,0,0.483201270634212,125b,125b
0e45ff7118,803e2e304c,Nickel,Nickel,0,0.4825842813612446,125b,125b
803e2e304c,a80b46b6d1,Nickel,Nickel,0,0.6026934492306801,125b,125b
a80b46b6d1,803e2e304c,Nickel,Nickel,0,0.6022366610357462,125b,125b
803e2e304c,db4804f266,Nickel,Nickel,0,0.7125439120277559,125b,125b
db4804f266,803e2e304c,Nickel,Nickel,0,0.6379744402228513,125b,125b
803e2e304c,bf77a5ca9b,Nickel,Nickel,0,0.6611688060803835,125b,125b
bf77a5ca9b,803e2e304c,Nickel,Nickel,0,0.660417779634698,125b,125b
803e2e304c,13189e401d,Nickel,Nickel,0,0.7061729170015684,125b,125b
13189e401d,803e2e304c,Nickel,Nickel,0,0.7751954984855617,125b,125b
803e2e304c,27c44d34a4,Nickel,Nickel,0,0.49081640496192225,125b,125b
27c44d34a4,803e2e304c,Nickel,Nickel,0,0.6288517048266847,125b,125b
803e2e304c,3c6819beb9,Nickel,Nickel,0,0.533427923192681,125b,125b
3c6819beb9,803e2e304c,Nickel,Nickel,0,0.5332830262325358,125b,125b
803e2e304c,3a2a75a851,Nickel,Nickel,0,0.5342083769280734,125b,125b
3a2a75a851,803e2e304c,Nickel,Nickel,0,0.5327626478582203,125b,125b
803e2e304c,0d991a198f,Nickel,Nickel,0,0.6030419492213794,125b,125b
0d991a198f,803e2e304c,Nickel,Nickel,0,0.602135910296029,125b,125b
07ffa2d44f,114a81160d,Nickel,Nickel,0,0.5370781300232477,125b,125b
114a81160d,07ffa2d44f,Nickel,Nickel,0,0.5889947257015596,125b,125b
07ffa2d44f,7db9fa3fdc,Nickel,Nickel,0,0.6076123976764632,125b,125b
7db9fa3fdc,07ffa2d44f,Nickel,Nickel,0,0.607612397676463,125b,125b
07ffa2d44f,bd89ab2453,Nickel,Nickel,0,0.5623102464345503,125b,125b
bd89ab2453,07ffa2d44f,Nickel,Nickel,0,0.5630412943888026,125b,125b
07ffa2d44f,1f2544214d,Nickel,Nickel,0,0.6373473345311068,125b,125b
1f2544214d,07ffa2d44f,Nickel,Nickel,0,0.6368726328423768,125b,125b
07ffa2d44f,c2081b71be,Nickel,Nickel,0,0.5598481921312064,125b,125b
c2081b71be,07ffa2d44f,Nickel,Nickel,0,0.5603620752880284,125b,125b
07ffa2d44f,a404412c4e,Nickel,Nickel,0,0.7203187462668843,125b,125b
a404412c4e,07ffa2d44f,Nickel,Nickel,0,0.721376032430215,125b,125b
07ffa2d44f,ff11e3e39e,Nickel,Nickel,0,0.708255973238228,125b,125b
ff11e3e39e,07ffa2d44f,Nickel,Nickel,0,0.708300732000784,125b,125b
07ffa2d44f,88c293654f,Nickel,Nickel,0,0.6974219606050942,125b,125b
88c293654f,07ffa2d44f,Nickel,Nickel,0,0.6975783063939421,125b,125b
07ffa2d44f,ae9b0acf0b,Nickel,Nickel,0,0.6182108473572214,125b,125b
ae9b0acf0b,07ffa2d44f,Nickel,Nickel,0,0.554439429551821,125b,125b
07ffa2d44f,a3b1085bea,Nickel,Nickel,0,0.7293433927227287,125b,125b
a3b1085bea,07ffa2d44f,Nickel,Nickel,0,0.7298261189845652,125b,125b
07ffa2d44f,f366f00cde,Nickel,Nickel,0,0.5147562945411115,125b,125b
f366f00cde,07ffa2d44f,Nickel,Nickel,0,0.5173537351822041,125b,125b
07ffa2d44f,81bb3cb084,Nickel,Nickel,0,0.43176246697496234,125b,125b
81bb3cb084,07ffa2d44f,Nickel,Nickel,0,0.43364833737173303,125b,125b
07ffa2d44f,326bd7053d,Nickel,Nickel,0,0.5917495659094079,125b,125b
326bd7053d,07ffa2d44f,Nickel,Nickel,0,0.5915844216632672,125b,125b
07ffa2d44f,867e742682,Nickel,Nickel,0,0.5382996659886777,125b,125b
867e742682,07ffa2d44f,Nickel,Nickel,0,0.5379917345205052,125b,125b
07ffa2d44f,9c6504e345,Nickel,Nickel,0,0.7557175178704582,125b,125b
9c6504e345,07ffa2d44f,Nickel,Nickel,0,0.7536432655646761,125b,125b
07ffa2d44f,27c03bf211,Nickel,Nickel,0,0.6192569949734071,125b,125b
27c03bf211,07ffa2d44f,Nickel,Nickel,0,0.6189308307386439,125b,125b
07ffa2d44f,ef85c2ef6b,Nickel,Nickel,0,0.6295225121917719,125b,125b
ef85c2ef6b,07ffa2d44f,Nickel,Nickel,0,0.6295639565317742,125b,125b
07ffa2d44f,9b00c4c264,Nickel,Nickel,0,0.5466465687362906,125b,125b
9b00c4c264,07ffa2d44f,Nickel,Nickel,0,0.5466542447464711,125b,125b
07ffa2d44f,93f6afc25d,Nickel,Nickel,0,0.6301778370397777,125b,125b
93f6afc25d,07ffa2d44f,Nickel,Nickel,0,0.4919761005154099,125b,125b
07ffa2d44f,a54ce43a84,Nickel,Nickel,0,0.6180173235873219,125b,125b
a54ce43a84,07ffa2d44f,Nickel,Nickel,0,0.6199818839800485,125b,125b
07ffa2d44f,218ae10a65,Nickel,Nickel,0,0.5191060745464787,125b,125b
218ae10a65,07ffa2d44f,Nickel,Nickel,0,0.5189734714330647,125b,125b
07ffa2d44f,9645e12969,Nickel,Nickel,0,0.6698328125763452,125b,125b
9645e12969,07ffa2d44f,Nickel,Nickel,0,0.6699242197381483,125b,125b
07ffa2d44f,0db08b7f9e,Nickel,Nickel,0,0.7062038157264594,125b,125b
0db08b7f9e,07ffa2d44f,Nickel,Nickel,0,0.7061153147575975,125b,125b
07ffa2d44f,fc6e345a87,Nickel,Nickel,0,0.44599906662109007,125b,125b
fc6e345a87,07ffa2d44f,Nickel,Nickel,0,0.44823030121404056,125b,125b
07ffa2d44f,5187134316,Nickel,Nickel,0,0.7001189686339755,125b,125b
5187134316,07ffa2d44f,Nickel,Nickel,0,0.7004568813363543,125b,125b
07ffa2d44f,9fbbe4fcae,Nickel,Nickel,0,0.7161885707939412,125b,125b
9fbbe4fcae,07ffa2d44f,Nickel,Nickel,0,0.7161327756801119,125b,125b
07ffa2d44f,744a7e7690,Nickel,Nickel,0,0.42023109899075867,125b,125b
744a7e7690,07ffa2d44f,Nickel,Nickel,0,0.42058718785206683,125b,125b
07ffa2d44f,9f5cee2a11,Nickel,Nickel,0,0.4881113097113538,125b,125b
9f5cee2a11,07ffa2d44f,Nickel,Nickel,0,0.4882589605450835,125b,125b
07ffa2d44f,3443ea5ba5,Nickel,Nickel,0,0.5379597663422426,125b,125b
3443ea5ba5,07ffa2d44f,Nickel,Nickel,0,0.5383996611394137,125b,125b
07ffa2d44f,fa6595462f,Nickel,Nickel,0,0.5998889253936036,125b,125b
fa6595462f,07ffa2d44f,Nickel,Nickel,0,0.5995926127845864,125b,125b
07ffa2d44f,d469fc3f70,Nickel,Nickel,0,0.6790288800584984,125b,125b
d469fc3f70,07ffa2d44f,Nickel,Nickel,0,0.6790288800584982,125b,125b
07ffa2d44f,0e45ff7118,Nickel,Nickel,0,0.5978710797046746,125b,125b
0e45ff7118,07ffa2d44f,Nickel,Nickel,0,0.5977993898133543,125b,125b
07ffa2d44f,a80b46b6d1,Nickel,Nickel,0,0.6556553723718681,125b,125b
a80b46b6d1,07ffa2d44f,Nickel,Nickel,0,0.6908431755047273,125b,125b
07ffa2d44f,1ed3442cfa,Nickel,Nickel,0,0.5091382430170774,125b,125b
1ed3442cfa,07ffa2d44f,Nickel,Nickel,0,0.5096112738608561,125b,125b
07ffa2d44f,db4804f266,Nickel,Nickel,0,0.7115990799664997,125b,125b
db4804f266,07ffa2d44f,Nickel,Nickel,0,0.7122972553539059,125b,125b
07ffa2d44f,bf77a5ca9b,Nickel,Nickel,0,0.6522197662634733,125b,125b
bf77a5ca9b,07ffa2d44f,Nickel,Nickel,0,0.6519479918276916,125b,125b
07ffa2d44f,13189e401d,Nickel,Nickel,0,0.6431699135506472,125b,125b
13189e401d,07ffa2d44f,Nickel,Nickel,0,0.6442459624754173,125b,125b
07ffa2d44f,d5070cee0f,Nickel,Nickel,0,0.6402062393713641,125b,125b
d5070cee0f,07ffa2d44f,Nickel,Nickel,0,0.6402062393713637,125b,125b
07ffa2d44f,27c44d34a4,Nickel,Nickel,0,0.5556000466766271,125b,125b
27c44d34a4,07ffa2d44f,Nickel,Nickel,0,0.5559828150685552,125b,125b
07ffa2d44f,4e0193ff9e,Nickel,Nickel,0,0.5013007793703048,125b,125b
4e0193ff9e,07ffa2d44f,Nickel,Nickel,0,0.5010053468756616,125b,125b
07ffa2d44f,3c6819beb9,Nickel,Nickel,0,0.5820113660135533,125b,125b
3c6819beb9,07ffa2d44f,Nickel,Nickel,0,0.5816534670843173,125b,125b
07ffa2d44f,3a2a75a851,Nickel,Nickel,0,0.46889032081242643,125b,125b
3a2a75a851,07ffa2d44f,Nickel,Nickel,0,0.46914594673361415,125b,125b
07ffa2d44f,0d991a198f,Nickel,Nickel,0,0.6290325625768176,125b,125b
0d991a198f,07ffa2d44f,Nickel,Nickel,0,0.6291107579428961,125b,125b
114a81160d,7db9fa3fdc,Nickel,Nickel,0,0.511659396286075,125b,125b
7db9fa3fdc,114a81160d,Nickel,Nickel,0,0.5087112032066702,125b,125b
114a81160d,bd89ab2453,Nickel,Nickel,0,0.64133493698419,125b,125b
bd89ab2453,114a81160d,Nickel,Nickel,0,0.6414347421415183,125b,125b
114a81160d,1f2544214d,Nickel,Nickel,0,0.7158197713592048,125b,125b
1f2544214d,114a81160d,Nickel,Nickel,0,0.7160866785157384,125b,125b
114a81160d,c2081b71be,Nickel,Nickel,0,0.7251991242987083,125b,125b
c2081b71be,114a81160d,Nickel,Nickel,0,0.7250787454003358,125b,125b
114a81160d,a404412c4e,Nickel,Nickel,0,0.49765726268231814,125b,125b
a404412c4e,114a81160d,Nickel,Nickel,0,0.4975772702828793,125b,125b
114a81160d,ff11e3e39e,Nickel,Nickel,0,0.5111922712818789,125b,125b
ff11e3e39e,114a81160d,Nickel,Nickel,0,0.5079875487355288,125b,125b
114a81160d,88c293654f,Nickel,Nickel,0,0.47632069792324505,125b,125b
88c293654f,114a81160d,Nickel,Nickel,0,0.47669231730568845,125b,125b
114a81160d,ae9b0acf0b,Nickel,Nickel,0,0.6237025087560433,125b,125b
ae9b0acf0b,114a81160d,Nickel,Nickel,0,0.62269138560635,125b,125b
114a81160d,a3b1085bea,Nickel,Nickel,0,0.47945041428786317,125b,125b
a3b1085bea,114a81160d,Nickel,Nickel,0,0.4769971242365649,125b,125b
114a81160d,f366f00cde,Nickel,Nickel,0,0.5714927272184427,125b,125b
f366f00cde,114a81160d,Nickel,Nickel,0,0.5717897608850593,125b,125b
114a81160d,81bb3cb084,Nickel,Nickel,0,0.5463186393405223,125b,125b
81bb3cb084,114a81160d,Nickel,Nickel,0,0.5460649480997091,125b,125b
114a81160d,326bd7053d,Nickel,Nickel,0,0.5695665472636638,125b,125b
326bd7053d,114a81160d,Nickel,Nickel,0,0.5687895021792618,125b,125b
114a81160d,867e742682,Nickel,Nickel,0,0.5838609144558308,125b,125b
867e742682,114a81160d,Nickel,Nickel,0,0.5838609144558309,125b,125b
114a81160d,9c6504e345,Nickel,Nickel,0,0.6876227571975638,125b,125b
9c6504e345,114a81160d,Nickel,Nickel,0,0.687622757197564,125b,125b
114a81160d,27c03bf211,Nickel,Nickel,0,0.6395899488979557,125b,125b
27c03bf211,114a81160d,Nickel,Nickel,0,0.6700722462300515,125b,125b
114a81160d,ef85c2ef6b,Nickel,Nickel,0,0.610529601840362,125b,125b
ef85c2ef6b,114a81160d,Nickel,Nickel,0,0.6098860971671223,125b,125b
114a81160d,9b00c4c264,Nickel,Nickel,0,0.6432375525025418,125b,125b
9b00c4c264,114a81160d,Nickel,Nickel,0,0.6433307938038506,125b,125b
114a81160d,93f6afc25d,Nickel,Nickel,0,0.6425541817162175,125b,125b
93f6afc25d,114a81160d,Nickel,Nickel,0,0.6423733329989854,125b,125b
114a81160d,a54ce43a84,Nickel,Nickel,0,0.557541060394746,125b,125b
a54ce43a84,114a81160d,Nickel,Nickel,0,0.556650493011203,125b,125b
114a81160d,218ae10a65,Nickel,Nickel,0,0.8031441883070959,125b,125b
218ae10a65,114a81160d,Nickel,Nickel,0,0.7602005639418992,125b,125b
114a81160d,9645e12969,Nickel,Nickel,0,0.7170619134221266,125b,125b
9645e12969,114a81160d,Nickel,Nickel,0,0.7151188095739015,125b,125b
114a81160d,0db08b7f9e,Nickel,Nickel,0,0.6287267402553119,125b,125b
0db08b7f9e,114a81160d,Nickel,Nickel,0,0.6287267402553122,125b,125b
114a81160d,fc6e345a87,Nickel,Nickel,0,0.46228173645995513,125b,125b
fc6e345a87,114a81160d,Nickel,Nickel,0,0.45892739498810353,125b,125b
114a81160d,5187134316,Nickel,Nickel,0,0.5778446927241777,125b,125b
5187134316,114a81160d,Nickel,Nickel,0,0.5774133727658322,125b,125b
114a81160d,9fbbe4fcae,Nickel,Nickel,0,0.4312033145407953,125b,125b
9fbbe4fcae,114a81160d,Nickel,Nickel,0,0.42994624253301894,125b,125b
114a81160d,744a7e7690,Nickel,Nickel,0,0.6659918024291013,125b,125b
744a7e7690,114a81160d,Nickel,Nickel,0,0.6627980521401202,125b,125b
114a81160d,9f5cee2a11,Nickel,Nickel,0,0.6560208938490535,125b,125b
9f5cee2a11,114a81160d,Nickel,Nickel,0,0.6550349850331231,125b,125b
114a81160d,3443ea5ba5,Nickel,Nickel,0,0.74927593556336,125b,125b
3443ea5ba5,114a81160d,Nickel,Nickel,0,0.7489440035712905,125b,125b
114a81160d,fa6595462f,Nickel,Nickel,0,0.6090830672149059,125b,125b
fa6595462f,114a81160d,Nickel,Nickel,0,0.6090327495601949,125b,125b
114a81160d,d469fc3f70,Nickel,Nickel,0,0.6533489320574821,125b,125b
d469fc3f70,114a81160d,Nickel,Nickel,0,0.6514999494022509,125b,125b
114a81160d,0e45ff7118,Nickel,Nickel,0,0.5378879028004188,125b,125b
0e45ff7118,114a81160d,Nickel,Nickel,0,0.5370992936665311,125b,125b
114a81160d,a80b46b6d1,Nickel,Nickel,0,0.6079095347532982,125b,125b
a80b46b6d1,114a81160d,Nickel,Nickel,0,0.608310263669721,125b,125b
114a81160d,1ed3442cfa,Nickel,Nickel,0,0.6486855604760251,125b,125b
1ed3442cfa,114a81160d,Nickel,Nickel,0,0.6486948811584691,125b,125b
114a81160d,db4804f266,Nickel,Nickel,0,0.5542803905704174,125b,125b
db4804f266,114a81160d,Nickel,Nickel,0,0.552675585456278,125b,125b
114a81160d,bf77a5ca9b,Nickel,Nickel,0,0.4461103468817421,125b,125b
bf77a5ca9b,114a81160d,Nickel,Nickel,0,0.4459895023204602,125b,125b
114a81160d,13189e401d,Nickel,Nickel,0,0.6875017939890774,125b,125b
13189e401d,114a81160d,Nickel,Nickel,0,0.6873361377590883,125b,125b
114a81160d,d5070cee0f,Nickel,Nickel,0,0.5251871589928488,125b,125b
d5070cee0f,114a81160d,Nickel,Nickel,0,0.5253645052866818,125b,125b
114a81160d,27c44d34a4,Nickel,Nickel,0,0.5991135953462862,125b,125b
27c44d34a4,114a81160d,Nickel,Nickel,0,0.5996435957769646,125b,125b
114a81160d,4e0193ff9e,Nickel,Nickel,0,0.4966106694624062,125b,125b
4e0193ff9e,114a81160d,Nickel,Nickel,0,0.4959490085382294,125b,125b
114a81160d,3c6819beb9,Nickel,Nickel,0,0.4262924719943092,125b,125b
3c6819beb9,114a81160d,Nickel,Nickel,0,0.42654470575777814,125b,125b
114a81160d,3a2a75a851,Nickel,Nickel,0,0.5890072354023845,125b,125b
3a2a75a851,114a81160d,Nickel,Nickel,0,0.5887157511570622,125b,125b
114a81160d,0d991a198f,Nickel,Nickel,0,0.5725676672245649,125b,125b
0d991a198f,114a81160d,Nickel,Nickel,0,0.5716153697165357,125b,125b
7db9fa3fdc,bd89ab2453,Nickel,Nickel,0,0.6635976156987949,125b,125b
bd89ab2453,7db9fa3fdc,Nickel,Nickel,0,0.6632626031676259,125b,125b
7db9fa3fdc,1f2544214d,Nickel,Nickel,0,0.6570434421395293,125b,125b
1f2544214d,7db9fa3fdc,Nickel,Nickel,0,0.6565867309158122,125b,125b
7db9fa3fdc,c2081b71be,Nickel,Nickel,0,0.5075717601797308,125b,125b
c2081b71be,7db9fa3fdc,Nickel,Nickel,0,0.507572610822841,125b,125b
7db9fa3fdc,a404412c4e,Nickel,Nickel,0,0.5383146164259329,125b,125b
a404412c4e,7db9fa3fdc,Nickel,Nickel,0,0.5373614469935909,125b,125b
7db9fa3fdc,ff11e3e39e,Nickel,Nickel,0,0.5790174614718,125b,125b
ff11e3e39e,7db9fa3fdc,Nickel,Nickel,0,0.5793437233506803,125b,125b
7db9fa3fdc,88c293654f,Nickel,Nickel,0,0.721744890922283,125b,125b
88c293654f,7db9fa3fdc,Nickel,Nickel,0,0.7219445507485858,125b,125b
7db9fa3fdc,ae9b0acf0b,Nickel,Nickel,0,0.4609972825480943,125b,125b
ae9b0acf0b,7db9fa3fdc,Nickel,Nickel,0,0.45979179256416924,125b,125b
7db9fa3fdc,a3b1085bea,Nickel,Nickel,0,0.7288078997000378,125b,125b
a3b1085bea,7db9fa3fdc,Nickel,Nickel,0,0.7284342340260115,125b,125b
7db9fa3fdc,f366f00cde,Nickel,Nickel,0,0.6305544706731779,125b,125b
f366f00cde,7db9fa3fdc,Nickel,Nickel,0,0.63079945974783,125b,125b
7db9fa3fdc,81bb3cb084,Nickel,Nickel,0,0.5337565771157433,125b,125b
81bb3cb084,7db9fa3fdc,Nickel,Nickel,0,0.5336850971672567,125b,125b
7db9fa3fdc,326bd7053d,Nickel,Nickel,0,0.7058194843468973,125b,125b
326bd7053d,7db9fa3fdc,Nickel,Nickel,0,0.705394852650878,125b,125b
7db9fa3fdc,867e742682,Nickel,Nickel,0,0.5316848546604815,125b,125b
867e742682,7db9fa3fdc,Nickel,Nickel,0,0.5305375772099207,125b,125b
7db9fa3fdc,9c6504e345,Nickel,Nickel,0,0.4605116714290998,125b,125b
9c6504e345,7db9fa3fdc,Nickel,Nickel,0,0.46039403007610136,125b,125b
7db9fa3fdc,27c03bf211,Nickel,Nickel,0,0.7416817139312512,125b,125b
27c03bf211,7db9fa3fdc,Nickel,Nickel,0,0.7416817139312514,125b,125b
7db9fa3fdc,ef85c2ef6b,Nickel,Nickel,0,0.6398473522642716,125b,125b
ef85c2ef6b,7db9fa3fdc,Nickel,Nickel,0,0.6394047866817089,125b,125b
7db9fa3fdc,9b00c4c264,Nickel,Nickel,0,0.6288243016462206,125b,125b
9b00c4c264,7db9fa3fdc,Nickel,Nickel,0,0.6286572106036652,125b,125b
7db9fa3fdc,93f6afc25d,Nickel,Nickel,0,0.6086079276321559,125b,125b
93f6afc25d,7db9fa3fdc,Nickel,Nickel,0,0.6082833559545576,125b,125b
7db9fa3fdc,a54ce43a84,Nickel,Nickel,0,0.6515116861293772,125b,125b
a54ce43a84,7db9fa3fdc,Nickel,Nickel,0,0.6522198932371631,125b,125b
7db9fa3fdc,218ae10a65,Nickel,Nickel,0,0.5443511538118416,125b,125b
218ae10a65,7db9fa3fdc,Nickel,Nickel,0,0.5442897365029947,125b,125b
7db9fa3fdc,9645e12969,Nickel,Nickel,0,0.5787331056411875,125b,125b
9645e12969,7db9fa3fdc,Nickel,Nickel,0,0.5789489386436751,125b,125b
7db9fa3fdc,0db08b7f9e,Nickel,Nickel,0,0.6495229727071743,125b,125b
0db08b7f9e,7db9fa3fdc,Nickel,Nickel,0,0.6523342957159972,125b,125b
7db9fa3fdc,fc6e345a87,Nickel,Nickel,0,0.5031760523254393,125b,125b
fc6e345a87,7db9fa3fdc,Nickel,Nickel,0,0.5028887256677378,125b,125b
7db9fa3fdc,5187134316,Nickel,Nickel,0,0.6958941964138969,125b,125b
5187134316,7db9fa3fdc,Nickel,Nickel,0,0.6959110222645294,125b,125b
7db9fa3fdc,9fbbe4fcae,Nickel,Nickel,0,0.6815198662185128,125b,125b
9fbbe4fcae,7db9fa3fdc,Nickel,Nickel,0,0.6815482576074666,125b,125b
7db9fa3fdc,744a7e7690,Nickel,Nickel,0,0.6217089499561148,125b,125b
744a7e7690,7db9fa3fdc,Nickel,Nickel,0,0.6213729784243359,125b,125b
7db9fa3fdc,9f5cee2a11,Nickel,Nickel,0,0.6805415481841368,125b,125b
9f5cee2a11,7db9fa3fdc,Nickel,Nickel,0,0.6805415481841373,125b,125b
7db9fa3fdc,3443ea5ba5,Nickel,Nickel,0,0.5105570299958783,125b,125b
3443ea5ba5,7db9fa3fdc,Nickel,Nickel,0,0.5094817373077835,125b,125b
7db9fa3fdc,fa6595462f,Nickel,Nickel,0,0.5455870694668368,125b,125b
fa6595462f,7db9fa3fdc,Nickel,Nickel,0,0.5463022727229288,125b,125b
7db9fa3fdc,d469fc3f70,Nickel,Nickel,0,0.5247006963351847,125b,125b
d469fc3f70,7db9fa3fdc,Nickel,Nickel,0,0.5485156631970042,125b,125b
7db9fa3fdc,0e45ff7118,Nickel,Nickel,0,0.5644352624131547,125b,125b
0e45ff7118,7db9fa3fdc,Nickel,Nickel,0,0.5412751408045782,125b,125b
7db9fa3fdc,a80b46b6d1,Nickel,Nickel,0,0.6677650935255353,125b,125b
a80b46b6d1,7db9fa3fdc,Nickel,Nickel,0,0.6679261048441025,125b,125b
7db9fa3fdc,1ed3442cfa,Nickel,Nickel,0,0.5709058467636215,125b,125b
1ed3442cfa,7db9fa3fdc,Nickel,Nickel,0,0.5709058467636212,125b,125b
7db9fa3fdc,db4804f266,Nickel,Nickel,0,0.5405782913711638,125b,125b
db4804f266,7db9fa3fdc,Nickel,Nickel,0,0.5414553271226655,125b,125b
7db9fa3fdc,bf77a5ca9b,Nickel,Nickel,0,0.4496764530032432,125b,125b
bf77a5ca9b,7db9fa3fdc,Nickel,Nickel,0,0.45022281528866176,125b,125b
7db9fa3fdc,13189e401d,Nickel,Nickel,0,0.6712512558674033,125b,125b
13189e401d,7db9fa3fdc,Nickel,Nickel,0,0.6256980706764917,125b,125b
7db9fa3fdc,d5070cee0f,Nickel,Nickel,0,0.4296812174598184,125b,125b
d5070cee0f,7db9fa3fdc,Nickel,Nickel,0,0.42963017857564545,125b,125b
7db9fa3fdc,27c44d34a4,Nickel,Nickel,0,0.5419596943204739,125b,125b
27c44d34a4,7db9fa3fdc,Nickel,Nickel,0,0.5414549976066647,125b,125b
7db9fa3fdc,4e0193ff9e,Nickel,Nickel,0,0.5965522810298088,125b,125b
4e0193ff9e,7db9fa3fdc,Nickel,Nickel,0,0.5967551977648279,125b,125b
7db9fa3fdc,3c6819beb9,Nickel,Nickel,0,0.560005366917593,125b,125b
3c6819beb9,7db9fa3fdc,Nickel,Nickel,0,0.560005366917593,125b,125b
7db9fa3fdc,3a2a75a851,Nickel,Nickel,0,0.5767509923194651,125b,125b
3a2a75a851,7db9fa3fdc,Nickel,Nickel,0,0.5767509923194651,125b,125b
7db9fa3fdc,0d991a198f,Nickel,Nickel,0,0.684201292511046,125b,125b
0d991a198f,7db9fa3fdc,Nickel,Nickel,0,0.6841359039189755,125b,125b
bd89ab2453,1f2544214d,Nickel,Nickel,0,0.6745149470664491,125b,125b
1f2544214d,bd89ab2453,Nickel,Nickel,0,0.6752990003361309,125b,125b
bd89ab2453,c2081b71be,Nickel,Nickel,0,0.5666865095127911,125b,125b
c2081b71be,bd89ab2453,Nickel,Nickel,0,0.5669577614045965,125b,125b
bd89ab2453,a404412c4e,Nickel,Nickel,0,0.6572515015237183,125b,125b
a404412c4e,bd89ab2453,Nickel,Nickel,0,0.6571801268042559,125b,125b
bd89ab2453,ff11e3e39e,Nickel,Nickel,0,0.6335279285607535,125b,125b
ff11e3e39e,bd89ab2453,Nickel,Nickel,0,0.633021439863702,125b,125b
bd89ab2453,88c293654f,Nickel,Nickel,0,0.5657702414425603,125b,125b
88c293654f,bd89ab2453,Nickel,Nickel,0,0.5657702414425602,125b,125b
bd89ab2453,ae9b0acf0b,Nickel,Nickel,0,0.5844486804598732,125b,125b
ae9b0acf0b,bd89ab2453,Nickel,Nickel,0,0.5615542987040762,125b,125b
bd89ab2453,a3b1085bea,Nickel,Nickel,0,0.7637808501020867,125b,125b
a3b1085bea,bd89ab2453,Nickel,Nickel,0,0.7641678318090905,125b,125b
bd89ab2453,f366f00cde,Nickel,Nickel,0,0.4758750140376621,125b,125b
f366f00cde,bd89ab2453,Nickel,Nickel,0,0.4761187459090368,125b,125b
bd89ab2453,81bb3cb084,Nickel,Nickel,0,0.511140383605775,125b,125b
81bb3cb084,bd89ab2453,Nickel,Nickel,0,0.5108783284859791,125b,125b
bd89ab2453,326bd7053d,Nickel,Nickel,0,0.549540135891546,125b,125b
326bd7053d,bd89ab2453,Nickel,Nickel,0,0.5493850343830506,125b,125b
bd89ab2453,867e742682,Nickel,Nickel,0,0.5736240248372364,125b,125b
867e742682,bd89ab2453,Nickel,Nickel,0,0.5737652911886486,125b,125b
bd89ab2453,9c6504e345,Nickel,Nickel,0,0.661600934302298,125b,125b
9c6504e345,bd89ab2453,Nickel,Nickel,0,0.630087403356684,125b,125b
bd89ab2453,27c03bf211,Nickel,Nickel,0,0.5550793475904976,125b,125b
27c03bf211,bd89ab2453,Nickel,Nickel,0,0.5550142375112614,125b,125b
bd89ab2453,ef85c2ef6b,Nickel,Nickel,0,0.6125372122016636,125b,125b
ef85c2ef6b,bd89ab2453,Nickel,Nickel,0,0.6119657583746305,125b,125b
bd89ab2453,9b00c4c264,Nickel,Nickel,0,0.7562051487725548,125b,125b
9b00c4c264,bd89ab2453,Nickel,Nickel,0,0.7558278019673803,125b,125b
bd89ab2453,93f6afc25d,Nickel,Nickel,0,0.5846553411926173,125b,125b
93f6afc25d,bd89ab2453,Nickel,Nickel,0,0.5142234076253783,125b,125b
bd89ab2453,a54ce43a84,Nickel,Nickel,0,0.6473614360066672,125b,125b
a54ce43a84,bd89ab2453,Nickel,Nickel,0,0.6470818217204785,125b,125b
bd89ab2453,218ae10a65,Nickel,Nickel,0,0.5556123450981378,125b,125b
218ae10a65,bd89ab2453,Nickel,Nickel,0,0.5555165807139826,125b,125b
bd89ab2453,9645e12969,Nickel,Nickel,0,0.4692544266686953,125b,125b
9645e12969,bd89ab2453,Nickel,Nickel,0,0.4693027014738798,125b,125b
bd89ab2453,0db08b7f9e,Nickel,Nickel,0,0.5279897088393329,125b,125b
0db08b7f9e,bd89ab2453,Nickel,Nickel,0,0.5282208239056787,125b,125b
bd89ab2453,fc6e345a87,Nickel,Nickel,0,0.5199476244992887,125b,125b
fc6e345a87,bd89ab2453,Nickel,Nickel,0,0.5237999710917854,125b,125b
bd89ab2453,5187134316,Nickel,Nickel,0,0.6183889251000337,125b,125b
5187134316,bd89ab2453,Nickel,Nickel,0,0.6184544746607065,125b,125b
bd89ab2453,9fbbe4fcae,Nickel,Nickel,0,0.6026340624482514,125b,125b
9fbbe4fcae,bd89ab2453,Nickel,Nickel,0,0.6026922516894366,125b,125b
bd89ab2453,744a7e7690,Nickel,Nickel,0,0.46572693740181126,125b,125b
744a7e7690,bd89ab2453,Nickel,Nickel,0,0.4655045235516109,125b,125b
bd89ab2453,9f5cee2a11,Nickel,Nickel,0,0.7078300644647216,125b,125b
9f5cee2a11,bd89ab2453,Nickel,Nickel,0,0.7078300644647219,125b,125b
bd89ab2453,3443ea5ba5,Nickel,Nickel,0,0.6660557699531746,125b,125b
3443ea5ba5,bd89ab2453,Nickel,Nickel,0,0.6673976599031175,125b,125b
bd89ab2453,fa6595462f,Nickel,Nickel,0,0.5850628127707647,125b,125b
fa6595462f,bd89ab2453,Nickel,Nickel,0,0.5861797999944875,125b,125b
bd89ab2453,d469fc3f70,Nickel,Nickel,0,0.506581511182749,125b,125b
d469fc3f70,bd89ab2453,Nickel,Nickel,0,0.5069489880690451,125b,125b
bd89ab2453,0e45ff7118,Nickel,Nickel,0,0.4543313044693353,125b,125b
0e45ff7118,bd89ab2453,Nickel,Nickel,0,0.45337817683550524,125b,125b
bd89ab2453,a80b46b6d1,Nickel,Nickel,0,0.6859885867383556,125b,125b
a80b46b6d1,bd89ab2453,Nickel,Nickel,0,0.6866532463486449,125b,125b
bd89ab2453,1ed3442cfa,Nickel,Nickel,0,0.5501735657688245,125b,125b
1ed3442cfa,bd89ab2453,Nickel,Nickel,0,0.5512174988403258,125b,125b
bd89ab2453,db4804f266,Nickel,Nickel,0,0.6314940256424649,125b,125b
db4804f266,bd89ab2453,Nickel,Nickel,0,0.6319724116282104,125b,125b
bd89ab2453,bf77a5ca9b,Nickel,Nickel,0,0.4763924269120599,125b,125b
bf77a5ca9b,bd89ab2453,Nickel,Nickel,0,0.4766980269577139,125b,125b
bd89ab2453,13189e401d,Nickel,Nickel,0,0.5091400651887322,125b,125b
13189e401d,bd89ab2453,Nickel,Nickel,0,0.5097697099378233,125b,125b
bd89ab2453,d5070cee0f,Nickel,Nickel,0,0.7347009786390913,125b,125b
d5070cee0f,bd89ab2453,Nickel,Nickel,0,0.7347043169815971,125b,125b
bd89ab2453,27c44d34a4,Nickel,Nickel,0,0.5763839151380556,125b,125b
27c44d34a4,bd89ab2453,Nickel,Nickel,0,0.5764100386683356,125b,125b
bd89ab2453,4e0193ff9e,Nickel,Nickel,0,0.6081286829484281,125b,125b
4e0193ff9e,bd89ab2453,Nickel,Nickel,0,0.60802449440334,125b,125b
bd89ab2453,3c6819beb9,Nickel,Nickel,0,0.6032067153395748,125b,125b
3c6819beb9,bd89ab2453,Nickel,Nickel,0,0.603015112262041,125b,125b
bd89ab2453,3a2a75a851,Nickel,Nickel,0,0.44469623452808654,125b,125b
3a2a75a851,bd89ab2453,Nickel,Nickel,0,0.4447163783663882,125b,125b
bd89ab2453,0d991a198f,Nickel,Nickel,0,0.5447041256864299,125b,125b
0d991a198f,bd89ab2453,Nickel,Nickel,0,0.5446726632586174,125b,125b
1f2544214d,a404412c4e,Nickel,Nickel,0,0.453897062489673,125b,125b
a404412c4e,1f2544214d,Nickel,Nickel,0,0.4536714211052881,125b,125b
1f2544214d,a3b1085bea,Nickel,Nickel,0,0.7322556104399232,125b,125b
a3b1085bea,1f2544214d,Nickel,Nickel,0,0.731099803642722,125b,125b
1f2544214d,f366f00cde,Nickel,Nickel,0,0.45638328101452114,125b,125b
f366f00cde,1f2544214d,Nickel,Nickel,0,0.40891713998693263,125b,125b
1f2544214d,81bb3cb084,Nickel,Nickel,0,0.36882947614688033,125b,125b
81bb3cb084,1f2544214d,Nickel,Nickel,0,0.36775403460197525,125b,125b
1f2544214d,326bd7053d,Nickel,Nickel,0,0.4262575276451146,125b,125b
326bd7053d,1f2544214d,Nickel,Nickel,0,0.42565332708959974,125b,125b
1f2544214d,9c6504e345,Nickel,Nickel,0,0.5977165430276868,125b,125b
9c6504e345,1f2544214d,Nickel,Nickel,0,0.597764605375314,125b,125b
1f2544214d,ef85c2ef6b,Nickel,Nickel,0,0.5681147160836911,125b,125b
ef85c2ef6b,1f2544214d,Nickel,Nickel,0,0.5680880815242395,125b,125b
1f2544214d,9b00c4c264,Nickel,Nickel,0,0.6012356352227681,125b,125b
9b00c4c264,1f2544214d,Nickel,Nickel,0,0.6006840452102253,125b,125b
1f2544214d,218ae10a65,Nickel,Nickel,0,0.6441262827880622,125b,125b
218ae10a65,1f2544214d,Nickel,Nickel,0,0.6435142547875107,125b,125b
1f2544214d,9645e12969,Nickel,Nickel,0,0.5819928389592823,125b,125b
9645e12969,1f2544214d,Nickel,Nickel,0,0.5813231558685993,125b,125b
1f2544214d,fc6e345a87,Nickel,Nickel,0,0.5263237084036484,125b,125b
fc6e345a87,1f2544214d,Nickel,Nickel,0,0.5263633278833042,125b,125b
1f2544214d,5187134316,Nickel,Nickel,0,0.5074869571771334,125b,125b
5187134316,1f2544214d,Nickel,Nickel,0,0.5065551980285933,125b,125b
1f2544214d,9fbbe4fcae,Nickel,Nickel,0,0.5369085698921415,125b,125b
9fbbe4fcae,1f2544214d,Nickel,Nickel,0,0.5356464824214404,125b,125b
1f2544214d,3443ea5ba5,Nickel,Nickel,0,0.6690515149975427,125b,125b
3443ea5ba5,1f2544214d,Nickel,Nickel,0,0.6683453611757056,125b,125b
1f2544214d,fa6595462f,Nickel,Nickel,0,0.5654840109958094,125b,125b
fa6595462f,1f2544214d,Nickel,Nickel,0,0.565484010995809,125b,125b
1f2544214d,d469fc3f70,Nickel,Nickel,0,0.5277379362084083,125b,125b
d469fc3f70,1f2544214d,Nickel,Nickel,0,0.5277039855269997,125b,125b
1f2544214d,0e45ff7118,Nickel,Nickel,0,0.5573357828707696,125b,125b
0e45ff7118,1f2544214d,Nickel,Nickel,0,0.5572202362354555,125b,125b
1f2544214d,a80b46b6d1,Nickel,Nickel,0,0.6262596524669587,125b,125b
a80b46b6d1,1f2544214d,Nickel,Nickel,0,0.6267747188399738,125b,125b
1f2544214d,db4804f266,Nickel,Nickel,0,0.5708646587067939,125b,125b
db4804f266,1f2544214d,Nickel,Nickel,0,0.5712077557209306,125b,125b
1f2544214d,bf77a5ca9b,Nickel,Nickel,0,0.47461617914251464,125b,125b
bf77a5ca9b,1f2544214d,Nickel,Nickel,0,0.4736818759968616,125b,125b
1f2544214d,13189e401d,Nickel,Nickel,0,0.5712941689548776,125b,125b
13189e401d,1f2544214d,Nickel,Nickel,0,0.5709953566497,125b,125b
1f2544214d,27c44d34a4,Nickel,Nickel,0,0.35913954811503,125b,125b
27c44d34a4,1f2544214d,Nickel,Nickel,0,0.35735912313901397,125b,125b
1f2544214d,3c6819beb9,Nickel,Nickel,0,0.49619453455134876,125b,125b
3c6819beb9,1f2544214d,Nickel,Nickel,0,0.4961516978764693,125b,125b
1f2544214d,3a2a75a851,Nickel,Nickel,0,0.42295494055008054,125b,125b
3a2a75a851,1f2544214d,Nickel,Nickel,0,0.42308753056641213,125b,125b
1f2544214d,0d991a198f,Nickel,Nickel,0,0.5020290133451167,125b,125b
0d991a198f,1f2544214d,Nickel,Nickel,0,0.5015301919533681,125b,125b
c2081b71be,a404412c4e,Nickel,Nickel,0,0.6964764884520157,125b,125b
a404412c4e,c2081b71be,Nickel,Nickel,0,0.6964264777574117,125b,125b
c2081b71be,a3b1085bea,Nickel,Nickel,0,0.6571193275005779,125b,125b
a3b1085bea,c2081b71be,Nickel,Nickel,0,0.656958253113449,125b,125b
c2081b71be,f366f00cde,Nickel,Nickel,0,0.635291747427244,125b,125b
f366f00cde,c2081b71be,Nickel,Nickel,0,0.63561542280891,125b,125b
c2081b71be,81bb3cb084,Nickel,Nickel,0,0.5897117280783069,125b,125b
81bb3cb084,c2081b71be,Nickel,Nickel,0,0.5918653155431863,125b,125b
c2081b71be,326bd7053d,Nickel,Nickel,0,0.6940371831548935,125b,125b
326bd7053d,c2081b71be,Nickel,Nickel,0,0.694509937575733,125b,125b
c2081b71be,9c6504e345,Nickel,Nickel,0,0.576966511091613,125b,125b
9c6504e345,c2081b71be,Nickel,Nickel,0,0.5766872337583748,125b,125b
c2081b71be,ef85c2ef6b,Nickel,Nickel,0,0.6686191688628791,125b,125b
ef85c2ef6b,c2081b71be,Nickel,Nickel,0,0.668846262114984,125b,125b
c2081b71be,9b00c4c264,Nickel,Nickel,0,0.5816126431974132,125b,125b
9b00c4c264,c2081b71be,Nickel,Nickel,0,0.5811962944687249,125b,125b
c2081b71be,218ae10a65,Nickel,Nickel,0,0.6272054287180676,125b,125b
218ae10a65,c2081b71be,Nickel,Nickel,0,0.6278024557693627,125b,125b
c2081b71be,9645e12969,Nickel,Nickel,0,0.6254793513140391,125b,125b
9645e12969,c2081b71be,Nickel,Nickel,0,0.684653081457699,125b,125b
c2081b71be,fc6e345a87,Nickel,Nickel,0,0.6212601892213437,125b,125b
fc6e345a87,c2081b71be,Nickel,Nickel,0,0.6210552815337581,125b,125b
c2081b71be,5187134316,Nickel,Nickel,0,0.5449972038453931,125b,125b
5187134316,c2081b71be,Nickel,Nickel,0,0.5450490730769162,125b,125b
c2081b71be,9fbbe4fcae,Nickel,Nickel,0,0.6252425860911888,125b,125b
9fbbe4fcae,c2081b71be,Nickel,Nickel,0,0.6837582368294048,125b,125b
c2081b71be,3443ea5ba5,Nickel,Nickel,0,0.5603341353473115,125b,125b
3443ea5ba5,c2081b71be,Nickel,Nickel,0,0.5604116077467697,125b,125b
c2081b71be,fa6595462f,Nickel,Nickel,0,0.619159146298835,125b,125b
fa6595462f,c2081b71be,Nickel,Nickel,0,0.619208056231084,125b,125b
c2081b71be,d469fc3f70,Nickel,Nickel,0,0.7404401821029742,125b,125b
d469fc3f70,c2081b71be,Nickel,Nickel,0,0.7282621970925788,125b,125b
c2081b71be,0e45ff7118,Nickel,Nickel,0,0.664693344509434,125b,125b
0e45ff7118,c2081b71be,Nickel,Nickel,0,0.6648415956018849,125b,125b
c2081b71be,a80b46b6d1,Nickel,Nickel,0,0.6898656193196631,125b,125b
a80b46b6d1,c2081b71be,Nickel,Nickel,0,0.6895471419992302,125b,125b
c2081b71be,db4804f266,Nickel,Nickel,0,0.5204708559896648,125b,125b
db4804f266,c2081b71be,Nickel,Nickel,0,0.5206846923995073,125b,125b
c2081b71be,bf77a5ca9b,Nickel,Nickel,0,0.6162585363655328,125b,125b
bf77a5ca9b,c2081b71be,Nickel,Nickel,0,0.6161718958980659,125b,125b
c2081b71be,13189e401d,Nickel,Nickel,0,0.7379882407281585,125b,125b
13189e401d,c2081b71be,Nickel,Nickel,0,0.7377378493594576,125b,125b
c2081b71be,27c44d34a4,Nickel,Nickel,0,0.7332829543360272,125b,125b
27c44d34a4,c2081b71be,Nickel,Nickel,0,0.7336569473202976,125b,125b
c2081b71be,3c6819beb9,Nickel,Nickel,0,0.4374790199451124,125b,125b
3c6819beb9,c2081b71be,Nickel,Nickel,0,0.43672080834411126,125b,125b
c2081b71be,3a2a75a851,Nickel,Nickel,0,0.4869964474754274,125b,125b
3a2a75a851,c2081b71be,Nickel,Nickel,0,0.48698556809925797,125b,125b
c2081b71be,0d991a198f,Nickel,Nickel,0,0.68947946790808,125b,125b
0d991a198f,c2081b71be,Nickel,Nickel,0,0.6886017869792107,125b,125b
a404412c4e,ff11e3e39e,Nickel,Nickel,0,0.6598516981574298,125b,125b
ff11e3e39e,a404412c4e,Nickel,Nickel,0,0.6595687756086772,125b,125b
a404412c4e,88c293654f,Nickel,Nickel,0,0.781345035478675,125b,125b
88c293654f,a404412c4e,Nickel,Nickel,0,0.7720201623671837,125b,125b
a404412c4e,ae9b0acf0b,Nickel,Nickel,0,0.7947652443897233,125b,125b
ae9b0acf0b,a404412c4e,Nickel,Nickel,0,0.794644856204042,125b,125b
a404412c4e,a3b1085bea,Nickel,Nickel,0,0.6180355532497991,125b,125b
a3b1085bea,a404412c4e,Nickel,Nickel,0,0.6183204973888827,125b,125b
a404412c4e,f366f00cde,Nickel,Nickel,0,0.6961945909090448,125b,125b
f366f00cde,a404412c4e,Nickel,Nickel,0,0.6961356944865887,125b,125b
a404412c4e,81bb3cb084,Nickel,Nickel,0,0.6295971464339477,125b,125b
81bb3cb084,a404412c4e,Nickel,Nickel,0,0.6296838330877395,125b,125b
a404412c4e,326bd7053d,Nickel,Nickel,0,0.6487588940294814,125b,125b
326bd7053d,a404412c4e,Nickel,Nickel,0,0.6494912784342753,125b,125b
a404412c4e,867e742682,Nickel,Nickel,0,0.5882435495993321,125b,125b
867e742682,a404412c4e,Nickel,Nickel,0,0.5884658743767954,125b,125b
a404412c4e,9c6504e345,Nickel,Nickel,0,0.7968734849223571,125b,125b
9c6504e345,a404412c4e,Nickel,Nickel,0,0.7969196994566502,125b,125b
a404412c4e,27c03bf211,Nickel,Nickel,0,0.5793965089112114,125b,125b
27c03bf211,a404412c4e,Nickel,Nickel,0,0.5800862609265387,125b,125b
a404412c4e,ef85c2ef6b,Nickel,Nickel,0,0.6187537658926662,125b,125b
ef85c2ef6b,a404412c4e,Nickel,Nickel,0,0.6622983341966514,125b,125b
a404412c4e,9b00c4c264,Nickel,Nickel,0,0.6261658107992517,125b,125b
9b00c4c264,a404412c4e,Nickel,Nickel,0,0.623526126021333,125b,125b
a404412c4e,93f6afc25d,Nickel,Nickel,0,0.5606418796247884,125b,125b
93f6afc25d,a404412c4e,Nickel,Nickel,0,0.5608696018391195,125b,125b
a404412c4e,a54ce43a84,Nickel,Nickel,0,0.672861502256487,125b,125b
a54ce43a84,a404412c4e,Nickel,Nickel,0,0.6709964734447309,125b,125b
a404412c4e,218ae10a65,Nickel,Nickel,0,0.6506770115122671,125b,125b
218ae10a65,a404412c4e,Nickel,Nickel,0,0.6505032119784953,125b,125b
a404412c4e,9645e12969,Nickel,Nickel,0,0.6048869392347067,125b,125b
9645e12969,a404412c4e,Nickel,Nickel,0,0.5720251143829989,125b,125b
a404412c4e,0db08b7f9e,Nickel,Nickel,0,0.5491290762904942,125b,125b
0db08b7f9e,a404412c4e,Nickel,Nickel,0,0.5502423626519035,125b,125b
a404412c4e,fc6e345a87,Nickel,Nickel,0,0.4905261515398855,125b,125b
fc6e345a87,a404412c4e,Nickel,Nickel,0,0.49233283808685363,125b,125b
a404412c4e,5187134316,Nickel,Nickel,0,0.6394888139056238,125b,125b
5187134316,a404412c4e,Nickel,Nickel,0,0.63921651593218,125b,125b
a404412c4e,9fbbe4fcae,Nickel,Nickel,0,0.6815568433208018,125b,125b
9fbbe4fcae,a404412c4e,Nickel,Nickel,0,0.6813369763615702,125b,125b
a404412c4e,744a7e7690,Nickel,Nickel,0,0.5276642454540609,125b,125b
744a7e7690,a404412c4e,Nickel,Nickel,0,0.5241709459358747,125b,125b
a404412c4e,9f5cee2a11,Nickel,Nickel,0,0.5575472884365004,125b,125b
9f5cee2a11,a404412c4e,Nickel,Nickel,0,0.5579722355158406,125b,125b
a404412c4e,3443ea5ba5,Nickel,Nickel,0,0.5950685898606705,125b,125b
3443ea5ba5,a404412c4e,Nickel,Nickel,0,0.5955365901033036,125b,125b
a404412c4e,fa6595462f,Nickel,Nickel,0,0.5355165730603715,125b,125b
fa6595462f,a404412c4e,Nickel,Nickel,0,0.5354507327669363,125b,125b
a404412c4e,d469fc3f70,Nickel,Nickel,0,0.5972086135311406,125b,125b
d469fc3f70,a404412c4e,Nickel,Nickel,0,0.5972905309027404,125b,125b
a404412c4e,0e45ff7118,Nickel,Nickel,0,0.5933545904965991,125b,125b
0e45ff7118,a404412c4e,Nickel,Nickel,0,0.5942812876782616,125b,125b
a404412c4e,a80b46b6d1,Nickel,Nickel,0,0.6311575837886113,125b,125b
a80b46b6d1,a404412c4e,Nickel,Nickel,0,0.6343387237850456,125b,125b
a404412c4e,1ed3442cfa,Nickel,Nickel,0,0.5192265526351397,125b,125b
1ed3442cfa,a404412c4e,Nickel,Nickel,0,0.5192134575061044,125b,125b
a404412c4e,db4804f266,Nickel,Nickel,0,0.6438964230419898,125b,125b
db4804f266,a404412c4e,Nickel,Nickel,0,0.6438964230419895,125b,125b
a404412c4e,bf77a5ca9b,Nickel,Nickel,0,0.648280042150564,125b,125b
bf77a5ca9b,a404412c4e,Nickel,Nickel,0,0.6483256318354769,125b,125b
a404412c4e,13189e401d,Nickel,Nickel,0,0.5970521273874038,125b,125b
13189e401d,a404412c4e,Nickel,Nickel,0,0.5972048226831896,125b,125b
a404412c4e,d5070cee0f,Nickel,Nickel,0,0.6272497125209968,125b,125b
d5070cee0f,a404412c4e,Nickel,Nickel,0,0.6272497125209968,125b,125b
a404412c4e,27c44d34a4,Nickel,Nickel,0,0.694304418969217,125b,125b
27c44d34a4,a404412c4e,Nickel,Nickel,0,0.6945189975252232,125b,125b
a404412c4e,4e0193ff9e,Nickel,Nickel,0,0.554698657527744,125b,125b
4e0193ff9e,a404412c4e,Nickel,Nickel,0,0.5546740150909087,125b,125b
a404412c4e,3c6819beb9,Nickel,Nickel,0,0.6464943582577013,125b,125b
3c6819beb9,a404412c4e,Nickel,Nickel,0,0.6464565202035626,125b,125b
a404412c4e,3a2a75a851,Nickel,Nickel,0,0.5007855335991207,125b,125b
3a2a75a851,a404412c4e,Nickel,Nickel,0,0.5007855335991207,125b,125b
a404412c4e,0d991a198f,Nickel,Nickel,0,0.5399694435399347,125b,125b
0d991a198f,a404412c4e,Nickel,Nickel,0,0.5400862158129953,125b,125b
ff11e3e39e,a3b1085bea,Nickel,Nickel,0,0.5996056323962903,125b,125b
a3b1085bea,ff11e3e39e,Nickel,Nickel,0,0.5997715416907237,125b,125b
ff11e3e39e,f366f00cde,Nickel,Nickel,0,0.643227471206294,125b,125b
f366f00cde,ff11e3e39e,Nickel,Nickel,0,0.6435821329869731,125b,125b
ff11e3e39e,81bb3cb084,Nickel,Nickel,0,0.3994881890072644,125b,125b
81bb3cb084,ff11e3e39e,Nickel,Nickel,0,0.3995502392224639,125b,125b
ff11e3e39e,326bd7053d,Nickel,Nickel,0,0.414304485723746,125b,125b
326bd7053d,ff11e3e39e,Nickel,Nickel,0,0.4147879013937328,125b,125b
ff11e3e39e,9c6504e345,Nickel,Nickel,0,0.46948227650247426,125b,125b
9c6504e345,ff11e3e39e,Nickel,Nickel,0,0.46974152484672077,125b,125b
ff11e3e39e,ef85c2ef6b,Nickel,Nickel,0,0.5515511030423866,125b,125b
ef85c2ef6b,ff11e3e39e,Nickel,Nickel,0,0.5513972717009329,125b,125b
ff11e3e39e,9b00c4c264,Nickel,Nickel,0,0.5132788809752307,125b,125b
9b00c4c264,ff11e3e39e,Nickel,Nickel,0,0.5119521212890752,125b,125b
ff11e3e39e,218ae10a65,Nickel,Nickel,0,0.5157384995018288,125b,125b
218ae10a65,ff11e3e39e,Nickel,Nickel,0,0.5155752542944128,125b,125b
ff11e3e39e,9645e12969,Nickel,Nickel,0,0.4707541549163255,125b,125b
9645e12969,ff11e3e39e,Nickel,Nickel,0,0.4713201964797465,125b,125b
ff11e3e39e,fc6e345a87,Nickel,Nickel,0,0.4637859738379948,125b,125b
fc6e345a87,ff11e3e39e,Nickel,Nickel,0,0.4627685892687112,125b,125b
ff11e3e39e,5187134316,Nickel,Nickel,0,0.7293942195066881,125b,125b
5187134316,ff11e3e39e,Nickel,Nickel,0,0.7296632287439524,125b,125b
ff11e3e39e,9fbbe4fcae,Nickel,Nickel,0,0.5912742820731303,125b,125b
9fbbe4fcae,ff11e3e39e,Nickel,Nickel,0,0.591412476456483,125b,125b
ff11e3e39e,3443ea5ba5,Nickel,Nickel,0,0.5525752924848434,125b,125b
3443ea5ba5,ff11e3e39e,Nickel,Nickel,0,0.5527770194404886,125b,125b
ff11e3e39e,fa6595462f,Nickel,Nickel,0,0.543968631649984,125b,125b
fa6595462f,ff11e3e39e,Nickel,Nickel,0,0.5439386567625173,125b,125b
ff11e3e39e,d469fc3f70,Nickel,Nickel,0,0.5964341208886952,125b,125b
d469fc3f70,ff11e3e39e,Nickel,Nickel,0,0.5963174357190922,125b,125b
ff11e3e39e,0e45ff7118,Nickel,Nickel,0,0.4928983214383799,125b,125b
0e45ff7118,ff11e3e39e,Nickel,Nickel,0,0.4928983214383799,125b,125b
ff11e3e39e,a80b46b6d1,Nickel,Nickel,0,0.5366440081420667,125b,125b
a80b46b6d1,ff11e3e39e,Nickel,Nickel,0,0.5368652021110635,125b,125b
ff11e3e39e,db4804f266,Nickel,Nickel,0,0.5434666849922377,125b,125b
db4804f266,ff11e3e39e,Nickel,Nickel,0,0.54285315172479,125b,125b
ff11e3e39e,bf77a5ca9b,Nickel,Nickel,0,0.4883913387703408,125b,125b
bf77a5ca9b,ff11e3e39e,Nickel,Nickel,0,0.4884213692902582,125b,125b
ff11e3e39e,13189e401d,Nickel,Nickel,0,0.5781417972205039,125b,125b
13189e401d,ff11e3e39e,Nickel,Nickel,0,0.578658705360545,125b,125b
ff11e3e39e,27c44d34a4,Nickel,Nickel,0,0.40356355400159566,125b,125b
27c44d34a4,ff11e3e39e,Nickel,Nickel,0,0.40345006781687864,125b,125b
ff11e3e39e,3c6819beb9,Nickel,Nickel,0,0.600436337038347,125b,125b
3c6819beb9,ff11e3e39e,Nickel,Nickel,0,0.6003562579036233,125b,125b
ff11e3e39e,3a2a75a851,Nickel,Nickel,0,0.7810736249638639,125b,125b
3a2a75a851,ff11e3e39e,Nickel,Nickel,0,0.7809579872655521,125b,125b
ff11e3e39e,0d991a198f,Nickel,Nickel,0,0.6339972729144452,125b,125b
0d991a198f,ff11e3e39e,Nickel,Nickel,0,0.6447892172078803,125b,125b
88c293654f,a3b1085bea,Nickel,Nickel,0,0.7539101101994407,125b,125b
a3b1085bea,88c293654f,Nickel,Nickel,0,0.7533558966006544,125b,125b
88c293654f,f366f00cde,Nickel,Nickel,0,0.6983087030698095,125b,125b
f366f00cde,88c293654f,Nickel,Nickel,0,0.698811287018588,125b,125b
88c293654f,81bb3cb084,Nickel,Nickel,0,0.4706315852430334,125b,125b
81bb3cb084,88c293654f,Nickel,Nickel,0,0.46940477457783786,125b,125b
88c293654f,326bd7053d,Nickel,Nickel,0,0.6582926773043013,125b,125b
326bd7053d,88c293654f,Nickel,Nickel,0,0.6581459344027056,125b,125b
88c293654f,9c6504e345,Nickel,Nickel,0,0.5046757247568476,125b,125b
9c6504e345,88c293654f,Nickel,Nickel,0,0.5045879336047601,125b,125b
88c293654f,ef85c2ef6b,Nickel,Nickel,0,0.5465290281880598,125b,125b
ef85c2ef6b,88c293654f,Nickel,Nickel,0,0.5465186528492937,125b,125b
88c293654f,9b00c4c264,Nickel,Nickel,0,0.6627253867081474,125b,125b
9b00c4c264,88c293654f,Nickel,Nickel,0,0.6620537966882761,125b,125b
88c293654f,218ae10a65,Nickel,Nickel,0,0.4489063706633771,125b,125b
218ae10a65,88c293654f,Nickel,Nickel,0,0.4479962827406293,125b,125b
88c293654f,9645e12969,Nickel,Nickel,0,0.6435781039124168,125b,125b
9645e12969,88c293654f,Nickel,Nickel,0,0.6437567049231235,125b,125b
88c293654f,fc6e345a87,Nickel,Nickel,0,0.41224376814919095,125b,125b
fc6e345a87,88c293654f,Nickel,Nickel,0,0.4123804928711638,125b,125b
88c293654f,5187134316,Nickel,Nickel,0,0.8181939449247108,125b,125b
5187134316,88c293654f,Nickel,Nickel,0,0.818697951813427,125b,125b
88c293654f,9fbbe4fcae,Nickel,Nickel,0,0.7260721992589088,125b,125b
9fbbe4fcae,88c293654f,Nickel,Nickel,0,0.7259262830203548,125b,125b
88c293654f,3443ea5ba5,Nickel,Nickel,0,0.6219787068175817,125b,125b
3443ea5ba5,88c293654f,Nickel,Nickel,0,0.6219787068175819,125b,125b
88c293654f,fa6595462f,Nickel,Nickel,0,0.5892281273712363,125b,125b
fa6595462f,88c293654f,Nickel,Nickel,0,0.5907568286136093,125b,125b
88c293654f,d469fc3f70,Nickel,Nickel,0,0.46879395308729566,125b,125b
d469fc3f70,88c293654f,Nickel,Nickel,0,0.4689156239485202,125b,125b
88c293654f,0e45ff7118,Nickel,Nickel,0,0.48691584089569007,125b,125b
0e45ff7118,88c293654f,Nickel,Nickel,0,0.48706412722774467,125b,125b
88c293654f,a80b46b6d1,Nickel,Nickel,0,0.5380600264789872,125b,125b
a80b46b6d1,88c293654f,Nickel,Nickel,0,0.5380512556967942,125b,125b
88c293654f,db4804f266,Nickel,Nickel,0,0.6319690460966199,125b,125b
db4804f266,88c293654f,Nickel,Nickel,0,0.6323370956383595,125b,125b
88c293654f,bf77a5ca9b,Nickel,Nickel,0,0.6850102203444937,125b,125b
bf77a5ca9b,88c293654f,Nickel,Nickel,0,0.6849936565018746,125b,125b
88c293654f,13189e401d,Nickel,Nickel,0,0.6878001246470383,125b,125b
13189e401d,88c293654f,Nickel,Nickel,0,0.6882703187199836,125b,125b
88c293654f,27c44d34a4,Nickel,Nickel,0,0.5312956903527465,125b,125b
27c44d34a4,88c293654f,Nickel,Nickel,0,0.5312884850187537,125b,125b
88c293654f,3c6819beb9,Nickel,Nickel,0,0.7112458458517309,125b,125b
3c6819beb9,88c293654f,Nickel,Nickel,0,0.710849575894483,125b,125b
88c293654f,3a2a75a851,Nickel,Nickel,0,0.5333793931577319,125b,125b
3a2a75a851,88c293654f,Nickel,Nickel,0,0.532985106995001,125b,125b
88c293654f,0d991a198f,Nickel,Nickel,0,0.7991453478687771,125b,125b
0d991a198f,88c293654f,Nickel,Nickel,0,0.7991901468891874,125b,125b
ae9b0acf0b,a3b1085bea,Nickel,Nickel,0,0.5741879988296021,125b,125b
a3b1085bea,ae9b0acf0b,Nickel,Nickel,0,0.5742478058796361,125b,125b
ae9b0acf0b,f366f00cde,Nickel,Nickel,0,0.5500448318443892,125b,125b
f366f00cde,ae9b0acf0b,Nickel,Nickel,0,0.5495244345346535,125b,125b
ae9b0acf0b,81bb3cb084,Nickel,Nickel,0,0.47139971531508085,125b,125b
81bb3cb084,ae9b0acf0b,Nickel,Nickel,0,0.47156192698633215,125b,125b
ae9b0acf0b,326bd7053d,Nickel,Nickel,0,0.5327466337580851,125b,125b
326bd7053d,ae9b0acf0b,Nickel,Nickel,0,0.5327116547612277,125b,125b
ae9b0acf0b,9c6504e345,Nickel,Nickel,0,0.524828000143514,125b,125b
9c6504e345,ae9b0acf0b,Nickel,Nickel,0,0.5248717094338481,125b,125b
ae9b0acf0b,ef85c2ef6b,Nickel,Nickel,0,0.6261099882005184,125b,125b
ef85c2ef6b,ae9b0acf0b,Nickel,Nickel,0,0.6203434740208075,125b,125b
ae9b0acf0b,9b00c4c264,Nickel,Nickel,0,0.342230684103252,125b,125b
9b00c4c264,ae9b0acf0b,Nickel,Nickel,0,0.3424343867132879,125b,125b
ae9b0acf0b,218ae10a65,Nickel,Nickel,0,0.6441790822493302,125b,125b
218ae10a65,ae9b0acf0b,Nickel,Nickel,0,0.6442459338246467,125b,125b
ae9b0acf0b,9645e12969,Nickel,Nickel,0,0.44547704563469015,125b,125b
9645e12969,ae9b0acf0b,Nickel,Nickel,0,0.446849454222509,125b,125b
ae9b0acf0b,fc6e345a87,Nickel,Nickel,0,0.48232185956079854,125b,125b
fc6e345a87,ae9b0acf0b,Nickel,Nickel,0,0.4819880618202298,125b,125b
ae9b0acf0b,5187134316,Nickel,Nickel,0,0.3868910849516263,125b,125b
5187134316,ae9b0acf0b,Nickel,Nickel,0,0.38703249008494045,125b,125b
ae9b0acf0b,9fbbe4fcae,Nickel,Nickel,0,0.7573692877650136,125b,125b
9fbbe4fcae,ae9b0acf0b,Nickel,Nickel,0,0.7574655074139061,125b,125b
ae9b0acf0b,3443ea5ba5,Nickel,Nickel,0,0.39720358270358247,125b,125b
3443ea5ba5,ae9b0acf0b,Nickel,Nickel,0,0.39814107683723826,125b,125b
ae9b0acf0b,fa6595462f,Nickel,Nickel,0,0.5707019610367315,125b,125b
fa6595462f,ae9b0acf0b,Nickel,Nickel,0,0.5744810977718012,125b,125b
ae9b0acf0b,d469fc3f70,Nickel,Nickel,0,0.5536661765566842,125b,125b
d469fc3f70,ae9b0acf0b,Nickel,Nickel,0,0.5530774280163164,125b,125b
ae9b0acf0b,0e45ff7118,Nickel,Nickel,0,0.5329467559863458,125b,125b
0e45ff7118,ae9b0acf0b,Nickel,Nickel,0,0.5330079269184436,125b,125b
ae9b0acf0b,a80b46b6d1,Nickel,Nickel,0,0.511407747667042,125b,125b
a80b46b6d1,ae9b0acf0b,Nickel,Nickel,0,0.5118410884901623,125b,125b
ae9b0acf0b,db4804f266,Nickel,Nickel,0,0.4469359477996402,125b,125b
db4804f266,ae9b0acf0b,Nickel,Nickel,0,0.44703503348364654,125b,125b
ae9b0acf0b,bf77a5ca9b,Nickel,Nickel,0,0.6376567599655663,125b,125b
bf77a5ca9b,ae9b0acf0b,Nickel,Nickel,0,0.6376173271573927,125b,125b
ae9b0acf0b,13189e401d,Nickel,Nickel,0,0.6230491012882364,125b,125b
13189e401d,ae9b0acf0b,Nickel,Nickel,0,0.6230491012882364,125b,125b
ae9b0acf0b,27c44d34a4,Nickel,Nickel,0,0.5146929276778406,125b,125b
27c44d34a4,ae9b0acf0b,Nickel,Nickel,0,0.514576258443601,125b,125b
ae9b0acf0b,3c6819beb9,Nickel,Nickel,0,0.4900335315833992,125b,125b
3c6819beb9,ae9b0acf0b,Nickel,Nickel,0,0.5221521188665388,125b,125b
ae9b0acf0b,3a2a75a851,Nickel,Nickel,0,0.48719703887035426,125b,125b
3a2a75a851,ae9b0acf0b,Nickel,Nickel,0,0.48900020282826145,125b,125b
ae9b0acf0b,0d991a198f,Nickel,Nickel,0,0.5108782620858561,125b,125b
0d991a198f,ae9b0acf0b,Nickel,Nickel,0,0.5108386188453877,125b,125b
a3b1085bea,f366f00cde,Nickel,Nickel,0,0.5365667284707633,125b,125b
f366f00cde,a3b1085bea,Nickel,Nickel,0,0.5365285296376434,125b,125b
a3b1085bea,81bb3cb084,Nickel,Nickel,0,0.6491163820827317,125b,125b
81bb3cb084,a3b1085bea,Nickel,Nickel,0,0.6494797391824437,125b,125b
a3b1085bea,326bd7053d,Nickel,Nickel,0,0.714433483994369,125b,125b
326bd7053d,a3b1085bea,Nickel,Nickel,0,0.7144334839943689,125b,125b
a3b1085bea,867e742682,Nickel,Nickel,0,0.43898854413823324,125b,125b
867e742682,a3b1085bea,Nickel,Nickel,0,0.43941723052792175,125b,125b
a3b1085bea,9c6504e345,Nickel,Nickel,0,0.5725895728362089,125b,125b
9c6504e345,a3b1085bea,Nickel,Nickel,0,0.5725500361547974,125b,125b
a3b1085bea,27c03bf211,Nickel,Nickel,0,0.6859436467469145,125b,125b
27c03bf211,a3b1085bea,Nickel,Nickel,0,0.6865987531309988,125b,125b
a3b1085bea,ef85c2ef6b,Nickel,Nickel,0,0.5426501866050614,125b,125b
ef85c2ef6b,a3b1085bea,Nickel,Nickel,0,0.5426302756996184,125b,125b
a3b1085bea,9b00c4c264,Nickel,Nickel,0,0.543828993863716,125b,125b
9b00c4c264,a3b1085bea,Nickel,Nickel,0,0.5442543663059205,125b,125b
a3b1085bea,93f6afc25d,Nickel,Nickel,0,0.5341496825891434,125b,125b
93f6afc25d,a3b1085bea,Nickel,Nickel,0,0.5423443650282339,125b,125b
a3b1085bea,a54ce43a84,Nickel,Nickel,0,0.5797287767359498,125b,125b
a54ce43a84,a3b1085bea,Nickel,Nickel,0,0.5811523826697209,125b,125b
a3b1085bea,218ae10a65,Nickel,Nickel,0,0.5974275589511366,125b,125b
218ae10a65,a3b1085bea,Nickel,Nickel,0,0.5977770273857693,125b,125b
a3b1085bea,9645e12969,Nickel,Nickel,0,0.41613886977089753,125b,125b
9645e12969,a3b1085bea,Nickel,Nickel,0,0.4168815467732601,125b,125b
a3b1085bea,0db08b7f9e,Nickel,Nickel,0,0.590685030924826,125b,125b
0db08b7f9e,a3b1085bea,Nickel,Nickel,0,0.5917287669871619,125b,125b
a3b1085bea,fc6e345a87,Nickel,Nickel,0,0.5230495512031939,125b,125b
fc6e345a87,a3b1085bea,Nickel,Nickel,0,0.5231806341021558,125b,125b
a3b1085bea,5187134316,Nickel,Nickel,0,0.7549294862868291,125b,125b
5187134316,a3b1085bea,Nickel,Nickel,0,0.7553106752099835,125b,125b
a3b1085bea,9fbbe4fcae,Nickel,Nickel,0,0.716140679291966,125b,125b
9fbbe4fcae,a3b1085bea,Nickel,Nickel,0,0.7162860637318365,125b,125b
a3b1085bea,744a7e7690,Nickel,Nickel,0,0.5760730865992163,125b,125b
744a7e7690,a3b1085bea,Nickel,Nickel,0,0.5766921756584035,125b,125b
a3b1085bea,9f5cee2a11,Nickel,Nickel,0,0.5260364575497222,125b,125b
9f5cee2a11,a3b1085bea,Nickel,Nickel,0,0.5260922980521126,125b,125b
a3b1085bea,3443ea5ba5,Nickel,Nickel,0,0.5135113240291277,125b,125b
3443ea5ba5,a3b1085bea,Nickel,Nickel,0,0.5136288429807739,125b,125b
a3b1085bea,fa6595462f,Nickel,Nickel,0,0.5731167639579271,125b,125b
fa6595462f,a3b1085bea,Nickel,Nickel,0,0.5754177574069212,125b,125b
a3b1085bea,d469fc3f70,Nickel,Nickel,0,0.5688715097712342,125b,125b
d469fc3f70,a3b1085bea,Nickel,Nickel,0,0.5688051593197891,125b,125b
a3b1085bea,0e45ff7118,Nickel,Nickel,0,0.5006171948402305,125b,125b
0e45ff7118,a3b1085bea,Nickel,Nickel,0,0.4997959986116056,125b,125b
a3b1085bea,a80b46b6d1,Nickel,Nickel,0,0.7204523792399254,125b,125b
a80b46b6d1,a3b1085bea,Nickel,Nickel,0,0.7200796434648679,125b,125b
a3b1085bea,1ed3442cfa,Nickel,Nickel,0,0.5204187162872793,125b,125b
1ed3442cfa,a3b1085bea,Nickel,Nickel,0,0.5218149863066011,125b,125b
a3b1085bea,db4804f266,Nickel,Nickel,0,0.6115316487796219,125b,125b
db4804f266,a3b1085bea,Nickel,Nickel,0,0.6116451489968021,125b,125b
a3b1085bea,bf77a5ca9b,Nickel,Nickel,0,0.6433962213144064,125b,125b
bf77a5ca9b,a3b1085bea,Nickel,Nickel,0,0.6436112619310156,125b,125b
a3b1085bea,13189e401d,Nickel,Nickel,0,0.6449917118363458,125b,125b
13189e401d,a3b1085bea,Nickel,Nickel,0,0.6449917118363456,125b,125b
a3b1085bea,d5070cee0f,Nickel,Nickel,0,0.4457781005980357,125b,125b
d5070cee0f,a3b1085bea,Nickel,Nickel,0,0.4482474666342849,125b,125b
a3b1085bea,27c44d34a4,Nickel,Nickel,0,0.5197868961909239,125b,125b
27c44d34a4,a3b1085bea,Nickel,Nickel,0,0.5195502894620523,125b,125b
a3b1085bea,4e0193ff9e,Nickel,Nickel,0,0.6974976060493022,125b,125b
4e0193ff9e,a3b1085bea,Nickel,Nickel,0,0.698549338147485,125b,125b
a3b1085bea,3c6819beb9,Nickel,Nickel,0,0.5691862935145108,125b,125b
3c6819beb9,a3b1085bea,Nickel,Nickel,0,0.568690842248781,125b,125b
a3b1085bea,3a2a75a851,Nickel,Nickel,0,0.5577278344522822,125b,125b
3a2a75a851,a3b1085bea,Nickel,Nickel,0,0.5626547718981033,125b,125b
a3b1085bea,0d991a198f,Nickel,Nickel,0,0.6620417444208785,125b,125b
0d991a198f,a3b1085bea,Nickel,Nickel,0,0.6620417444208784,125b,125b
f366f00cde,81bb3cb084,Nickel,Nickel,0,0.44123239082137156,125b,125b
81bb3cb084,f366f00cde,Nickel,Nickel,0,0.4406878050291152,125b,125b
f366f00cde,326bd7053d,Nickel,Nickel,0,0.6526315095197577,125b,125b
326bd7053d,f366f00cde,Nickel,Nickel,0,0.6532594255220123,125b,125b
f366f00cde,867e742682,Nickel,Nickel,0,0.5414764843419763,125b,125b
867e742682,f366f00cde,Nickel,Nickel,0,0.5416219735625634,125b,125b
f366f00cde,9c6504e345,Nickel,Nickel,0,0.667939677906816,125b,125b
9c6504e345,f366f00cde,Nickel,Nickel,0,0.667915717273256,125b,125b
f366f00cde,27c03bf211,Nickel,Nickel,0,0.5473851684481332,125b,125b
27c03bf211,f366f00cde,Nickel,Nickel,0,0.5484941746413847,125b,125b
f366f00cde,ef85c2ef6b,Nickel,Nickel,0,0.5453565256536862,125b,125b
ef85c2ef6b,f366f00cde,Nickel,Nickel,0,0.5439308585739577,125b,125b
f366f00cde,9b00c4c264,Nickel,Nickel,0,0.7022841961581828,125b,125b
9b00c4c264,f366f00cde,Nickel,Nickel,0,0.7019249100778243,125b,125b
f366f00cde,93f6afc25d,Nickel,Nickel,0,0.3577761591948642,125b,125b
93f6afc25d,f366f00cde,Nickel,Nickel,0,0.35788979664486686,125b,125b
f366f00cde,a54ce43a84,Nickel,Nickel,0,0.5741297741576679,125b,125b
a54ce43a84,f366f00cde,Nickel,Nickel,0,0.5745999970799653,125b,125b
f366f00cde,218ae10a65,Nickel,Nickel,0,0.48604065834021,125b,125b
218ae10a65,f366f00cde,Nickel,Nickel,0,0.4856877398340479,125b,125b
f366f00cde,9645e12969,Nickel,Nickel,0,0.4764157906121634,125b,125b
9645e12969,f366f00cde,Nickel,Nickel,0,0.4764157906121633,125b,125b
f366f00cde,0db08b7f9e,Nickel,Nickel,0,0.6773819086131474,125b,125b
0db08b7f9e,f366f00cde,Nickel,Nickel,0,0.6776394876566131,125b,125b
f366f00cde,fc6e345a87,Nickel,Nickel,0,0.4306917508504973,125b,125b
fc6e345a87,f366f00cde,Nickel,Nickel,0,0.430740055168501,125b,125b
f366f00cde,5187134316,Nickel,Nickel,0,0.538820165521344,125b,125b
5187134316,f366f00cde,Nickel,Nickel,0,0.5390707656956807,125b,125b
f366f00cde,9fbbe4fcae,Nickel,Nickel,0,0.6632858772232233,125b,125b
9fbbe4fcae,f366f00cde,Nickel,Nickel,0,0.6631123016480748,125b,125b
f366f00cde,744a7e7690,Nickel,Nickel,0,0.45063694368879015,125b,125b
744a7e7690,f366f00cde,Nickel,Nickel,0,0.45063694368878987,125b,125b
f366f00cde,9f5cee2a11,Nickel,Nickel,0,0.46680250765157294,125b,125b
9f5cee2a11,f366f00cde,Nickel,Nickel,0,0.4670443585807458,125b,125b
f366f00cde,3443ea5ba5,Nickel,Nickel,0,0.5268887856188079,125b,125b
3443ea5ba5,f366f00cde,Nickel,Nickel,0,0.5269422080504846,125b,125b
f366f00cde,fa6595462f,Nickel,Nickel,0,0.5847516917640682,125b,125b
fa6595462f,f366f00cde,Nickel,Nickel,0,0.5843839582173915,125b,125b
f366f00cde,d469fc3f70,Nickel,Nickel,0,0.5445716620427847,125b,125b
d469fc3f70,f366f00cde,Nickel,Nickel,0,0.5445712380394165,125b,125b
f366f00cde,0e45ff7118,Nickel,Nickel,0,0.5629959364278249,125b,125b
0e45ff7118,f366f00cde,Nickel,Nickel,0,0.562995936427825,125b,125b
f366f00cde,a80b46b6d1,Nickel,Nickel,0,0.8072101938588159,125b,125b
a80b46b6d1,f366f00cde,Nickel,Nickel,0,0.8071987715013867,125b,125b
f366f00cde,1ed3442cfa,Nickel,Nickel,0,0.4943015717054401,125b,125b
1ed3442cfa,f366f00cde,Nickel,Nickel,0,0.4943015717054401,125b,125b
f366f00cde,db4804f266,Nickel,Nickel,0,0.5744308171327828,125b,125b
db4804f266,f366f00cde,Nickel,Nickel,0,0.5726754860823355,125b,125b
f366f00cde,bf77a5ca9b,Nickel,Nickel,0,0.5464725484711123,125b,125b
bf77a5ca9b,f366f00cde,Nickel,Nickel,0,0.5467323627285021,125b,125b
f366f00cde,13189e401d,Nickel,Nickel,0,0.6288100992521435,125b,125b
13189e401d,f366f00cde,Nickel,Nickel,0,0.6286274729577487,125b,125b
f366f00cde,d5070cee0f,Nickel,Nickel,0,0.6147903552292842,125b,125b
d5070cee0f,f366f00cde,Nickel,Nickel,0,0.6149654138699046,125b,125b
f366f00cde,27c44d34a4,Nickel,Nickel,0,0.7792809921527262,125b,125b
27c44d34a4,f366f00cde,Nickel,Nickel,0,0.7781485114465803,125b,125b
f366f00cde,4e0193ff9e,Nickel,Nickel,0,0.5056020872991278,125b,125b
4e0193ff9e,f366f00cde,Nickel,Nickel,0,0.5060802395304974,125b,125b
f366f00cde,3c6819beb9,Nickel,Nickel,0,0.4626349231906993,125b,125b
3c6819beb9,f366f00cde,Nickel,Nickel,0,0.4624900046825116,125b,125b
f366f00cde,3a2a75a851,Nickel,Nickel,0,0.4176688584968218,125b,125b
3a2a75a851,f366f00cde,Nickel,Nickel,0,0.4172965560183214,125b,125b
f366f00cde,0d991a198f,Nickel,Nickel,0,0.7053378591419712,125b,125b
0d991a198f,f366f00cde,Nickel,Nickel,0,0.7053378591419713,125b,125b
81bb3cb084,326bd7053d,Nickel,Nickel,0,0.6511423963789962,125b,125b
326bd7053d,81bb3cb084,Nickel,Nickel,0,0.651029508792253,125b,125b
81bb3cb084,867e742682,Nickel,Nickel,0,0.5559157151086376,125b,125b
867e742682,81bb3cb084,Nickel,Nickel,0,0.5556595099867739,125b,125b
81bb3cb084,9c6504e345,Nickel,Nickel,0,0.5918626112611929,125b,125b
9c6504e345,81bb3cb084,Nickel,Nickel,0,0.592527270940698,125b,125b
81bb3cb084,27c03bf211,Nickel,Nickel,0,0.43251920912226716,125b,125b
27c03bf211,81bb3cb084,Nickel,Nickel,0,0.43309892573208825,125b,125b
81bb3cb084,ef85c2ef6b,Nickel,Nickel,0,0.5757549799873198,125b,125b
ef85c2ef6b,81bb3cb084,Nickel,Nickel,0,0.5757549799873198,125b,125b
81bb3cb084,9b00c4c264,Nickel,Nickel,0,0.5980539818553241,125b,125b
9b00c4c264,81bb3cb084,Nickel,Nickel,0,0.5982950143925675,125b,125b
81bb3cb084,93f6afc25d,Nickel,Nickel,0,0.4905762914211069,125b,125b
93f6afc25d,81bb3cb084,Nickel,Nickel,0,0.5392231019871377,125b,125b
81bb3cb084,a54ce43a84,Nickel,Nickel,0,0.5296156018256792,125b,125b
a54ce43a84,81bb3cb084,Nickel,Nickel,0,0.5289584427374157,125b,125b
81bb3cb084,218ae10a65,Nickel,Nickel,0,0.535872186569507,125b,125b
218ae10a65,81bb3cb084,Nickel,Nickel,0,0.536207227869587,125b,125b
81bb3cb084,9645e12969,Nickel,Nickel,0,0.654470708730833,125b,125b
9645e12969,81bb3cb084,Nickel,Nickel,0,0.5957764135355458,125b,125b
81bb3cb084,0db08b7f9e,Nickel,Nickel,0,0.5179805023662979,125b,125b
0db08b7f9e,81bb3cb084,Nickel,Nickel,0,0.5184169220626469,125b,125b
81bb3cb084,fc6e345a87,Nickel,Nickel,0,0.39561347062313973,125b,125b
fc6e345a87,81bb3cb084,Nickel,Nickel,0,0.39566816922556475,125b,125b
81bb3cb084,5187134316,Nickel,Nickel,0,0.588250869146811,125b,125b
5187134316,81bb3cb084,Nickel,Nickel,0,0.5884187186399193,125b,125b
81bb3cb084,9fbbe4fcae,Nickel,Nickel,0,0.6808123627971862,125b,125b
9fbbe4fcae,81bb3cb084,Nickel,Nickel,0,0.6800114015421623,125b,125b
81bb3cb084,744a7e7690,Nickel,Nickel,0,0.5150514200050202,125b,125b
744a7e7690,81bb3cb084,Nickel,Nickel,0,0.5211905907791865,125b,125b
81bb3cb084,9f5cee2a11,Nickel,Nickel,0,0.552135975851392,125b,125b
9f5cee2a11,81bb3cb084,Nickel,Nickel,0,0.5481455417778697,125b,125b
81bb3cb084,3443ea5ba5,Nickel,Nickel,0,0.39334709655664535,125b,125b
3443ea5ba5,81bb3cb084,Nickel,Nickel,0,0.39237536705369036,125b,125b
81bb3cb084,fa6595462f,Nickel,Nickel,0,0.5267186610714217,125b,125b
fa6595462f,81bb3cb084,Nickel,Nickel,0,0.5280809030778255,125b,125b
81bb3cb084,d469fc3f70,Nickel,Nickel,0,0.5283780348877782,125b,125b
d469fc3f70,81bb3cb084,Nickel,Nickel,0,0.5112926778704755,125b,125b
81bb3cb084,0e45ff7118,Nickel,Nickel,0,0.5186849444471939,125b,125b
0e45ff7118,81bb3cb084,Nickel,Nickel,0,0.5186926127853367,125b,125b
81bb3cb084,a80b46b6d1,Nickel,Nickel,0,0.49303850766653906,125b,125b
a80b46b6d1,81bb3cb084,Nickel,Nickel,0,0.492729711967996,125b,125b
81bb3cb084,1ed3442cfa,Nickel,Nickel,0,0.4908489929099638,125b,125b
1ed3442cfa,81bb3cb084,Nickel,Nickel,0,0.4908335243221448,125b,125b
81bb3cb084,db4804f266,Nickel,Nickel,0,0.6781530542913639,125b,125b
db4804f266,81bb3cb084,Nickel,Nickel,0,0.678251902378841,125b,125b
81bb3cb084,bf77a5ca9b,Nickel,Nickel,0,0.5788957078072413,125b,125b
bf77a5ca9b,81bb3cb084,Nickel,Nickel,0,0.5787140255929232,125b,125b
81bb3cb084,13189e401d,Nickel,Nickel,0,0.837746043827038,125b,125b
13189e401d,81bb3cb084,Nickel,Nickel,0,0.8377193878267643,125b,125b
81bb3cb084,d5070cee0f,Nickel,Nickel,0,0.567217669772539,125b,125b
d5070cee0f,81bb3cb084,Nickel,Nickel,0,0.5671347071436079,125b,125b
81bb3cb084,27c44d34a4,Nickel,Nickel,0,0.6146659096717505,125b,125b
27c44d34a4,81bb3cb084,Nickel,Nickel,0,0.6139992960928926,125b,125b
81bb3cb084,4e0193ff9e,Nickel,Nickel,0,0.4980893503328234,125b,125b
4e0193ff9e,81bb3cb084,Nickel,Nickel,0,0.49832530584383394,125b,125b
81bb3cb084,3c6819beb9,Nickel,Nickel,0,0.565776386120318,125b,125b
3c6819beb9,81bb3cb084,Nickel,Nickel,0,0.565630590296531,125b,125b
81bb3cb084,3a2a75a851,Nickel,Nickel,0,0.5199640742381929,125b,125b
3a2a75a851,81bb3cb084,Nickel,Nickel,0,0.5197722121898665,125b,125b
81bb3cb084,0d991a198f,Nickel,Nickel,0,0.49309570951055876,125b,125b
0d991a198f,81bb3cb084,Nickel,Nickel,0,0.4927914521525481,125b,125b
326bd7053d,867e742682,Nickel,Nickel,0,0.5319484266931306,125b,125b
867e742682,326bd7053d,Nickel,Nickel,0,0.532490473392127,125b,125b
326bd7053d,9c6504e345,Nickel,Nickel,0,0.8051062118297191,125b,125b
9c6504e345,326bd7053d,Nickel,Nickel,0,0.8049141244386298,125b,125b
326bd7053d,27c03bf211,Nickel,Nickel,0,0.43540574353166567,125b,125b
27c03bf211,326bd7053d,Nickel,Nickel,0,0.43703035497511983,125b,125b
326bd7053d,ef85c2ef6b,Nickel,Nickel,0,0.7043968523204294,125b,125b
ef85c2ef6b,326bd7053d,Nickel,Nickel,0,0.7039590700365258,125b,125b
326bd7053d,9b00c4c264,Nickel,Nickel,0,0.6321657560247723,125b,125b
9b00c4c264,326bd7053d,Nickel,Nickel,0,0.6322345779807823,125b,125b
326bd7053d,93f6afc25d,Nickel,Nickel,0,0.5272307738709627,125b,125b
93f6afc25d,326bd7053d,Nickel,Nickel,0,0.5278813778649776,125b,125b
326bd7053d,a54ce43a84,Nickel,Nickel,0,0.576303340376058,125b,125b
a54ce43a84,326bd7053d,Nickel,Nickel,0,0.5766410978884084,125b,125b
326bd7053d,218ae10a65,Nickel,Nickel,0,0.4638753321619887,125b,125b
218ae10a65,326bd7053d,Nickel,Nickel,0,0.4636532224288983,125b,125b
326bd7053d,9645e12969,Nickel,Nickel,0,0.42424942000209503,125b,125b
9645e12969,326bd7053d,Nickel,Nickel,0,0.42439733316787576,125b,125b
326bd7053d,0db08b7f9e,Nickel,Nickel,0,0.6157263032780784,125b,125b
0db08b7f9e,326bd7053d,Nickel,Nickel,0,0.6153107724363921,125b,125b
326bd7053d,fc6e345a87,Nickel,Nickel,0,0.49186904669480086,125b,125b
fc6e345a87,326bd7053d,Nickel,Nickel,0,0.49489270787447537,125b,125b
326bd7053d,5187134316,Nickel,Nickel,0,0.7022253696215708,125b,125b
5187134316,326bd7053d,Nickel,Nickel,0,0.7038427004240366,125b,125b
326bd7053d,9fbbe4fcae,Nickel,Nickel,0,0.6850226534871782,125b,125b
9fbbe4fcae,326bd7053d,Nickel,Nickel,0,0.6820507256527663,125b,125b
326bd7053d,744a7e7690,Nickel,Nickel,0,0.6771203808241982,125b,125b
744a7e7690,326bd7053d,Nickel,Nickel,0,0.6766912859966827,125b,125b
326bd7053d,9f5cee2a11,Nickel,Nickel,0,0.6585387389092809,125b,125b
9f5cee2a11,326bd7053d,Nickel,Nickel,0,0.6589737275925808,125b,125b
326bd7053d,3443ea5ba5,Nickel,Nickel,0,0.3648175927694115,125b,125b
3443ea5ba5,326bd7053d,Nickel,Nickel,0,0.3648175927694114,125b,125b
326bd7053d,fa6595462f,Nickel,Nickel,0,0.6809923912750124,125b,125b
fa6595462f,326bd7053d,Nickel,Nickel,0,0.6810053151596364,125b,125b
326bd7053d,d469fc3f70,Nickel,Nickel,0,0.6850261555825895,125b,125b
d469fc3f70,326bd7053d,Nickel,Nickel,0,0.6839524471596637,125b,125b
326bd7053d,0e45ff7118,Nickel,Nickel,0,0.6325666287635932,125b,125b
0e45ff7118,326bd7053d,Nickel,Nickel,0,0.6314574476689622,125b,125b
326bd7053d,a80b46b6d1,Nickel,Nickel,0,0.7412379154393353,125b,125b
a80b46b6d1,326bd7053d,Nickel,Nickel,0,0.742173054245476,125b,125b
326bd7053d,1ed3442cfa,Nickel,Nickel,0,0.6412217279725175,125b,125b
1ed3442cfa,326bd7053d,Nickel,Nickel,0,0.6411391263466149,125b,125b
326bd7053d,db4804f266,Nickel,Nickel,0,0.7179011777319388,125b,125b
db4804f266,326bd7053d,Nickel,Nickel,0,0.7171180295514132,125b,125b
326bd7053d,bf77a5ca9b,Nickel,Nickel,0,0.6012512996241519,125b,125b
bf77a5ca9b,326bd7053d,Nickel,Nickel,0,0.601498114050369,125b,125b
326bd7053d,13189e401d,Nickel,Nickel,0,0.6656979910373138,125b,125b
13189e401d,326bd7053d,Nickel,Nickel,0,0.665770496092682,125b,125b
326bd7053d,d5070cee0f,Nickel,Nickel,0,0.5693497459670664,125b,125b
d5070cee0f,326bd7053d,Nickel,Nickel,0,0.5692782927017486,125b,125b
326bd7053d,27c44d34a4,Nickel,Nickel,0,0.7603052018501582,125b,125b
27c44d34a4,326bd7053d,Nickel,Nickel,0,0.7591536731798177,125b,125b
326bd7053d,4e0193ff9e,Nickel,Nickel,0,0.41000341200810375,125b,125b
4e0193ff9e,326bd7053d,Nickel,Nickel,0,0.40979525240605014,125b,125b
326bd7053d,3c6819beb9,Nickel,Nickel,0,0.5268250965784521,125b,125b
3c6819beb9,326bd7053d,Nickel,Nickel,0,0.526816921215976,125b,125b
326bd7053d,3a2a75a851,Nickel,Nickel,0,0.6877945064527282,125b,125b
3a2a75a851,326bd7053d,Nickel,Nickel,0,0.6877911289927907,125b,125b
326bd7053d,0d991a198f,Nickel,Nickel,0,0.7151870681821441,125b,125b
0d991a198f,326bd7053d,Nickel,Nickel,0,0.7153605448201791,125b,125b
867e742682,9c6504e345,Nickel,Nickel,0,0.48440448227811816,125b,125b
9c6504e345,867e742682,Nickel,Nickel,0,0.48434861290851255,125b,125b
867e742682,ef85c2ef6b,Nickel,Nickel,0,0.5190199356489408,125b,125b
ef85c2ef6b,867e742682,Nickel,Nickel,0,0.5190221967729756,125b,125b
867e742682,9b00c4c264,Nickel,Nickel,0,0.6439378930391314,125b,125b
9b00c4c264,867e742682,Nickel,Nickel,0,0.6437322665494362,125b,125b
867e742682,218ae10a65,Nickel,Nickel,0,0.8207533851681033,125b,125b
218ae10a65,867e742682,Nickel,Nickel,0,0.7915299532471699,125b,125b
867e742682,9645e12969,Nickel,Nickel,0,0.45404525239412685,125b,125b
9645e12969,867e742682,Nickel,Nickel,0,0.46740588099364705,125b,125b
867e742682,fc6e345a87,Nickel,Nickel,0,0.47790540923373,125b,125b
fc6e345a87,867e742682,Nickel,Nickel,0,0.47681249287101546,125b,125b
867e742682,5187134316,Nickel,Nickel,0,0.6185810791209123,125b,125b
5187134316,867e742682,Nickel,Nickel,0,0.618394068313493,125b,125b
867e742682,9fbbe4fcae,Nickel,Nickel,0,0.6243420640778308,125b,125b
9fbbe4fcae,867e742682,Nickel,Nickel,0,0.6239669780254463,125b,125b
867e742682,3443ea5ba5,Nickel,Nickel,0,0.5402925729095911,125b,125b
3443ea5ba5,867e742682,Nickel,Nickel,0,0.5402747866837317,125b,125b
867e742682,fa6595462f,Nickel,Nickel,0,0.4520817604572708,125b,125b
fa6595462f,867e742682,Nickel,Nickel,0,0.45215534682745767,125b,125b
867e742682,d469fc3f70,Nickel,Nickel,0,0.5415513232387529,125b,125b
d469fc3f70,867e742682,Nickel,Nickel,0,0.5415513232387523,125b,125b
867e742682,0e45ff7118,Nickel,Nickel,0,0.5181324788207787,125b,125b
0e45ff7118,867e742682,Nickel,Nickel,0,0.5176248641429474,125b,125b
867e742682,a80b46b6d1,Nickel,Nickel,0,0.6036749017850085,125b,125b
a80b46b6d1,867e742682,Nickel,Nickel,0,0.6032422129953603,125b,125b
867e742682,db4804f266,Nickel,Nickel,0,0.5219413530547665,125b,125b
db4804f266,867e742682,Nickel,Nickel,0,0.5229341530458735,125b,125b
867e742682,bf77a5ca9b,Nickel,Nickel,0,0.5945680887905228,125b,125b
bf77a5ca9b,867e742682,Nickel,Nickel,0,0.5947705266495795,125b,125b
867e742682,13189e401d,Nickel,Nickel,0,0.6600580804302528,125b,125b
13189e401d,867e742682,Nickel,Nickel,0,0.6596265755721468,125b,125b
867e742682,27c44d34a4,Nickel,Nickel,0,0.5902146961624426,125b,125b
27c44d34a4,867e742682,Nickel,Nickel,0,0.5902146961624427,125b,125b
867e742682,3c6819beb9,Nickel,Nickel,0,0.5307760406515344,125b,125b
3c6819beb9,867e742682,Nickel,Nickel,0,0.530791632352193,125b,125b
867e742682,3a2a75a851,Nickel,Nickel,0,0.47840183793682506,125b,125b
3a2a75a851,867e742682,Nickel,Nickel,0,0.4781888705871823,125b,125b
867e742682,0d991a198f,Nickel,Nickel,0,0.6492732618206515,125b,125b
0d991a198f,867e742682,Nickel,Nickel,0,0.6492279237807674,125b,125b
9c6504e345,27c03bf211,Nickel,Nickel,0,0.6185652838195768,125b,125b
27c03bf211,9c6504e345,Nickel,Nickel,0,0.6183940333440905,125b,125b
9c6504e345,ef85c2ef6b,Nickel,Nickel,0,0.6740681406463782,125b,125b
ef85c2ef6b,9c6504e345,Nickel,Nickel,0,0.6728020891234952,125b,125b
9c6504e345,9b00c4c264,Nickel,Nickel,0,0.7442464529748845,125b,125b
9b00c4c264,9c6504e345,Nickel,Nickel,0,0.7442464529748847,125b,125b
9c6504e345,93f6afc25d,Nickel,Nickel,0,0.5454918391242116,125b,125b
93f6afc25d,9c6504e345,Nickel,Nickel,0,0.5455161927770952,125b,125b
9c6504e345,a54ce43a84,Nickel,Nickel,0,0.5390462916151888,125b,125b
a54ce43a84,9c6504e345,Nickel,Nickel,0,0.53915193194298,125b,125b
9c6504e345,218ae10a65,Nickel,Nickel,0,0.6830140763908997,125b,125b
218ae10a65,9c6504e345,Nickel,Nickel,0,0.6756876486365094,125b,125b
9c6504e345,9645e12969,Nickel,Nickel,0,0.5971367851611727,125b,125b
9645e12969,9c6504e345,Nickel,Nickel,0,0.5972714228126702,125b,125b
9c6504e345,0db08b7f9e,Nickel,Nickel,0,0.4544336547164166,125b,125b
0db08b7f9e,9c6504e345,Nickel,Nickel,0,0.4543669259544165,125b,125b
9c6504e345,fc6e345a87,Nickel,Nickel,0,0.42243152584248095,125b,125b
fc6e345a87,9c6504e345,Nickel,Nickel,0,0.4224315258424809,125b,125b
9c6504e345,5187134316,Nickel,Nickel,0,0.6482267644186183,125b,125b
5187134316,9c6504e345,Nickel,Nickel,0,0.6484994298411023,125b,125b
9c6504e345,9fbbe4fcae,Nickel,Nickel,0,0.7221229874840261,125b,125b
9fbbe4fcae,9c6504e345,Nickel,Nickel,0,0.721982171260683,125b,125b
9c6504e345,744a7e7690,Nickel,Nickel,0,0.4567114524290976,125b,125b
744a7e7690,9c6504e345,Nickel,Nickel,0,0.45623499430721687,125b,125b
9c6504e345,9f5cee2a11,Nickel,Nickel,0,0.6102324695703865,125b,125b
9f5cee2a11,9c6504e345,Nickel,Nickel,0,0.6109957812346608,125b,125b
9c6504e345,3443ea5ba5,Nickel,Nickel,0,0.6047580723979442,125b,125b
3443ea5ba5,9c6504e345,Nickel,Nickel,0,0.6047580723979443,125b,125b
9c6504e345,fa6595462f,Nickel,Nickel,0,0.5543688710140954,125b,125b
fa6595462f,9c6504e345,Nickel,Nickel,0,0.5551990378283416,125b,125b
9c6504e345,d469fc3f70,Nickel,Nickel,0,0.6010669186603068,125b,125b
d469fc3f70,9c6504e345,Nickel,Nickel,0,0.6006069210857484,125b,125b
9c6504e345,0e45ff7118,Nickel,Nickel,0,0.7601441592974006,125b,125b
0e45ff7118,9c6504e345,Nickel,Nickel,0,0.7604555788723141,125b,125b
9c6504e345,a80b46b6d1,Nickel,Nickel,0,0.695862937165365,125b,125b
a80b46b6d1,9c6504e345,Nickel,Nickel,0,0.6969351534090062,125b,125b
9c6504e345,1ed3442cfa,Nickel,Nickel,0,0.5508182684255712,125b,125b
1ed3442cfa,9c6504e345,Nickel,Nickel,0,0.5506559259267545,125b,125b
9c6504e345,db4804f266,Nickel,Nickel,0,0.6421141524002386,125b,125b
db4804f266,9c6504e345,Nickel,Nickel,0,0.6419647946437039,125b,125b
9c6504e345,bf77a5ca9b,Nickel,Nickel,0,0.5174754681930587,125b,125b
bf77a5ca9b,9c6504e345,Nickel,Nickel,0,0.517691060896953,125b,125b
9c6504e345,13189e401d,Nickel,Nickel,0,0.636488633808826,125b,125b
13189e401d,9c6504e345,Nickel,Nickel,0,0.6361060573487901,125b,125b
9c6504e345,d5070cee0f,Nickel,Nickel,0,0.7028744163987276,125b,125b
d5070cee0f,9c6504e345,Nickel,Nickel,0,0.7027230676660406,125b,125b
9c6504e345,27c44d34a4,Nickel,Nickel,0,0.7392206639411438,125b,125b
27c44d34a4,9c6504e345,Nickel,Nickel,0,0.7393870977153589,125b,125b
9c6504e345,4e0193ff9e,Nickel,Nickel,0,0.5272825413972873,125b,125b
4e0193ff9e,9c6504e345,Nickel,Nickel,0,0.5271967459586571,125b,125b
9c6504e345,3c6819beb9,Nickel,Nickel,0,0.5233826020473772,125b,125b
3c6819beb9,9c6504e345,Nickel,Nickel,0,0.5235938922478875,125b,125b
9c6504e345,3a2a75a851,Nickel,Nickel,0,0.5561404480370659,125b,125b
3a2a75a851,9c6504e345,Nickel,Nickel,0,0.5562779316097304,125b,125b
9c6504e345,0d991a198f,Nickel,Nickel,0,0.5094427454253011,125b,125b
0d991a198f,9c6504e345,Nickel,Nickel,0,0.5085037504198013,125b,125b
27c03bf211,ef85c2ef6b,Nickel,Nickel,0,0.6644694883239689,125b,125b
ef85c2ef6b,27c03bf211,Nickel,Nickel,0,0.6629057225147544,125b,125b
27c03bf211,9b00c4c264,Nickel,Nickel,0,0.5563644696603841,125b,125b
9b00c4c264,27c03bf211,Nickel,Nickel,0,0.5554844940271506,125b,125b
27c03bf211,218ae10a65,Nickel,Nickel,0,0.6629096680996559,125b,125b
218ae10a65,27c03bf211,Nickel,Nickel,0,0.6629741027241765,125b,125b
27c03bf211,9645e12969,Nickel,Nickel,0,0.45254786980800576,125b,125b
9645e12969,27c03bf211,Nickel,Nickel,0,0.4528529026444836,125b,125b
27c03bf211,fc6e345a87,Nickel,Nickel,0,0.4941018404485843,125b,125b
fc6e345a87,27c03bf211,Nickel,Nickel,0,0.4941659740193969,125b,125b
27c03bf211,5187134316,Nickel,Nickel,0,0.7299781735030654,125b,125b
5187134316,27c03bf211,Nickel,Nickel,0,0.7303106971102968,125b,125b
27c03bf211,9fbbe4fcae,Nickel,Nickel,0,0.6742374240610415,125b,125b
9fbbe4fcae,27c03bf211,Nickel,Nickel,0,0.6733066364457702,125b,125b
27c03bf211,3443ea5ba5,Nickel,Nickel,0,0.6309927363879717,125b,125b
3443ea5ba5,27c03bf211,Nickel,Nickel,0,0.6305076942480224,125b,125b
27c03bf211,fa6595462f,Nickel,Nickel,0,0.5615511127442409,125b,125b
fa6595462f,27c03bf211,Nickel,Nickel,0,0.561138130984025,125b,125b
27c03bf211,d469fc3f70,Nickel,Nickel,0,0.4391220284767485,125b,125b
d469fc3f70,27c03bf211,Nickel,Nickel,0,0.4390226063692045,125b,125b
27c03bf211,0e45ff7118,Nickel,Nickel,0,0.4735953251486534,125b,125b
0e45ff7118,27c03bf211,Nickel,Nickel,0,0.47342405389152203,125b,125b
27c03bf211,a80b46b6d1,Nickel,Nickel,0,0.6237208046191842,125b,125b
a80b46b6d1,27c03bf211,Nickel,Nickel,0,0.6237520644487083,125b,125b
27c03bf211,db4804f266,Nickel,Nickel,0,0.47724081323024065,125b,125b
db4804f266,27c03bf211,Nickel,Nickel,0,0.4774800289706244,125b,125b
27c03bf211,bf77a5ca9b,Nickel,Nickel,0,0.48571640886588774,125b,125b
bf77a5ca9b,27c03bf211,Nickel,Nickel,0,0.4857164088658878,125b,125b
27c03bf211,13189e401d,Nickel,Nickel,0,0.6665260545547198,125b,125b
13189e401d,27c03bf211,Nickel,Nickel,0,0.6758673388891503,125b,125b
27c03bf211,27c44d34a4,Nickel,Nickel,0,0.38598194688152676,125b,125b
27c44d34a4,27c03bf211,Nickel,Nickel,0,0.3837913819541121,125b,125b
27c03bf211,3c6819beb9,Nickel,Nickel,0,0.5739653399214826,125b,125b
3c6819beb9,27c03bf211,Nickel,Nickel,0,0.5738002367574276,125b,125b
27c03bf211,3a2a75a851,Nickel,Nickel,0,0.6128595490358408,125b,125b
3a2a75a851,27c03bf211,Nickel,Nickel,0,0.6128595490358408,125b,125b
27c03bf211,0d991a198f,Nickel,Nickel,0,0.5957210731440905,125b,125b
0d991a198f,27c03bf211,Nickel,Nickel,0,0.5940035772147628,125b,125b
ef85c2ef6b,9b00c4c264,Nickel,Nickel,0,0.4693931508837254,125b,125b
9b00c4c264,ef85c2ef6b,Nickel,Nickel,0,0.469129973041308,125b,125b
ef85c2ef6b,93f6afc25d,Nickel,Nickel,0,0.4497331586220943,125b,125b
93f6afc25d,ef85c2ef6b,Nickel,Nickel,0,0.4702631704770117,125b,125b
ef85c2ef6b,a54ce43a84,Nickel,Nickel,0,0.5391209221113793,125b,125b
a54ce43a84,ef85c2ef6b,Nickel,Nickel,0,0.5392125333100682,125b,125b
ef85c2ef6b,218ae10a65,Nickel,Nickel,0,0.4432672271451405,125b,125b
218ae10a65,ef85c2ef6b,Nickel,Nickel,0,0.528822533231871,125b,125b
ef85c2ef6b,9645e12969,Nickel,Nickel,0,0.4691437705015208,125b,125b
9645e12969,ef85c2ef6b,Nickel,Nickel,0,0.46931009252055855,125b,125b
ef85c2ef6b,0db08b7f9e,Nickel,Nickel,0,0.4621052630036482,125b,125b
0db08b7f9e,ef85c2ef6b,Nickel,Nickel,0,0.46192557585577787,125b,125b
ef85c2ef6b,fc6e345a87,Nickel,Nickel,0,0.38321868162779765,125b,125b
fc6e345a87,ef85c2ef6b,Nickel,Nickel,0,0.383059125476689,125b,125b
ef85c2ef6b,5187134316,Nickel,Nickel,0,0.5272947539854618,125b,125b
5187134316,ef85c2ef6b,Nickel,Nickel,0,0.5274028298697264,125b,125b
ef85c2ef6b,9fbbe4fcae,Nickel,Nickel,0,0.6983786110552287,125b,125b
9fbbe4fcae,ef85c2ef6b,Nickel,Nickel,0,0.697857994945274,125b,125b
ef85c2ef6b,744a7e7690,Nickel,Nickel,0,0.5957200351461143,125b,125b
744a7e7690,ef85c2ef6b,Nickel,Nickel,0,0.5958303138682175,125b,125b
ef85c2ef6b,9f5cee2a11,Nickel,Nickel,0,0.5708396652574648,125b,125b
9f5cee2a11,ef85c2ef6b,Nickel,Nickel,0,0.5711936745212026,125b,125b
ef85c2ef6b,3443ea5ba5,Nickel,Nickel,0,0.5774692242900286,125b,125b
3443ea5ba5,ef85c2ef6b,Nickel,Nickel,0,0.5774289730177539,125b,125b
ef85c2ef6b,fa6595462f,Nickel,Nickel,0,0.6479887554037467,125b,125b
fa6595462f,ef85c2ef6b,Nickel,Nickel,0,0.647816000413176,125b,125b
ef85c2ef6b,d469fc3f70,Nickel,Nickel,0,0.5297042181357984,125b,125b
d469fc3f70,ef85c2ef6b,Nickel,Nickel,0,0.5294953418311285,125b,125b
ef85c2ef6b,0e45ff7118,Nickel,Nickel,0,0.6248851193680329,125b,125b
0e45ff7118,ef85c2ef6b,Nickel,Nickel,0,0.624994443979622,125b,125b
ef85c2ef6b,a80b46b6d1,Nickel,Nickel,0,0.626495122233168,125b,125b
a80b46b6d1,ef85c2ef6b,Nickel,Nickel,0,0.6266203644110808,125b,125b
ef85c2ef6b,1ed3442cfa,Nickel,Nickel,0,0.595197556430172,125b,125b
1ed3442cfa,ef85c2ef6b,Nickel,Nickel,0,0.5954682931172928,125b,125b
ef85c2ef6b,db4804f266,Nickel,Nickel,0,0.6265496283017324,125b,125b
db4804f266,ef85c2ef6b,Nickel,Nickel,0,0.6286949784290684,125b,125b
ef85c2ef6b,bf77a5ca9b,Nickel,Nickel,0,0.49211452473206313,125b,125b
bf77a5ca9b,ef85c2ef6b,Nickel,Nickel,0,0.4920620539817247,125b,125b
ef85c2ef6b,13189e401d,Nickel,Nickel,0,0.563652035469106,125b,125b
13189e401d,ef85c2ef6b,Nickel,Nickel,0,0.5639237083405295,125b,125b
ef85c2ef6b,d5070cee0f,Nickel,Nickel,0,0.6883938744434721,125b,125b
d5070cee0f,ef85c2ef6b,Nickel,Nickel,0,0.6888928428720186,125b,125b
ef85c2ef6b,27c44d34a4,Nickel,Nickel,0,0.5055125165201653,125b,125b
27c44d34a4,ef85c2ef6b,Nickel,Nickel,0,0.5055125165201652,125b,125b
ef85c2ef6b,4e0193ff9e,Nickel,Nickel,0,0.709453221776557,125b,125b
4e0193ff9e,ef85c2ef6b,Nickel,Nickel,0,0.7160291057665232,125b,125b
ef85c2ef6b,3c6819beb9,Nickel,Nickel,0,0.5141977184305966,125b,125b
3c6819beb9,ef85c2ef6b,Nickel,Nickel,0,0.5133453100817833,125b,125b
ef85c2ef6b,3a2a75a851,Nickel,Nickel,0,0.6152467948884133,125b,125b
3a2a75a851,ef85c2ef6b,Nickel,Nickel,0,0.6154050086952342,125b,125b
ef85c2ef6b,0d991a198f,Nickel,Nickel,0,0.597975876512617,125b,125b
0d991a198f,ef85c2ef6b,Nickel,Nickel,0,0.598310130966407,125b,125b
9b00c4c264,93f6afc25d,Nickel,Nickel,0,0.6344315582877871,125b,125b
93f6afc25d,9b00c4c264,Nickel,Nickel,0,0.6343540734183176,125b,125b
9b00c4c264,a54ce43a84,Nickel,Nickel,0,0.6199458643260716,125b,125b
a54ce43a84,9b00c4c264,Nickel,Nickel,0,0.6200882653265543,125b,125b
9b00c4c264,218ae10a65,Nickel,Nickel,0,0.5542347422420916,125b,125b
218ae10a65,9b00c4c264,Nickel,Nickel,0,0.5549232745669901,125b,125b
9b00c4c264,9645e12969,Nickel,Nickel,0,0.6567352859801296,125b,125b
9645e12969,9b00c4c264,Nickel,Nickel,0,0.6626835246984508,125b,125b
9b00c4c264,0db08b7f9e,Nickel,Nickel,0,0.5532045226445449,125b,125b
0db08b7f9e,9b00c4c264,Nickel,Nickel,0,0.5525038951681637,125b,125b
9b00c4c264,fc6e345a87,Nickel,Nickel,0,0.62773059737843,125b,125b
fc6e345a87,9b00c4c264,Nickel,Nickel,0,0.6280272201273032,125b,125b
9b00c4c264,5187134316,Nickel,Nickel,0,0.7456671739048106,125b,125b
5187134316,9b00c4c264,Nickel,Nickel,0,0.7452568975989287,125b,125b
9b00c4c264,9fbbe4fcae,Nickel,Nickel,0,0.7178509604155248,125b,125b
9fbbe4fcae,9b00c4c264,Nickel,Nickel,0,0.7178124756766286,125b,125b
9b00c4c264,744a7e7690,Nickel,Nickel,0,0.45599219523074824,125b,125b
744a7e7690,9b00c4c264,Nickel,Nickel,0,0.456101016708076,125b,125b
9b00c4c264,9f5cee2a11,Nickel,Nickel,0,0.6334753980073576,125b,125b
9f5cee2a11,9b00c4c264,Nickel,Nickel,0,0.6345017584047731,125b,125b
9b00c4c264,3443ea5ba5,Nickel,Nickel,0,0.548878212775096,125b,125b
3443ea5ba5,9b00c4c264,Nickel,Nickel,0,0.5485083260380617,125b,125b
9b00c4c264,fa6595462f,Nickel,Nickel,0,0.9061633737852193,125b,125b
fa6595462f,9b00c4c264,Nickel,Nickel,0,0.9060682890550229,125b,125b
9b00c4c264,d469fc3f70,Nickel,Nickel,0,0.5276417539185333,125b,125b
d469fc3f70,9b00c4c264,Nickel,Nickel,0,0.5030236399850307,125b,125b
9b00c4c264,0e45ff7118,Nickel,Nickel,0,0.5219497811533477,125b,125b
0e45ff7118,9b00c4c264,Nickel,Nickel,0,0.520523315597205,125b,125b
9b00c4c264,a80b46b6d1,Nickel,Nickel,0,0.6161769107447854,125b,125b
a80b46b6d1,9b00c4c264,Nickel,Nickel,0,0.6164176665082092,125b,125b
9b00c4c264,1ed3442cfa,Nickel,Nickel,0,0.5715820531530131,125b,125b
1ed3442cfa,9b00c4c264,Nickel,Nickel,0,0.5717363105458511,125b,125b
9b00c4c264,db4804f266,Nickel,Nickel,0,0.6449095807803312,125b,125b
db4804f266,9b00c4c264,Nickel,Nickel,0,0.5398080946726964,125b,125b
9b00c4c264,bf77a5ca9b,Nickel,Nickel,0,0.43875330983070127,125b,125b
bf77a5ca9b,9b00c4c264,Nickel,Nickel,0,0.43911992606073597,125b,125b
9b00c4c264,13189e401d,Nickel,Nickel,0,0.6619539868343959,125b,125b
13189e401d,9b00c4c264,Nickel,Nickel,0,0.6619539868343961,125b,125b
9b00c4c264,d5070cee0f,Nickel,Nickel,0,0.5585523992247108,125b,125b
d5070cee0f,9b00c4c264,Nickel,Nickel,0,0.5586589560844969,125b,125b
9b00c4c264,27c44d34a4,Nickel,Nickel,0,0.6398971990474241,125b,125b
27c44d34a4,9b00c4c264,Nickel,Nickel,0,0.64001070728379,125b,125b
9b00c4c264,4e0193ff9e,Nickel,Nickel,0,0.5275924682677088,125b,125b
4e0193ff9e,9b00c4c264,Nickel,Nickel,0,0.5281563082872514,125b,125b
9b00c4c264,3c6819beb9,Nickel,Nickel,0,0.5853892933218839,125b,125b
3c6819beb9,9b00c4c264,Nickel,Nickel,0,0.5856082810375755,125b,125b
9b00c4c264,3a2a75a851,Nickel,Nickel,0,0.4072550895958747,125b,125b
3a2a75a851,9b00c4c264,Nickel,Nickel,0,0.40725508959587475,125b,125b
9b00c4c264,0d991a198f,Nickel,Nickel,0,0.5450950759770168,125b,125b
0d991a198f,9b00c4c264,Nickel,Nickel,0,0.5447626962225246,125b,125b
93f6afc25d,218ae10a65,Nickel,Nickel,0,0.5688623455768885,125b,125b
218ae10a65,93f6afc25d,Nickel,Nickel,0,0.5688783990703938,125b,125b
93f6afc25d,9645e12969,Nickel,Nickel,0,0.48020953848849857,125b,125b
9645e12969,93f6afc25d,Nickel,Nickel,0,0.4800289368093869,125b,125b
93f6afc25d,fc6e345a87,Nickel,Nickel,0,0.5341282784924543,125b,125b
fc6e345a87,93f6afc25d,Nickel,Nickel,0,0.5338540742230197,125b,125b
93f6afc25d,5187134316,Nickel,Nickel,0,0.6158359544916867,125b,125b
5187134316,93f6afc25d,Nickel,Nickel,0,0.6155441932442447,125b,125b
93f6afc25d,9fbbe4fcae,Nickel,Nickel,0,0.5001769731747335,125b,125b
9fbbe4fcae,93f6afc25d,Nickel,Nickel,0,0.49819468473611256,125b,125b
93f6afc25d,3443ea5ba5,Nickel,Nickel,0,0.5262513771605358,125b,125b
3443ea5ba5,93f6afc25d,Nickel,Nickel,0,0.5262169958575372,125b,125b
93f6afc25d,fa6595462f,Nickel,Nickel,0,0.5087062763351639,125b,125b
fa6595462f,93f6afc25d,Nickel,Nickel,0,0.5643653297683778,125b,125b
93f6afc25d,d469fc3f70,Nickel,Nickel,0,0.5406156812788195,125b,125b
d469fc3f70,93f6afc25d,Nickel,Nickel,0,0.5406593937520331,125b,125b
93f6afc25d,0e45ff7118,Nickel,Nickel,0,0.426429557502818,125b,125b
0e45ff7118,93f6afc25d,Nickel,Nickel,0,0.42642955750281786,125b,125b
93f6afc25d,a80b46b6d1,Nickel,Nickel,0,0.6022428093650286,125b,125b
a80b46b6d1,93f6afc25d,Nickel,Nickel,0,0.6150163344052135,125b,125b
93f6afc25d,db4804f266,Nickel,Nickel,0,0.5385389917715726,125b,125b
db4804f266,93f6afc25d,Nickel,Nickel,0,0.5387606225979192,125b,125b
93f6afc25d,bf77a5ca9b,Nickel,Nickel,0,0.6181134851838341,125b,125b
bf77a5ca9b,93f6afc25d,Nickel,Nickel,0,0.6178575952989729,125b,125b
93f6afc25d,13189e401d,Nickel,Nickel,0,0.5439920316226066,125b,125b
13189e401d,93f6afc25d,Nickel,Nickel,0,0.5445849120978483,125b,125b
93f6afc25d,27c44d34a4,Nickel,Nickel,0,0.6807984103200893,125b,125b
27c44d34a4,93f6afc25d,Nickel,Nickel,0,0.6803961411734072,125b,125b
93f6afc25d,3c6819beb9,Nickel,Nickel,0,0.7115431715093772,125b,125b
3c6819beb9,93f6afc25d,Nickel,Nickel,0,0.7122886018497836,125b,125b
93f6afc25d,3a2a75a851,Nickel,Nickel,0,0.46704735219357024,125b,125b
3a2a75a851,93f6afc25d,Nickel,Nickel,0,0.4676873701120668,125b,125b
93f6afc25d,0d991a198f,Nickel,Nickel,0,0.6577200494559122,125b,125b
0d991a198f,93f6afc25d,Nickel,Nickel,0,0.6574488417072694,125b,125b
a54ce43a84,218ae10a65,Nickel,Nickel,0,0.5659948188294913,125b,125b
218ae10a65,a54ce43a84,Nickel,Nickel,0,0.5652858852502733,125b,125b
a54ce43a84,9645e12969,Nickel,Nickel,0,0.5811302119616149,125b,125b
9645e12969,a54ce43a84,Nickel,Nickel,0,0.5566160286288799,125b,125b
a54ce43a84,fc6e345a87,Nickel,Nickel,0,0.47516135873427195,125b,125b
fc6e345a87,a54ce43a84,Nickel,Nickel,0,0.4751186475593027,125b,125b
a54ce43a84,5187134316,Nickel,Nickel,0,0.592881681235823,125b,125b
5187134316,a54ce43a84,Nickel,Nickel,0,0.5924833011055713,125b,125b
a54ce43a84,9fbbe4fcae,Nickel,Nickel,0,0.5928720708039656,125b,125b
9fbbe4fcae,a54ce43a84,Nickel,Nickel,0,0.5940420266253197,125b,125b
a54ce43a84,3443ea5ba5,Nickel,Nickel,0,0.5301334390989372,125b,125b
3443ea5ba5,a54ce43a84,Nickel,Nickel,0,0.5264903695449429,125b,125b
a54ce43a84,fa6595462f,Nickel,Nickel,0,0.5504600792247342,125b,125b
fa6595462f,a54ce43a84,Nickel,Nickel,0,0.5512792787837046,125b,125b
a54ce43a84,d469fc3f70,Nickel,Nickel,0,0.5343087097426346,125b,125b
d469fc3f70,a54ce43a84,Nickel,Nickel,0,0.5310044467708193,125b,125b
a54ce43a84,0e45ff7118,Nickel,Nickel,0,0.604349126619068,125b,125b
0e45ff7118,a54ce43a84,Nickel,Nickel,0,0.6065380849077393,125b,125b
a54ce43a84,a80b46b6d1,Nickel,Nickel,0,0.5849208246017483,125b,125b
a80b46b6d1,a54ce43a84,Nickel,Nickel,0,0.5859620280937966,125b,125b
a54ce43a84,db4804f266,Nickel,Nickel,0,0.6629988472625197,125b,125b
db4804f266,a54ce43a84,Nickel,Nickel,0,0.6640297516227051,125b,125b
a54ce43a84,bf77a5ca9b,Nickel,Nickel,0,0.7700863842906065,125b,125b
bf77a5ca9b,a54ce43a84,Nickel,Nickel,0,0.7702908805993893,125b,125b
a54ce43a84,13189e401d,Nickel,Nickel,0,0.5931374198427303,125b,125b
13189e401d,a54ce43a84,Nickel,Nickel,0,0.5931789884184889,125b,125b
a54ce43a84,27c44d34a4,Nickel,Nickel,0,0.7487038454796119,125b,125b
27c44d34a4,a54ce43a84,Nickel,Nickel,0,0.7488391971203984,125b,125b
a54ce43a84,3c6819beb9,Nickel,Nickel,0,0.603551046890623,125b,125b
3c6819beb9,a54ce43a84,Nickel,Nickel,0,0.6036470965283841,125b,125b
a54ce43a84,3a2a75a851,Nickel,Nickel,0,0.46935214733328556,125b,125b
3a2a75a851,a54ce43a84,Nickel,Nickel,0,0.46949687726664896,125b,125b
a54ce43a84,0d991a198f,Nickel,Nickel,0,0.5258846097932773,125b,125b
0d991a198f,a54ce43a84,Nickel,Nickel,0,0.5252787685061336,125b,125b
218ae10a65,9645e12969,Nickel,Nickel,0,0.4836409937547703,125b,125b
9645e12969,218ae10a65,Nickel,Nickel,0,0.4835466094495376,125b,125b
218ae10a65,0db08b7f9e,Nickel,Nickel,0,0.555907939228546,125b,125b
0db08b7f9e,218ae10a65,Nickel,Nickel,0,0.5559372548575836,125b,125b
218ae10a65,fc6e345a87,Nickel,Nickel,0,0.6605500036267333,125b,125b
fc6e345a87,218ae10a65,Nickel,Nickel,0,0.6601308976871846,125b,125b
218ae10a65,5187134316,Nickel,Nickel,0,0.4988512263509689,125b,125b
5187134316,218ae10a65,Nickel,Nickel,0,0.4989411080013053,125b,125b
218ae10a65,9fbbe4fcae,Nickel,Nickel,0,0.6273070553093048,125b,125b
9fbbe4fcae,218ae10a65,Nickel,Nickel,0,0.627393066743813,125b,125b
218ae10a65,744a7e7690,Nickel,Nickel,0,0.5672423853997288,125b,125b
744a7e7690,218ae10a65,Nickel,Nickel,0,0.5671679010990446,125b,125b
218ae10a65,9f5cee2a11,Nickel,Nickel,0,0.6346214124753631,125b,125b
9f5cee2a11,218ae10a65,Nickel,Nickel,0,0.6346945985856908,125b,125b
218ae10a65,3443ea5ba5,Nickel,Nickel,0,0.5877010513828463,125b,125b
3443ea5ba5,218ae10a65,Nickel,Nickel,0,0.5876836266473471,125b,125b
218ae10a65,fa6595462f,Nickel,Nickel,0,0.5849731830683071,125b,125b
fa6595462f,218ae10a65,Nickel,Nickel,0,0.5855323388030961,125b,125b
218ae10a65,d469fc3f70,Nickel,Nickel,0,0.5535154432245342,125b,125b
d469fc3f70,218ae10a65,Nickel,Nickel,0,0.5536529040732499,125b,125b
218ae10a65,0e45ff7118,Nickel,Nickel,0,0.518588840153244,125b,125b
0e45ff7118,218ae10a65,Nickel,Nickel,0,0.5187333340823991,125b,125b
218ae10a65,a80b46b6d1,Nickel,Nickel,0,0.6405986813192802,125b,125b
a80b46b6d1,218ae10a65,Nickel,Nickel,0,0.6409982344104863,125b,125b
218ae10a65,1ed3442cfa,Nickel,Nickel,0,0.4845895361654502,125b,125b
1ed3442cfa,218ae10a65,Nickel,Nickel,0,0.4845452204575106,125b,125b
218ae10a65,db4804f266,Nickel,Nickel,0,0.6331011874128744,125b,125b
db4804f266,218ae10a65,Nickel,Nickel,0,0.6337968943404542,125b,125b
218ae10a65,bf77a5ca9b,Nickel,Nickel,0,0.5238357065443237,125b,125b
bf77a5ca9b,218ae10a65,Nickel,Nickel,0,0.5238423663457884,125b,125b
218ae10a65,13189e401d,Nickel,Nickel,0,0.5847600350385855,125b,125b
13189e401d,218ae10a65,Nickel,Nickel,0,0.584804676636666,125b,125b
218ae10a65,d5070cee0f,Nickel,Nickel,0,0.7087186225148255,125b,125b
d5070cee0f,218ae10a65,Nickel,Nickel,0,0.7087186225148253,125b,125b
218ae10a65,27c44d34a4,Nickel,Nickel,0,0.566988459398026,125b,125b
27c44d34a4,218ae10a65,Nickel,Nickel,0,0.5655912882901178,125b,125b
218ae10a65,4e0193ff9e,Nickel,Nickel,0,0.586623546784302,125b,125b
4e0193ff9e,218ae10a65,Nickel,Nickel,0,0.5865107719896475,125b,125b
218ae10a65,3c6819beb9,Nickel,Nickel,0,0.5580215639465084,125b,125b
3c6819beb9,218ae10a65,Nickel,Nickel,0,0.5580908075536757,125b,125b
218ae10a65,3a2a75a851,Nickel,Nickel,0,0.418214758469495,125b,125b
3a2a75a851,218ae10a65,Nickel,Nickel,0,0.4181848214375581,125b,125b
218ae10a65,0d991a198f,Nickel,Nickel,0,0.600336105058429,125b,125b
0d991a198f,218ae10a65,Nickel,Nickel,0,0.599877371964932,125b,125b
9645e12969,0db08b7f9e,Nickel,Nickel,0,0.44547244135300174,125b,125b
0db08b7f9e,9645e12969,Nickel,Nickel,0,0.44482237475897085,125b,125b
9645e12969,fc6e345a87,Nickel,Nickel,0,0.467580760946624,125b,125b
fc6e345a87,9645e12969,Nickel,Nickel,0,0.46773213961279475,125b,125b
9645e12969,5187134316,Nickel,Nickel,0,0.5824239432113537,125b,125b
5187134316,9645e12969,Nickel,Nickel,0,0.5816895955076322,125b,125b
9645e12969,9fbbe4fcae,Nickel,Nickel,0,0.561507179944045,125b,125b
9fbbe4fcae,9645e12969,Nickel,Nickel,0,0.5612231195115613,125b,125b
9645e12969,744a7e7690,Nickel,Nickel,0,0.433793052175118,125b,125b
744a7e7690,9645e12969,Nickel,Nickel,0,0.43303699685222086,125b,125b
9645e12969,9f5cee2a11,Nickel,Nickel,0,0.6993144666866753,125b,125b
9f5cee2a11,9645e12969,Nickel,Nickel,0,0.6993144666866752,125b,125b
9645e12969,3443ea5ba5,Nickel,Nickel,0,0.6056843586284212,125b,125b
3443ea5ba5,9645e12969,Nickel,Nickel,0,0.6056032207430924,125b,125b
9645e12969,fa6595462f,Nickel,Nickel,0,0.4667769429054643,125b,125b
fa6595462f,9645e12969,Nickel,Nickel,0,0.46677694290546423,125b,125b
9645e12969,d469fc3f70,Nickel,Nickel,0,0.6240224910709539,125b,125b
d469fc3f70,9645e12969,Nickel,Nickel,0,0.6242066821879646,125b,125b
9645e12969,0e45ff7118,Nickel,Nickel,0,0.5399630676030818,125b,125b
0e45ff7118,9645e12969,Nickel,Nickel,0,0.5398683926009352,125b,125b
9645e12969,a80b46b6d1,Nickel,Nickel,0,0.5938907459056645,125b,125b
a80b46b6d1,9645e12969,Nickel,Nickel,0,0.5938907459056643,125b,125b
9645e12969,1ed3442cfa,Nickel,Nickel,0,0.37059197423768003,125b,125b
1ed3442cfa,9645e12969,Nickel,Nickel,0,0.40251968892906204,125b,125b
9645e12969,db4804f266,Nickel,Nickel,0,0.5391304582920888,125b,125b
db4804f266,9645e12969,Nickel,Nickel,0,0.5388153169089204,125b,125b
9645e12969,bf77a5ca9b,Nickel,Nickel,0,0.5540871529009378,125b,125b
bf77a5ca9b,9645e12969,Nickel,Nickel,0,0.5541527716109789,125b,125b
9645e12969,13189e401d,Nickel,Nickel,0,0.4545859290069006,125b,125b
13189e401d,9645e12969,Nickel,Nickel,0,0.4544310049744337,125b,125b
9645e12969,d5070cee0f,Nickel,Nickel,0,0.581729713772269,125b,125b
d5070cee0f,9645e12969,Nickel,Nickel,0,0.582226856811169,125b,125b
9645e12969,27c44d34a4,Nickel,Nickel,0,0.6431160215917539,125b,125b
27c44d34a4,9645e12969,Nickel,Nickel,0,0.6431385080916917,125b,125b
9645e12969,4e0193ff9e,Nickel,Nickel,0,0.45814730055716835,125b,125b
4e0193ff9e,9645e12969,Nickel,Nickel,0,0.45830474724301323,125b,125b
9645e12969,3c6819beb9,Nickel,Nickel,0,0.5046000414813901,125b,125b
3c6819beb9,9645e12969,Nickel,Nickel,0,0.502845464253661,125b,125b
9645e12969,3a2a75a851,Nickel,Nickel,0,0.4209807769215227,125b,125b
3a2a75a851,9645e12969,Nickel,Nickel,0,0.42169708393979427,125b,125b
9645e12969,0d991a198f,Nickel,Nickel,0,0.6339132206617336,125b,125b
0d991a198f,9645e12969,Nickel,Nickel,0,0.6339132206617341,125b,125b
0db08b7f9e,fc6e345a87,Nickel,Nickel,0,0.33565282120274104,125b,125b
fc6e345a87,0db08b7f9e,Nickel,Nickel,0,0.3881601403309245,125b,125b
0db08b7f9e,5187134316,Nickel,Nickel,0,0.5387701031546382,125b,125b
5187134316,0db08b7f9e,Nickel,Nickel,0,0.542796516742365,125b,125b
0db08b7f9e,9fbbe4fcae,Nickel,Nickel,0,0.4780297331559547,125b,125b
9fbbe4fcae,0db08b7f9e,Nickel,Nickel,0,0.47812771688156824,125b,125b
0db08b7f9e,3443ea5ba5,Nickel,Nickel,0,0.5374132206039819,125b,125b
3443ea5ba5,0db08b7f9e,Nickel,Nickel,0,0.5374644668296223,125b,125b
0db08b7f9e,fa6595462f,Nickel,Nickel,0,0.6429408147167767,125b,125b
fa6595462f,0db08b7f9e,Nickel,Nickel,0,0.6434763124875936,125b,125b
0db08b7f9e,d469fc3f70,Nickel,Nickel,0,0.5213020999762178,125b,125b
d469fc3f70,0db08b7f9e,Nickel,Nickel,0,0.5213020999762181,125b,125b
0db08b7f9e,0e45ff7118,Nickel,Nickel,0,0.6031879885416216,125b,125b
0e45ff7118,0db08b7f9e,Nickel,Nickel,0,0.6027334711219196,125b,125b
0db08b7f9e,a80b46b6d1,Nickel,Nickel,0,0.8037449417226317,125b,125b
a80b46b6d1,0db08b7f9e,Nickel,Nickel,0,0.8033726372333739,125b,125b
0db08b7f9e,db4804f266,Nickel,Nickel,0,0.62959721172437,125b,125b
db4804f266,0db08b7f9e,Nickel,Nickel,0,0.6285507308605048,125b,125b
0db08b7f9e,bf77a5ca9b,Nickel,Nickel,0,0.6097858816848453,125b,125b
bf77a5ca9b,0db08b7f9e,Nickel,Nickel,0,0.6099679839240237,125b,125b
0db08b7f9e,13189e401d,Nickel,Nickel,0,0.5894480907303412,125b,125b
13189e401d,0db08b7f9e,Nickel,Nickel,0,0.5895254745629127,125b,125b
0db08b7f9e,27c44d34a4,Nickel,Nickel,0,0.5517867083406209,125b,125b
27c44d34a4,0db08b7f9e,Nickel,Nickel,0,0.5520842152693964,125b,125b
0db08b7f9e,3c6819beb9,Nickel,Nickel,0,0.5840466279055783,125b,125b
3c6819beb9,0db08b7f9e,Nickel,Nickel,0,0.5840466279055784,125b,125b
0db08b7f9e,3a2a75a851,Nickel,Nickel,0,0.44607894245088076,125b,125b
3a2a75a851,0db08b7f9e,Nickel,Nickel,0,0.4460424914146244,125b,125b
0db08b7f9e,0d991a198f,Nickel,Nickel,0,0.426330089523253,125b,125b
0d991a198f,0db08b7f9e,Nickel,Nickel,0,0.42573425023833944,125b,125b
fc6e345a87,5187134316,Nickel,Nickel,0,0.3402574161194254,125b,125b
5187134316,fc6e345a87,Nickel,Nickel,0,0.3404255186170888,125b,125b
fc6e345a87,9fbbe4fcae,Nickel,Nickel,0,0.42305147337706983,125b,125b
9fbbe4fcae,fc6e345a87,Nickel,Nickel,0,0.44162824892512126,125b,125b
fc6e345a87,744a7e7690,Nickel,Nickel,0,0.504993968125362,125b,125b
744a7e7690,fc6e345a87,Nickel,Nickel,0,0.5045146642617064,125b,125b
fc6e345a87,9f5cee2a11,Nickel,Nickel,0,0.454371154983051,125b,125b
9f5cee2a11,fc6e345a87,Nickel,Nickel,0,0.4544141676831011,125b,125b
fc6e345a87,3443ea5ba5,Nickel,Nickel,0,0.3666380877790109,125b,125b
3443ea5ba5,fc6e345a87,Nickel,Nickel,0,0.3659377680411369,125b,125b
fc6e345a87,fa6595462f,Nickel,Nickel,0,0.4079079626030151,125b,125b
fa6595462f,fc6e345a87,Nickel,Nickel,0,0.4077972568298306,125b,125b
fc6e345a87,d469fc3f70,Nickel,Nickel,0,0.6468175791249323,125b,125b
d469fc3f70,fc6e345a87,Nickel,Nickel,0,0.6487123948093299,125b,125b
fc6e345a87,0e45ff7118,Nickel,Nickel,0,0.37264673634428286,125b,125b
0e45ff7118,fc6e345a87,Nickel,Nickel,0,0.37343551756975507,125b,125b
fc6e345a87,a80b46b6d1,Nickel,Nickel,0,0.40222343423132956,125b,125b
a80b46b6d1,fc6e345a87,Nickel,Nickel,0,0.40222343423132956,125b,125b
fc6e345a87,1ed3442cfa,Nickel,Nickel,0,0.5855187705909276,125b,125b
1ed3442cfa,fc6e345a87,Nickel,Nickel,0,0.5852197972952615,125b,125b
fc6e345a87,db4804f266,Nickel,Nickel,0,0.6322341607178779,125b,125b
db4804f266,fc6e345a87,Nickel,Nickel,0,0.6318911386327031,125b,125b
fc6e345a87,bf77a5ca9b,Nickel,Nickel,0,0.5842192757753915,125b,125b
bf77a5ca9b,fc6e345a87,Nickel,Nickel,0,0.5842011975967849,125b,125b
fc6e345a87,13189e401d,Nickel,Nickel,0,0.43267841537605106,125b,125b
13189e401d,fc6e345a87,Nickel,Nickel,0,0.4941969006700787,125b,125b
fc6e345a87,d5070cee0f,Nickel,Nickel,0,0.5426476464570996,125b,125b
d5070cee0f,fc6e345a87,Nickel,Nickel,0,0.5427161489907176,125b,125b
fc6e345a87,27c44d34a4,Nickel,Nickel,0,0.5559122757205811,125b,125b
27c44d34a4,fc6e345a87,Nickel,Nickel,0,0.5555422624388199,125b,125b
fc6e345a87,4e0193ff9e,Nickel,Nickel,0,0.41318602357196804,125b,125b
4e0193ff9e,fc6e345a87,Nickel,Nickel,0,0.41237306574933896,125b,125b
fc6e345a87,3c6819beb9,Nickel,Nickel,0,0.45000090387361175,125b,125b
3c6819beb9,fc6e345a87,Nickel,Nickel,0,0.44980324959399726,125b,125b
fc6e345a87,3a2a75a851,Nickel,Nickel,0,0.4316310658800244,125b,125b
3a2a75a851,fc6e345a87,Nickel,Nickel,0,0.43096520351544443,125b,125b
fc6e345a87,0d991a198f,Nickel,Nickel,0,0.682878642925533,125b,125b
0d991a198f,fc6e345a87,Nickel,Nickel,0,0.6830296744834888,125b,125b
5187134316,9fbbe4fcae,Nickel,Nickel,0,0.6855605384534497,125b,125b
9fbbe4fcae,5187134316,Nickel,Nickel,0,0.6838028411675284,125b,125b
5187134316,744a7e7690,Nickel,Nickel,0,0.42358267953436746,125b,125b
744a7e7690,5187134316,Nickel,Nickel,0,0.4237247310606236,125b,125b
5187134316,9f5cee2a11,Nickel,Nickel,0,0.6364177609757258,125b,125b
9f5cee2a11,5187134316,Nickel,Nickel,0,0.6365196719193882,125b,125b
5187134316,3443ea5ba5,Nickel,Nickel,0,0.7625062533442709,125b,125b
3443ea5ba5,5187134316,Nickel,Nickel,0,0.7631600678081797,125b,125b
5187134316,fa6595462f,Nickel,Nickel,0,0.5640523633492828,125b,125b
fa6595462f,5187134316,Nickel,Nickel,0,0.5648557961567937,125b,125b
5187134316,d469fc3f70,Nickel,Nickel,0,0.5773331425343381,125b,125b
d469fc3f70,5187134316,Nickel,Nickel,0,0.5776183647922238,125b,125b
5187134316,0e45ff7118,Nickel,Nickel,0,0.41786727095466564,125b,125b
0e45ff7118,5187134316,Nickel,Nickel,0,0.41333743219522623,125b,125b
5187134316,a80b46b6d1,Nickel,Nickel,0,0.7251484800014867,125b,125b
a80b46b6d1,5187134316,Nickel,Nickel,0,0.7248053088591929,125b,125b
5187134316,1ed3442cfa,Nickel,Nickel,0,0.6300156026744892,125b,125b
1ed3442cfa,5187134316,Nickel,Nickel,0,0.6302168254801331,125b,125b
5187134316,db4804f266,Nickel,Nickel,0,0.6052556784574262,125b,125b
db4804f266,5187134316,Nickel,Nickel,0,0.6046581651334783,125b,125b
5187134316,bf77a5ca9b,Nickel,Nickel,0,0.6463903419566259,125b,125b
bf77a5ca9b,5187134316,Nickel,Nickel,0,0.645500407506619,125b,125b
5187134316,13189e401d,Nickel,Nickel,0,0.6627270709250671,125b,125b
13189e401d,5187134316,Nickel,Nickel,0,0.6628849841824567,125b,125b
5187134316,d5070cee0f,Nickel,Nickel,0,0.5946933501436653,125b,125b
d5070cee0f,5187134316,Nickel,Nickel,0,0.5945034087946268,125b,125b
5187134316,27c44d34a4,Nickel,Nickel,0,0.54651790051621,125b,125b
27c44d34a4,5187134316,Nickel,Nickel,0,0.5458328488911098,125b,125b
5187134316,4e0193ff9e,Nickel,Nickel,0,0.5904458000317763,125b,125b
4e0193ff9e,5187134316,Nickel,Nickel,0,0.5908192804903609,125b,125b
5187134316,3c6819beb9,Nickel,Nickel,0,0.5944191330655192,125b,125b
3c6819beb9,5187134316,Nickel,Nickel,0,0.5944826662467574,125b,125b
5187134316,3a2a75a851,Nickel,Nickel,0,0.46992911245217,125b,125b
3a2a75a851,5187134316,Nickel,Nickel,0,0.47022783382878164,125b,125b
5187134316,0d991a198f,Nickel,Nickel,0,0.589615361048227,125b,125b
0d991a198f,5187134316,Nickel,Nickel,0,0.5885243758017219,125b,125b
9fbbe4fcae,744a7e7690,Nickel,Nickel,0,0.38922770055318134,125b,125b
744a7e7690,9fbbe4fcae,Nickel,Nickel,0,0.38935388064546006,125b,125b
9fbbe4fcae,9f5cee2a11,Nickel,Nickel,0,0.6581137334105219,125b,125b
9f5cee2a11,9fbbe4fcae,Nickel,Nickel,0,0.6585575001138244,125b,125b
9fbbe4fcae,3443ea5ba5,Nickel,Nickel,0,0.6624059363691069,125b,125b
3443ea5ba5,9fbbe4fcae,Nickel,Nickel,0,0.6619761000858789,125b,125b
9fbbe4fcae,fa6595462f,Nickel,Nickel,0,0.7024750796390777,125b,125b
fa6595462f,9fbbe4fcae,Nickel,Nickel,0,0.7024750796390776,125b,125b
9fbbe4fcae,d469fc3f70,Nickel,Nickel,0,0.6805139211586068,125b,125b
d469fc3f70,9fbbe4fcae,Nickel,Nickel,0,0.679961665746539,125b,125b
9fbbe4fcae,0e45ff7118,Nickel,Nickel,0,0.6414099686217195,125b,125b
0e45ff7118,9fbbe4fcae,Nickel,Nickel,0,0.641380100922767,125b,125b
9fbbe4fcae,a80b46b6d1,Nickel,Nickel,0,0.7018813659093018,125b,125b
a80b46b6d1,9fbbe4fcae,Nickel,Nickel,0,0.7019316741341233,125b,125b
9fbbe4fcae,1ed3442cfa,Nickel,Nickel,0,0.6061566225193872,125b,125b
1ed3442cfa,9fbbe4fcae,Nickel,Nickel,0,0.6061695153855541,125b,125b
9fbbe4fcae,db4804f266,Nickel,Nickel,0,0.6287703144724083,125b,125b
db4804f266,9fbbe4fcae,Nickel,Nickel,0,0.62980798549369,125b,125b
9fbbe4fcae,bf77a5ca9b,Nickel,Nickel,0,0.6665860650888918,125b,125b
bf77a5ca9b,9fbbe4fcae,Nickel,Nickel,0,0.6663089322331202,125b,125b
9fbbe4fcae,13189e401d,Nickel,Nickel,0,0.5391683211912296,125b,125b
13189e401d,9fbbe4fcae,Nickel,Nickel,0,0.5394573127694375,125b,125b
9fbbe4fcae,d5070cee0f,Nickel,Nickel,0,0.48535298103137153,125b,125b
d5070cee0f,9fbbe4fcae,Nickel,Nickel,0,0.4858311226527719,125b,125b
9fbbe4fcae,27c44d34a4,Nickel,Nickel,0,0.6845068218124214,125b,125b
27c44d34a4,9fbbe4fcae,Nickel,Nickel,0,0.6845533873695521,125b,125b
9fbbe4fcae,4e0193ff9e,Nickel,Nickel,0,0.4226379254156201,125b,125b
4e0193ff9e,9fbbe4fcae,Nickel,Nickel,0,0.42360041477065014,125b,125b
9fbbe4fcae,3c6819beb9,Nickel,Nickel,0,0.47047836771109114,125b,125b
3c6819beb9,9fbbe4fcae,Nickel,Nickel,0,0.4703278134843505,125b,125b
9fbbe4fcae,3a2a75a851,Nickel,Nickel,0,0.3540250568859108,125b,125b
3a2a75a851,9fbbe4fcae,Nickel,Nickel,0,0.3541749121287638,125b,125b
9fbbe4fcae,0d991a198f,Nickel,Nickel,0,0.5419934234174197,125b,125b
0d991a198f,9fbbe4fcae,Nickel,Nickel,0,0.5423567103819389,125b,125b
744a7e7690,3443ea5ba5,Nickel,Nickel,0,0.47926185974112545,125b,125b
3443ea5ba5,744a7e7690,Nickel,Nickel,0,0.5055069129382339,125b,125b
744a7e7690,fa6595462f,Nickel,Nickel,0,0.5463455019068354,125b,125b
fa6595462f,744a7e7690,Nickel,Nickel,0,0.546321569245416,125b,125b
744a7e7690,d469fc3f70,Nickel,Nickel,0,0.6169110916744439,125b,125b
d469fc3f70,744a7e7690,Nickel,Nickel,0,0.6171831635949447,125b,125b
744a7e7690,0e45ff7118,Nickel,Nickel,0,0.5382612646115268,125b,125b
0e45ff7118,744a7e7690,Nickel,Nickel,0,0.5402669018227119,125b,125b
744a7e7690,a80b46b6d1,Nickel,Nickel,0,0.417195655277733,125b,125b
a80b46b6d1,744a7e7690,Nickel,Nickel,0,0.41714252033556676,125b,125b
744a7e7690,db4804f266,Nickel,Nickel,0,0.548666215086211,125b,125b
db4804f266,744a7e7690,Nickel,Nickel,0,0.5505751413843136,125b,125b
744a7e7690,bf77a5ca9b,Nickel,Nickel,0,0.6427443515846392,125b,125b
bf77a5ca9b,744a7e7690,Nickel,Nickel,0,0.642519206207283,125b,125b
744a7e7690,13189e401d,Nickel,Nickel,0,0.5828992015145387,125b,125b
13189e401d,744a7e7690,Nickel,Nickel,0,0.5828557494859163,125b,125b
744a7e7690,27c44d34a4,Nickel,Nickel,0,0.5224396008302578,125b,125b
27c44d34a4,744a7e7690,Nickel,Nickel,0,0.5226131621917975,125b,125b
744a7e7690,3c6819beb9,Nickel,Nickel,0,0.5142662711321818,125b,125b
3c6819beb9,744a7e7690,Nickel,Nickel,0,0.5141526597565412,125b,125b
744a7e7690,3a2a75a851,Nickel,Nickel,0,0.44670651876970374,125b,125b
3a2a75a851,744a7e7690,Nickel,Nickel,0,0.4464566053389853,125b,125b
744a7e7690,0d991a198f,Nickel,Nickel,0,0.7900160744285004,125b,125b
0d991a198f,744a7e7690,Nickel,Nickel,0,0.7900160744285001,125b,125b
9f5cee2a11,3443ea5ba5,Nickel,Nickel,0,0.6004743776901891,125b,125b
3443ea5ba5,9f5cee2a11,Nickel,Nickel,0,0.6007592422202618,125b,125b
9f5cee2a11,fa6595462f,Nickel,Nickel,0,0.6807130496805393,125b,125b
fa6595462f,9f5cee2a11,Nickel,Nickel,0,0.6805643147141922,125b,125b
9f5cee2a11,d469fc3f70,Nickel,Nickel,0,0.5479547347880698,125b,125b
d469fc3f70,9f5cee2a11,Nickel,Nickel,0,0.5464403747834964,125b,125b
9f5cee2a11,0e45ff7118,Nickel,Nickel,0,0.57487210724604,125b,125b
0e45ff7118,9f5cee2a11,Nickel,Nickel,0,0.551918773454768,125b,125b
9f5cee2a11,a80b46b6d1,Nickel,Nickel,0,0.5583061968701098,125b,125b
a80b46b6d1,9f5cee2a11,Nickel,Nickel,0,0.5583061968701092,125b,125b
9f5cee2a11,db4804f266,Nickel,Nickel,0,0.6130020543521283,125b,125b
db4804f266,9f5cee2a11,Nickel,Nickel,0,0.6133493165493044,125b,125b
9f5cee2a11,bf77a5ca9b,Nickel,Nickel,0,0.5047259302200575,125b,125b
bf77a5ca9b,9f5cee2a11,Nickel,Nickel,0,0.5050781871012923,125b,125b
9f5cee2a11,13189e401d,Nickel,Nickel,0,0.5945607352891442,125b,125b
13189e401d,9f5cee2a11,Nickel,Nickel,0,0.5946611800684569,125b,125b
9f5cee2a11,27c44d34a4,Nickel,Nickel,0,0.6360499863084516,125b,125b
27c44d34a4,9f5cee2a11,Nickel,Nickel,0,0.6339596579224706,125b,125b
9f5cee2a11,3c6819beb9,Nickel,Nickel,0,0.5658108511418924,125b,125b
3c6819beb9,9f5cee2a11,Nickel,Nickel,0,0.5658903159504647,125b,125b
9f5cee2a11,3a2a75a851,Nickel,Nickel,0,0.6008089581263857,125b,125b
3a2a75a851,9f5cee2a11,Nickel,Nickel,0,0.6015420772278808,125b,125b
9f5cee2a11,0d991a198f,Nickel,Nickel,0,0.632641022818691,125b,125b
0d991a198f,9f5cee2a11,Nickel,Nickel,0,0.6322657459143793,125b,125b
3443ea5ba5,fa6595462f,Nickel,Nickel,0,0.618439928723062,125b,125b
fa6595462f,3443ea5ba5,Nickel,Nickel,0,0.6204695195600951,125b,125b
3443ea5ba5,d469fc3f70,Nickel,Nickel,0,0.4721693999179343,125b,125b
d469fc3f70,3443ea5ba5,Nickel,Nickel,0,0.4710881603290326,125b,125b
3443ea5ba5,0e45ff7118,Nickel,Nickel,0,0.5052678024734422,125b,125b
0e45ff7118,3443ea5ba5,Nickel,Nickel,0,0.5024327642450828,125b,125b
3443ea5ba5,a80b46b6d1,Nickel,Nickel,0,0.5960882382362219,125b,125b
a80b46b6d1,3443ea5ba5,Nickel,Nickel,0,0.5959597361558685,125b,125b
3443ea5ba5,1ed3442cfa,Nickel,Nickel,0,0.560314447420705,125b,125b
1ed3442cfa,3443ea5ba5,Nickel,Nickel,0,0.5606434080352193,125b,125b
3443ea5ba5,db4804f266,Nickel,Nickel,0,0.5249847752292385,125b,125b
db4804f266,3443ea5ba5,Nickel,Nickel,0,0.5241369411900912,125b,125b
3443ea5ba5,bf77a5ca9b,Nickel,Nickel,0,0.46114756893723363,125b,125b
bf77a5ca9b,3443ea5ba5,Nickel,Nickel,0,0.4608242771685165,125b,125b
3443ea5ba5,13189e401d,Nickel,Nickel,0,0.568690739700435,125b,125b
13189e401d,3443ea5ba5,Nickel,Nickel,0,0.5689665466947657,125b,125b
3443ea5ba5,d5070cee0f,Nickel,Nickel,0,0.6426592053412448,125b,125b
d5070cee0f,3443ea5ba5,Nickel,Nickel,0,0.6427149909249011,125b,125b
3443ea5ba5,27c44d34a4,Nickel,Nickel,0,0.6621912548154154,125b,125b
27c44d34a4,3443ea5ba5,Nickel,Nickel,0,0.6625866475650081,125b,125b
3443ea5ba5,4e0193ff9e,Nickel,Nickel,0,0.5292768952698945,125b,125b
4e0193ff9e,3443ea5ba5,Nickel,Nickel,0,0.5292741721092262,125b,125b
3443ea5ba5,3c6819beb9,Nickel,Nickel,0,0.5077068536473078,125b,125b
3c6819beb9,3443ea5ba5,Nickel,Nickel,0,0.5083095159368535,125b,125b
3443ea5ba5,3a2a75a851,Nickel,Nickel,0,0.5722083299764228,125b,125b
3a2a75a851,3443ea5ba5,Nickel,Nickel,0,0.5705694018650083,125b,125b
3443ea5ba5,0d991a198f,Nickel,Nickel,0,0.4660403125494032,125b,125b
0d991a198f,3443ea5ba5,Nickel,Nickel,0,0.46558258162428334,125b,125b
fa6595462f,d469fc3f70,Nickel,Nickel,0,0.5565359460920872,125b,125b
d469fc3f70,fa6595462f,Nickel,Nickel,0,0.556790376650851,125b,125b
fa6595462f,0e45ff7118,Nickel,Nickel,0,0.5593566334855796,125b,125b
0e45ff7118,fa6595462f,Nickel,Nickel,0,0.5593566334855797,125b,125b
fa6595462f,a80b46b6d1,Nickel,Nickel,0,0.6602462465120481,125b,125b
a80b46b6d1,fa6595462f,Nickel,Nickel,0,0.6593984402217482,125b,125b
fa6595462f,1ed3442cfa,Nickel,Nickel,0,0.5962362813628143,125b,125b
1ed3442cfa,fa6595462f,Nickel,Nickel,0,0.5958331975253658,125b,125b
fa6595462f,db4804f266,Nickel,Nickel,0,0.6013297062837514,125b,125b
db4804f266,fa6595462f,Nickel,Nickel,0,0.6011229268135174,125b,125b
fa6595462f,bf77a5ca9b,Nickel,Nickel,0,0.6758216705808866,125b,125b
bf77a5ca9b,fa6595462f,Nickel,Nickel,0,0.6757957308176554,125b,125b
fa6595462f,13189e401d,Nickel,Nickel,0,0.6414606343007849,125b,125b
13189e401d,fa6595462f,Nickel,Nickel,0,0.6414606343007847,125b,125b
fa6595462f,d5070cee0f,Nickel,Nickel,0,0.5511402429808174,125b,125b
d5070cee0f,fa6595462f,Nickel,Nickel,0,0.552146869557991,125b,125b
fa6595462f,27c44d34a4,Nickel,Nickel,0,0.6791195069995393,125b,125b
27c44d34a4,fa6595462f,Nickel,Nickel,0,0.6787851593278185,125b,125b
fa6595462f,4e0193ff9e,Nickel,Nickel,0,0.5739301145696656,125b,125b
4e0193ff9e,fa6595462f,Nickel,Nickel,0,0.5732896209070145,125b,125b
fa6595462f,3c6819beb9,Nickel,Nickel,0,0.44943293082647817,125b,125b
3c6819beb9,fa6595462f,Nickel,Nickel,0,0.44922972526124494,125b,125b
fa6595462f,3a2a75a851,Nickel,Nickel,0,0.5846951186556311,125b,125b
3a2a75a851,fa6595462f,Nickel,Nickel,0,0.5846831911727008,125b,125b
fa6595462f,0d991a198f,Nickel,Nickel,0,0.5597628718832467,125b,125b
0d991a198f,fa6595462f,Nickel,Nickel,0,0.5596313666593042,125b,125b
d469fc3f70,0e45ff7118,Nickel,Nickel,0,0.6357585903404231,125b,125b
0e45ff7118,d469fc3f70,Nickel,Nickel,0,0.6378837066073232,125b,125b
d469fc3f70,a80b46b6d1,Nickel,Nickel,0,0.625625709799042,125b,125b
a80b46b6d1,d469fc3f70,Nickel,Nickel,0,0.6255302184263709,125b,125b
d469fc3f70,1ed3442cfa,Nickel,Nickel,0,0.5106063050572225,125b,125b
1ed3442cfa,d469fc3f70,Nickel,Nickel,0,0.5107185840057936,125b,125b
d469fc3f70,db4804f266,Nickel,Nickel,0,0.6567701799091772,125b,125b
db4804f266,d469fc3f70,Nickel,Nickel,0,0.6300819559630609,125b,125b
d469fc3f70,bf77a5ca9b,Nickel,Nickel,0,0.4456506394165894,125b,125b
bf77a5ca9b,d469fc3f70,Nickel,Nickel,0,0.44566712430392375,125b,125b
d469fc3f70,13189e401d,Nickel,Nickel,0,0.711638330734577,125b,125b
13189e401d,d469fc3f70,Nickel,Nickel,0,0.7109507941752027,125b,125b
d469fc3f70,d5070cee0f,Nickel,Nickel,0,0.5037503711287514,125b,125b
d5070cee0f,d469fc3f70,Nickel,Nickel,0,0.503807840355784,125b,125b
d469fc3f70,27c44d34a4,Nickel,Nickel,0,0.5800823556377294,125b,125b
27c44d34a4,d469fc3f70,Nickel,Nickel,0,0.5800823556377294,125b,125b
d469fc3f70,4e0193ff9e,Nickel,Nickel,0,0.6136390835662644,125b,125b
4e0193ff9e,d469fc3f70,Nickel,Nickel,0,0.6141784039917937,125b,125b
d469fc3f70,3c6819beb9,Nickel,Nickel,0,0.5303062900854114,125b,125b
3c6819beb9,d469fc3f70,Nickel,Nickel,0,0.5303062900854116,125b,125b
d469fc3f70,3a2a75a851,Nickel,Nickel,0,0.7118188991323865,125b,125b
3a2a75a851,d469fc3f70,Nickel,Nickel,0,0.6173785692791111,125b,125b
d469fc3f70,0d991a198f,Nickel,Nickel,0,0.6012927676882273,125b,125b
0d991a198f,d469fc3f70,Nickel,Nickel,0,0.6003999648755619,125b,125b
0e45ff7118,a80b46b6d1,Nickel,Nickel,0,0.49226975399609774,125b,125b
a80b46b6d1,0e45ff7118,Nickel,Nickel,0,0.49295386233698074,125b,125b
0e45ff7118,1ed3442cfa,Nickel,Nickel,0,0.47380792049653475,125b,125b
1ed3442cfa,0e45ff7118,Nickel,Nickel,0,0.47393880787286824,125b,125b
0e45ff7118,db4804f266,Nickel,Nickel,0,0.7661025173744088,125b,125b
db4804f266,0e45ff7118,Nickel,Nickel,0,0.6870387307727417,125b,125b
0e45ff7118,bf77a5ca9b,Nickel,Nickel,0,0.5647058312563834,125b,125b
bf77a5ca9b,0e45ff7118,Nickel,Nickel,0,0.5647058312563836,125b,125b
0e45ff7118,13189e401d,Nickel,Nickel,0,0.6447520085910293,125b,125b
13189e401d,0e45ff7118,Nickel,Nickel,0,0.7042218010134379,125b,125b
0e45ff7118,d5070cee0f,Nickel,Nickel,0,0.6111002064105274,125b,125b
d5070cee0f,0e45ff7118,Nickel,Nickel,0,0.6110656440033642,125b,125b
0e45ff7118,27c44d34a4,Nickel,Nickel,0,0.5365928222846983,125b,125b
27c44d34a4,0e45ff7118,Nickel,Nickel,0,0.5354246529501342,125b,125b
0e45ff7118,4e0193ff9e,Nickel,Nickel,0,0.6362452330125223,125b,125b
4e0193ff9e,0e45ff7118,Nickel,Nickel,0,0.6364009131840217,125b,125b
0e45ff7118,3c6819beb9,Nickel,Nickel,0,0.5497428168619878,125b,125b
3c6819beb9,0e45ff7118,Nickel,Nickel,0,0.5496697242500597,125b,125b
0e45ff7118,3a2a75a851,Nickel,Nickel,0,0.5859397616031913,125b,125b
3a2a75a851,0e45ff7118,Nickel,Nickel,0,0.5656895087541707,125b,125b
0e45ff7118,0d991a198f,Nickel,Nickel,0,0.6748546482984766,125b,125b
0d991a198f,0e45ff7118,Nickel,Nickel,0,0.6748546482984767,125b,125b
a80b46b6d1,1ed3442cfa,Nickel,Nickel,0,0.5694493971366584,125b,125b
1ed3442cfa,a80b46b6d1,Nickel,Nickel,0,0.5695174045968732,125b,125b
a80b46b6d1,db4804f266,Nickel,Nickel,0,0.5906843516074429,125b,125b
db4804f266,a80b46b6d1,Nickel,Nickel,0,0.5905306210393072,125b,125b
a80b46b6d1,bf77a5ca9b,Nickel,Nickel,0,0.6064426921134574,125b,125b
bf77a5ca9b,a80b46b6d1,Nickel,Nickel,0,0.6060820376765622,125b,125b
a80b46b6d1,13189e401d,Nickel,Nickel,0,0.8821641063204676,125b,125b
13189e401d,a80b46b6d1,Nickel,Nickel,0,0.8819642950930429,125b,125b
a80b46b6d1,d5070cee0f,Nickel,Nickel,0,0.4699450025063855,125b,125b
d5070cee0f,a80b46b6d1,Nickel,Nickel,0,0.4684542624304088,125b,125b
a80b46b6d1,27c44d34a4,Nickel,Nickel,0,0.5936015759551798,125b,125b
27c44d34a4,a80b46b6d1,Nickel,Nickel,0,0.5926439488904622,125b,125b
a80b46b6d1,4e0193ff9e,Nickel,Nickel,0,0.5352661884070979,125b,125b
4e0193ff9e,a80b46b6d1,Nickel,Nickel,0,0.5365185576457152,125b,125b
a80b46b6d1,3c6819beb9,Nickel,Nickel,0,0.7782568718613005,125b,125b
3c6819beb9,a80b46b6d1,Nickel,Nickel,0,0.7778844571946836,125b,125b
a80b46b6d1,3a2a75a851,Nickel,Nickel,0,0.5605600912645271,125b,125b
3a2a75a851,a80b46b6d1,Nickel,Nickel,0,0.5603399923504369,125b,125b
a80b46b6d1,0d991a198f,Nickel,Nickel,0,0.6720665997369792,125b,125b
0d991a198f,a80b46b6d1,Nickel,Nickel,0,0.6721087436441139,125b,125b
1ed3442cfa,db4804f266,Nickel,Nickel,0,0.5013188998488012,125b,125b
db4804f266,1ed3442cfa,Nickel,Nickel,0,0.5014672178926466,125b,125b
1ed3442cfa,bf77a5ca9b,Nickel,Nickel,0,0.47520486575018084,125b,125b
bf77a5ca9b,1ed3442cfa,Nickel,Nickel,0,0.4777893514540115,125b,125b
1ed3442cfa,13189e401d,Nickel,Nickel,0,0.6339745649184373,125b,125b
13189e401d,1ed3442cfa,Nickel,Nickel,0,0.6337114043375032,125b,125b
1ed3442cfa,27c44d34a4,Nickel,Nickel,0,0.45468052653927615,125b,125b
27c44d34a4,1ed3442cfa,Nickel,Nickel,0,0.454394115726332,125b,125b
1ed3442cfa,3c6819beb9,Nickel,Nickel,0,0.4326667429723138,125b,125b
3c6819beb9,1ed3442cfa,Nickel,Nickel,0,0.4326667429723138,125b,125b
1ed3442cfa,3a2a75a851,Nickel,Nickel,0,0.5180587208314631,125b,125b
3a2a75a851,1ed3442cfa,Nickel,Nickel,0,0.5198205905838724,125b,125b
1ed3442cfa,0d991a198f,Nickel,Nickel,0,0.5927128441012736,125b,125b
0d991a198f,1ed3442cfa,Nickel,Nickel,0,0.5924446633798603,125b,125b
db4804f266,bf77a5ca9b,Nickel,Nickel,0,0.5187936716776704,125b,125b
bf77a5ca9b,db4804f266,Nickel,Nickel,0,0.5186881149738538,125b,125b
db4804f266,13189e401d,Nickel,Nickel,0,0.5831376560295386,125b,125b
13189e401d,db4804f266,Nickel,Nickel,0,0.5833102636048899,125b,125b
db4804f266,d5070cee0f,Nickel,Nickel,0,0.6455737168006285,125b,125b
d5070cee0f,db4804f266,Nickel,Nickel,0,0.6457343049856819,125b,125b
db4804f266,27c44d34a4,Nickel,Nickel,0,0.7914001937665719,125b,125b
27c44d34a4,db4804f266,Nickel,Nickel,0,0.7912286499658433,125b,125b
db4804f266,4e0193ff9e,Nickel,Nickel,0,0.5170060127365521,125b,125b
4e0193ff9e,db4804f266,Nickel,Nickel,0,0.5176642745815898,125b,125b
db4804f266,3c6819beb9,Nickel,Nickel,0,0.5133914582792145,125b,125b
3c6819beb9,db4804f266,Nickel,Nickel,0,0.5134123153277206,125b,125b
db4804f266,3a2a75a851,Nickel,Nickel,0,0.5746855270214856,125b,125b
3a2a75a851,db4804f266,Nickel,Nickel,0,0.574982707844283,125b,125b
db4804f266,0d991a198f,Nickel,Nickel,0,0.5223907571956583,125b,125b
0d991a198f,db4804f266,Nickel,Nickel,0,0.5219857980351564,125b,125b
bf77a5ca9b,13189e401d,Nickel,Nickel,0,0.5672598536710879,125b,125b
13189e401d,bf77a5ca9b,Nickel,Nickel,0,0.5669967914214941,125b,125b
bf77a5ca9b,d5070cee0f,Nickel,Nickel,0,0.6347608228723567,125b,125b
d5070cee0f,bf77a5ca9b,Nickel,Nickel,0,0.6354236271223181,125b,125b
bf77a5ca9b,27c44d34a4,Nickel,Nickel,0,0.5415488144981047,125b,125b
27c44d34a4,bf77a5ca9b,Nickel,Nickel,0,0.5417036261743234,125b,125b
bf77a5ca9b,4e0193ff9e,Nickel,Nickel,0,0.5530908746337662,125b,125b
4e0193ff9e,bf77a5ca9b,Nickel,Nickel,0,0.6218472376179155,125b,125b
bf77a5ca9b,3c6819beb9,Nickel,Nickel,0,0.5707930513632565,125b,125b
3c6819beb9,bf77a5ca9b,Nickel,Nickel,0,0.5715303061643773,125b,125b
bf77a5ca9b,3a2a75a851,Nickel,Nickel,0,0.5929972885052331,125b,125b
3a2a75a851,bf77a5ca9b,Nickel,Nickel,0,0.5943196402622485,125b,125b
bf77a5ca9b,0d991a198f,Nickel,Nickel,0,0.46448535032680804,125b,125b
0d991a198f,bf77a5ca9b,Nickel,Nickel,0,0.4640970196200747,125b,125b
13189e401d,d5070cee0f,Nickel,Nickel,0,0.5127014240651633,125b,125b
d5070cee0f,13189e401d,Nickel,Nickel,0,0.5137312258101447,125b,125b
13189e401d,27c44d34a4,Nickel,Nickel,0,0.6333412076112626,125b,125b
27c44d34a4,13189e401d,Nickel,Nickel,0,0.6328612989746023,125b,125b
13189e401d,4e0193ff9e,Nickel,Nickel,0,0.5088970405687052,125b,125b
4e0193ff9e,13189e401d,Nickel,Nickel,0,0.5098834034054784,125b,125b
13189e401d,3c6819beb9,Nickel,Nickel,0,0.49528816070323695,125b,125b
3c6819beb9,13189e401d,Nickel,Nickel,0,0.4952713828010138,125b,125b
13189e401d,3a2a75a851,Nickel,Nickel,0,0.5399923772961666,125b,125b
3a2a75a851,13189e401d,Nickel,Nickel,0,0.5399923772961666,125b,125b
13189e401d,0d991a198f,Nickel,Nickel,0,0.7364870548977467,125b,125b
0d991a198f,13189e401d,Nickel,Nickel,0,0.7355320401306348,125b,125b
d5070cee0f,27c44d34a4,Nickel,Nickel,0,0.6741409554209968,125b,125b
27c44d34a4,d5070cee0f,Nickel,Nickel,0,0.673483042615008,125b,125b
d5070cee0f,3c6819beb9,Nickel,Nickel,0,0.4468818498670057,125b,125b
3c6819beb9,d5070cee0f,Nickel,Nickel,0,0.44746672864393267,125b,125b
d5070cee0f,3a2a75a851,Nickel,Nickel,0,0.5041648037231162,125b,125b
3a2a75a851,d5070cee0f,Nickel,Nickel,0,0.5041882493297878,125b,125b
d5070cee0f,0d991a198f,Nickel,Nickel,0,0.6643342805166998,125b,125b
0d991a198f,d5070cee0f,Nickel,Nickel,0,0.6643066380390288,125b,125b
27c44d34a4,4e0193ff9e,Nickel,Nickel,0,0.5091244770141177,125b,125b
4e0193ff9e,27c44d34a4,Nickel,Nickel,0,0.5091424160624559,125b,125b
27c44d34a4,3c6819beb9,Nickel,Nickel,0,0.6545923538688857,125b,125b
3c6819beb9,27c44d34a4,Nickel,Nickel,0,0.6550620179410659,125b,125b
27c44d34a4,3a2a75a851,Nickel,Nickel,0,0.5028178153291345,125b,125b
3a2a75a851,27c44d34a4,Nickel,Nickel,0,0.43399989358412305,125b,125b
27c44d34a4,0d991a198f,Nickel,Nickel,0,0.6863018956126935,125b,125b
0d991a198f,27c44d34a4,Nickel,Nickel,0,0.6866102218525163,125b,125b
4e0193ff9e,3c6819beb9,Nickel,Nickel,0,0.4529830478294447,125b,125b
3c6819beb9,4e0193ff9e,Nickel,Nickel,0,0.4529219567066275,125b,125b
4e0193ff9e,3a2a75a851,Nickel,Nickel,0,0.523018356932297,125b,125b
3a2a75a851,4e0193ff9e,Nickel,Nickel,0,0.5214586813247081,125b,125b
4e0193ff9e,0d991a198f,Nickel,Nickel,0,0.5491354454992929,125b,125b
0d991a198f,4e0193ff9e,Nickel,Nickel,0,0.5491319605455005,125b,125b
3c6819beb9,3a2a75a851,Nickel,Nickel,0,0.4994973148039114,125b,125b
3a2a75a851,3c6819beb9,Nickel,Nickel,0,0.49872478506691337,125b,125b
3c6819beb9,0d991a198f,Nickel,Nickel,0,0.6269278090508159,125b,125b
0d991a198f,3c6819beb9,Nickel,Nickel,0,0.6269105621341188,125b,125b
3a2a75a851,0d991a198f,Nickel,Nickel,0,0.4463549712542018,125b,125b
0d991a198f,3a2a75a851,Nickel,Nickel,0,0.4465543281557288,125b,125b
