Type1,Type2,Weapon1,Weapon2,Material1,Material2,Hypothesis,Score
4e8c,4e8c,4e8c87be73,4e8c87be73,Nickel,Brass,1,0.8326460427144101
4e8c,4e8c,4e8c87be73,4e8c87be73,Brass,Nickel,1,0.8331195196485586
db9f,db9f,db9f861795,db9f861795,Brass,Nickel,1,0.9060372650414742
db9f,db9f,db9f861795,db9f861795,Nickel,Brass,1,0.9060372650414743
d00b,d00b,d00bf582d1,d00bf582d1,Brass,Nickel,1,0.6978114584800831
d00b,d00b,d00bf582d1,d00bf582d1,Nickel,Brass,1,0.6978114584800827
5d53,5d53,5d53b1980d,5d53b1980d,Nickel,Nickel,1,0.9444291241407557
5d53,5d53,5d53b1980d,5d53b1980d,Nickel,Nickel,1,0.9444291241407557
eeb4,eeb4,eeb4c50ec0,eeb4c50ec0,Brass,Nickel,1,0.652604010228198
eeb4,eeb4,eeb4c50ec0,eeb4c50ec0,Nickel,Brass,1,0.6528783312481332
0db0,0db0,0db08b7f9e,0db08b7f9e,Brass,Nickel,1,0.9404036680410052
0db0,0db0,0db08b7f9e,0db08b7f9e,Nickel,Brass,1,0.9404036680410056
3aba,3aba,3aba1ffd71,3aba1ffd71,Brass,Brass,1,0.7665784568982369
3aba,3aba,3aba1ffd71,3aba1ffd71,Brass,Brass,1,0.7665784568982369
a54c,a54c,a54ce43a84,a54ce43a84,Nickel,Nickel,1,0.9133440112090656
a54c,a54c,a54ce43a84,a54ce43a84,Nickel,Nickel,1,0.9133105621439696
bd69,bd69,bd69b2b57e,bd69b2b57e,Nickel,Nickel,1,0.9152395176922836
bd69,bd69,bd69b2b57e,bd69b2b57e,Nickel,Nickel,1,0.9152395176922838
8d2c,8d2c,8d2c6884a2,8d2c6884a2,Brass,Brass,1,0.7898525972483078
8d2c,8d2c,8d2c6884a2,8d2c6884a2,Brass,Brass,1,0.789852597248308
e148,e148,e148843b1b,e148843b1b,Nickel,Nickel,1,0.9236735264126884
e148,e148,e148843b1b,e148843b1b,Nickel,Nickel,1,0.9254215295992168
867e,867e,867e742682,867e742682,Nickel,Brass,1,0.9674447850142257
867e,867e,867e742682,867e742682,Brass,Nickel,1,0.9674447850142259
81bb,81bb,81bb3cb084,81bb3cb084,Brass,Brass,1,0.8238228682157098
81bb,81bb,81bb3cb084,81bb3cb084,Brass,Brass,1,0.8238228682157097
46a9,46a9,46a94c0ba6,46a94c0ba6,Brass,Brass,1,0.9441464224343122
46a9,46a9,46a94c0ba6,46a94c0ba6,Brass,Brass,1,0.9441464224343122
1a61,1a61,1a61c27690,1a61c27690,Nickel,Brass,1,0.8449643944046653
1a61,1a61,1a61c27690,1a61c27690,Brass,Nickel,1,0.8449643944046659
63c6,63c6,63c6b83358,63c6b83358,Nickel,Brass,1,0.9355078424661681
63c6,63c6,63c6b83358,63c6b83358,Brass,Nickel,1,0.935507842466168
fb36,fb36,fb36246e43,fb36246e43,Nickel,Nickel,1,0.9444647078229373
fb36,fb36,fb36246e43,fb36246e43,Nickel,Nickel,1,0.9444647078229375
fa65,fa65,fa6595462f,fa6595462f,Brass,Brass,1,0.9542615643229101
fa65,fa65,fa6595462f,fa6595462f,Brass,Brass,1,0.9545141862594603
f9a6,f9a6,f9a66f58d3,f9a66f58d3,Nickel,Brass,1,0.8708798415294284
f9a6,f9a6,f9a66f58d3,f9a66f58d3,Brass,Nickel,1,0.8708798415294281
27c4,27c4,27c44d34a4,27c44d34a4,Brass,Brass,1,0.9763992026076578
27c4,27c4,27c44d34a4,27c44d34a4,Brass,Brass,1,0.9763992026076582
89d2,89d2,89d2cec2bc,89d2cec2bc,Brass,Brass,1,0.7646612080107834
89d2,89d2,89d2cec2bc,89d2cec2bc,Brass,Brass,1,0.7646612080107834
8b44,8b44,8b448b9e4c,8b448b9e4c,Nickel,Nickel,1,0.9830784691811328
8b44,8b44,8b448b9e4c,8b448b9e4c,Nickel,Nickel,1,0.9830784691811326
3cad,3cad,3cadb33f2f,3cadb33f2f,Nickel,Brass,1,0.7673242218772299
3cad,3cad,3cadb33f2f,3cadb33f2f,Brass,Nickel,1,0.7673242218772298
006a,006a,006a1314fe,006a1314fe,Brass,Brass,1,0.7203568565553378
006a,006a,006a1314fe,006a1314fe,Brass,Brass,1,0.7181130499938287
8eda,8eda,8edaa51105,8edaa51105,Brass,Nickel,1,0.7858013882829671
8eda,8eda,8edaa51105,8edaa51105,Nickel,Brass,1,0.7855072560302472
9f5c,9f5c,9f5cee2a11,9f5cee2a11,Nickel,Nickel,1,0.9430069397311447
9f5c,9f5c,9f5cee2a11,9f5cee2a11,Nickel,Nickel,1,0.9430069397311449
9e16,9e16,9e169b6b4a,9e169b6b4a,Nickel,Nickel,1,0.9549595228076769
9e16,9e16,9e169b6b4a,9e169b6b4a,Nickel,Nickel,1,0.9549595228076767
2558,2558,255872d83b,255872d83b,Brass,Nickel,1,0.6649444491104235
2558,2558,255872d83b,255872d83b,Nickel,Brass,1,0.6640965575033597
84e0,84e0,84e0e9ad16,84e0e9ad16,Brass,Nickel,1,0.9584320972312185
84e0,84e0,84e0e9ad16,84e0e9ad16,Nickel,Brass,1,0.9584320972312184
9e83,9e83,9e83787977,9e83787977,Brass,Brass,1,0.9342037683180494
9e83,9e83,9e83787977,9e83787977,Brass,Brass,1,0.9342037683180492
cdfa,cdfa,cdfa00c17a,cdfa00c17a,Brass,Nickel,1,0.8125281179019841
cdfa,cdfa,cdfa00c17a,cdfa00c17a,Nickel,Brass,1,0.8125281179019844
5187,5187,5187134316,5187134316,Brass,Brass,1,0.9308891474892546
5187,5187,5187134316,5187134316,Brass,Brass,1,0.9308891474892543
0658,0658,065850e0e3,065850e0e3,Brass,Brass,1,0.9182850360630266
0658,0658,065850e0e3,065850e0e3,Brass,Brass,1,0.9182850360630265
4657,4657,465776f37d,465776f37d,Nickel,Nickel,1,0.8634339500392243
4657,4657,465776f37d,465776f37d,Nickel,Nickel,1,0.8633810164638887
7471,7471,74711b8750,74711b8750,Brass,Nickel,1,0.8223556835046063
7471,7471,74711b8750,74711b8750,Nickel,Brass,1,0.8216354192707326
1fa0,1fa0,1fa0c6d8d0,1fa0c6d8d0,Brass,Nickel,1,0.9415560360140528
1fa0,1fa0,1fa0c6d8d0,1fa0c6d8d0,Nickel,Brass,1,0.9412434586981878
33cc,33cc,33cc68a9eb,33cc68a9eb,Brass,Nickel,1,0.9713742703562463
33cc,33cc,33cc68a9eb,33cc68a9eb,Nickel,Brass,1,0.9713742703562466
326b,326b,326bd7053d,326bd7053d,Nickel,Nickel,1,0.9904662905193747
326b,326b,326bd7053d,326bd7053d,Nickel,Nickel,1,0.9904662905193744
27c0,27c0,27c03bf211,27c03bf211,Nickel,Brass,1,0.6270191621522294
27c0,27c0,27c03bf211,27c03bf211,Brass,Nickel,1,0.6269023479915353
f366,f366,f366f00cde,f366f00cde,Brass,Nickel,1,0.8781944622050109
f366,f366,f366f00cde,f366f00cde,Nickel,Brass,1,0.8781944622050106
5c9d,5c9d,5c9da0f7f0,5c9da0f7f0,Brass,Brass,1,0.9653382366074638
5c9d,5c9d,5c9da0f7f0,5c9da0f7f0,Brass,Brass,1,0.9653382366074637
d469,d469,d469fc3f70,d469fc3f70,Brass,Nickel,1,0.5610939270886137
d469,d469,d469fc3f70,d469fc3f70,Nickel,Brass,1,0.5609068187805659
2a3b,2a3b,2a3b7ab647,2a3b7ab647,Nickel,Brass,1,0.9308338277613809
2a3b,2a3b,2a3b7ab647,2a3b7ab647,Brass,Nickel,1,0.9308338277613804
9fbb,9fbb,9fbbe4fcae,9fbbe4fcae,Nickel,Brass,1,0.8820600886690477
9fbb,9fbb,9fbbe4fcae,9fbbe4fcae,Brass,Nickel,1,0.8824321776379815
a524,a524,a524d36b72,a524d36b72,Brass,Brass,1,0.9404428715175458
a524,a524,a524d36b72,a524d36b72,Brass,Brass,1,0.9404428715175457
7204,7204,7204a1feeb,7204a1feeb,Brass,Brass,1,0.9256298937779459
7204,7204,7204a1feeb,7204a1feeb,Brass,Brass,1,0.9253034289591898
651a,651a,651a720f52,651a720f52,Nickel,Brass,1,0.9289549226163918
651a,651a,651a720f52,651a720f52,Brass,Nickel,1,0.9291612448702832
c208,c208,c2081b71be,c2081b71be,Brass,Nickel,1,0.9051021650650102
c208,c208,c2081b71be,c2081b71be,Nickel,Brass,1,0.9049754894762424
bf77,bf77,bf77a5ca9b,bf77a5ca9b,Nickel,Brass,1,0.9363327886452657
bf77,bf77,bf77a5ca9b,bf77a5ca9b,Brass,Nickel,1,0.9363327886452654
be50,be50,be50e7d534,be50e7d534,Brass,Nickel,1,0.8106263545860452
be50,be50,be50e7d534,be50e7d534,Nickel,Brass,1,0.8126926373449133
93f6,93f6,93f6afc25d,93f6afc25d,Nickel,Brass,1,0.8844271636501014
93f6,93f6,93f6afc25d,93f6afc25d,Brass,Nickel,1,0.8844271636501015
ed47,ed47,ed472f9cda,ed472f9cda,Nickel,Brass,1,0.8735503524746658
ed47,ed47,ed472f9cda,ed472f9cda,Brass,Nickel,1,0.8739398782808729
a49e,a49e,a49e80e2bf,a49e80e2bf,Brass,Nickel,1,0.7276769534187187
a49e,a49e,a49e80e2bf,a49e80e2bf,Nickel,Brass,1,0.727676953418719
114a,114a,114a81160d,114a81160d,Nickel,Brass,1,0.9676086385955821
114a,114a,114a81160d,114a81160d,Brass,Nickel,1,0.9676086385955821
5460,5460,54602388df,54602388df,Nickel,Brass,1,0.9827462849477727
5460,5460,54602388df,54602388df,Brass,Nickel,1,0.9827462849477724
4a85,4a85,4a8527a9a0,4a8527a9a0,Nickel,Nickel,1,0.8738142696872415
4a85,4a85,4a8527a9a0,4a8527a9a0,Nickel,Nickel,1,0.8704023591364539
1588,1588,1588672e36,1588672e36,Brass,Nickel,1,0.9766064060246713
1588,1588,1588672e36,1588672e36,Nickel,Brass,1,0.977257292978055
5a62,5a62,5a62fb7223,5a62fb7223,Nickel,Nickel,1,0.9487158594369665
5a62,5a62,5a62fb7223,5a62fb7223,Nickel,Nickel,1,0.9487158594369665
cd57,cd57,cd576798db,cd576798db,Nickel,Nickel,1,0.7209758619411318
cd57,cd57,cd576798db,cd576798db,Nickel,Nickel,1,0.7205764076875762
0c71,0c71,0c7139a036,0c7139a036,Nickel,Brass,1,0.7112248798413943
0c71,0c71,0c7139a036,0c7139a036,Brass,Nickel,1,0.7112248798413945
fc6e,fc6e,fc6e345a87,fc6e345a87,Brass,Nickel,1,0.8554767242062573
fc6e,fc6e,fc6e345a87,fc6e345a87,Nickel,Brass,1,0.8582977428918019
f8c4,f8c4,f8c4c41732,f8c4c41732,Brass,Nickel,1,0.7542551078527735
f8c4,f8c4,f8c4c41732,f8c4c41732,Nickel,Brass,1,0.7537073347056223
b829,b829,b8299ace38,b8299ace38,Brass,Brass,1,0.8411326793411877
b829,b829,b8299ace38,b8299ace38,Brass,Brass,1,0.8404705308907565
77d9,77d9,77d984eb8b,77d984eb8b,Brass,Nickel,1,0.9506114832084113
77d9,77d9,77d984eb8b,77d984eb8b,Nickel,Brass,1,0.9506114832084112
9d58,9d58,9d580ca5f3,9d580ca5f3,Nickel,Nickel,1,0.6380070163387986
9d58,9d58,9d580ca5f3,9d580ca5f3,Nickel,Nickel,1,0.6380070163387987
9645,9645,9645e12969,9645e12969,Brass,Nickel,1,0.9114137624273949
9645,9645,9645e12969,9645e12969,Nickel,Brass,1,0.9114137624273949
6416,6416,64161ddb14,64161ddb14,Nickel,Nickel,1,0.8691163293303329
6416,6416,64161ddb14,64161ddb14,Nickel,Nickel,1,0.8694614064496303
e139,e139,e139e26428,e139e26428,Nickel,Nickel,1,0.8910758283030634
e139,e139,e139e26428,e139e26428,Nickel,Nickel,1,0.8910758283030633
8c82,8c82,8c82f237f9,8c82f237f9,Brass,Nickel,1,0.8326167742985309
8c82,8c82,8c82f237f9,8c82f237f9,Nickel,Brass,1,0.8290506088358761
8197,8197,8197f401c9,8197f401c9,Nickel,Nickel,1,0.8801360423799354
8197,8197,8197f401c9,8197f401c9,Nickel,Nickel,1,0.8801360423799358
e3d3,e3d3,e3d39b187c,e3d39b187c,Brass,Brass,1,0.9151537810607335
e3d3,e3d3,e3d39b187c,e3d39b187c,Brass,Brass,1,0.9151537810607336
5e1f,5e1f,5e1f731abe,5e1f731abe,Brass,Brass,1,0.8611963295484065
5e1f,5e1f,5e1f731abe,5e1f731abe,Brass,Brass,1,0.8611963295484065
b9db,b9db,b9dba629ae,b9dba629ae,Nickel,Nickel,1,0.8317878125067429
b9db,b9db,b9dba629ae,b9dba629ae,Nickel,Nickel,1,0.8317878125067428
1318,1318,13189e401d,13189e401d,Nickel,Brass,1,0.7278045667257286
1318,1318,13189e401d,13189e401d,Brass,Nickel,1,0.7276976732797116
b92f,b92f,b92f20bb93,b92f20bb93,Brass,Nickel,1,0.7761169437149708
b92f,b92f,b92f20bb93,b92f20bb93,Nickel,Brass,1,0.7762698840494873
218a,218a,218ae10a65,218ae10a65,Nickel,Nickel,1,0.7701174204547455
218a,218a,218ae10a65,218ae10a65,Nickel,Nickel,1,0.7698788339128512
b4f6,b4f6,b4f6763191,b4f6763191,Nickel,Nickel,1,0.8090927155181471
b4f6,b4f6,b4f6763191,b4f6763191,Nickel,Nickel,1,0.8096238279800019
ef85,ef85,ef85c2ef6b,ef85c2ef6b,Nickel,Nickel,1,0.9728910590592406
ef85,ef85,ef85c2ef6b,ef85c2ef6b,Nickel,Nickel,1,0.9728910590592406
554c,554c,554cd2f9ad,554cd2f9ad,Brass,Nickel,1,0.9227451058281976
554c,554c,554cd2f9ad,554cd2f9ad,Nickel,Brass,1,0.9227451058281974
a954,a954,a9542eafb6,a9542eafb6,Nickel,Brass,1,0.9551272519556946
a954,a954,a9542eafb6,a9542eafb6,Brass,Nickel,1,0.9551272519556941
d54a,d54a,d54a78b3f6,d54a78b3f6,Brass,Brass,1,0.8439114920361858
d54a,d54a,d54a78b3f6,d54a78b3f6,Brass,Brass,1,0.8434230099368423
2753,2753,275310424a,275310424a,Brass,Nickel,1,0.7944340824364697
2753,2753,275310424a,275310424a,Nickel,Brass,1,0.7937737386636948
dd8d,dd8d,dd8d33227f,dd8d33227f,Nickel,Brass,1,0.949810171527544
dd8d,dd8d,dd8d33227f,dd8d33227f,Brass,Nickel,1,0.9498101715275443
7db9,7db9,7db9fa3fdc,7db9fa3fdc,Brass,Brass,1,0.842730060650694
7db9,7db9,7db9fa3fdc,7db9fa3fdc,Brass,Brass,1,0.8427463453215371
0b78,0b78,0b782c3069,0b782c3069,Nickel,Nickel,1,0.9494094235903946
0b78,0b78,0b782c3069,0b782c3069,Nickel,Nickel,1,0.9494094235903944
b447,b447,b4475e07ab,b4475e07ab,Nickel,Nickel,1,0.9001618797703625
b447,b447,b4475e07ab,b4475e07ab,Nickel,Nickel,1,0.900161879770362
1440,1440,1440f0509e,1440f0509e,Nickel,Nickel,1,0.9689393071486877
1440,1440,1440f0509e,1440f0509e,Nickel,Nickel,1,0.9689393071486877
744a,744a,744a7e7690,744a7e7690,Nickel,Nickel,1,0.8734952181547365
744a,744a,744a7e7690,744a7e7690,Nickel,Nickel,1,0.8734952181547366
88c2,88c2,88c293654f,88c293654f,Brass,Nickel,1,0.7825159683068538
88c2,88c2,88c293654f,88c293654f,Nickel,Brass,1,0.7826568255079489
9fbf,9fbf,9fbf447e53,9fbf447e53,Nickel,Brass,1,0.7702561547837666
9fbf,9fbf,9fbf447e53,9fbf447e53,Brass,Nickel,1,0.7702561547837664
1be7,1be7,1be78463d7,1be78463d7,Nickel,Brass,1,0.9752830124955918
1be7,1be7,1be78463d7,1be78463d7,Brass,Nickel,1,0.975283012495592
41f1,41f1,41f1030655,41f1030655,Nickel,Brass,1,0.9599860938846818
41f1,41f1,41f1030655,41f1030655,Brass,Nickel,1,0.9599860938846814
ac9b,ac9b,ac9b7024b2,ac9b7024b2,Nickel,Nickel,1,0.7557774595041589
ac9b,ac9b,ac9b7024b2,ac9b7024b2,Nickel,Nickel,1,0.7560790744993509
07ff,07ff,07ffa2d44f,07ffa2d44f,Nickel,Nickel,1,0.9059163458357942
07ff,07ff,07ffa2d44f,07ffa2d44f,Nickel,Nickel,1,0.9059163458357938
2daf,2daf,2dafb6ca52,2dafb6ca52,Nickel,Brass,1,0.6219106960639033
2daf,2daf,2dafb6ca52,2dafb6ca52,Brass,Nickel,1,0.6216905571001132
1f25,1f25,1f2544214d,1f2544214d,Nickel,Nickel,1,0.8444962450556376
1f25,1f25,1f2544214d,1f2544214d,Nickel,Nickel,1,0.844496245055637
37d2,37d2,37d21f987c,37d21f987c,Brass,Brass,1,0.7054278192233
37d2,37d2,37d21f987c,37d21f987c,Brass,Brass,1,0.696403165309044
4301,4301,43012574d4,43012574d4,Nickel,Nickel,1,0.8818275288105679
4301,4301,43012574d4,43012574d4,Nickel,Nickel,1,0.882510689443475
0f1b,0f1b,0f1b7d028f,0f1b7d028f,Brass,Brass,1,0.9696708610966546
0f1b,0f1b,0f1b7d028f,0f1b7d028f,Brass,Brass,1,0.9696708610966545
a3b1,a3b1,a3b1085bea,a3b1085bea,Brass,Nickel,1,0.8670750237338251
a3b1,a3b1,a3b1085bea,a3b1085bea,Nickel,Brass,1,0.8670750237338254
3443,3443,3443ea5ba5,3443ea5ba5,Brass,Brass,1,0.754524074641839
3443,3443,3443ea5ba5,3443ea5ba5,Brass,Brass,1,0.7545240746418391
2166,2166,21664540e1,21664540e1,Brass,Brass,1,0.8683916855464343
2166,2166,21664540e1,21664540e1,Brass,Brass,1,0.8683916855464344
a057,a057,a0575f4e5b,a0575f4e5b,Nickel,Nickel,1,0.8608385256806194
a057,a057,a0575f4e5b,a0575f4e5b,Nickel,Nickel,1,0.8613542491608159
90d6,90d6,90d6397a11,90d6397a11,Brass,Brass,1,0.7642981161828454
90d6,90d6,90d6397a11,90d6397a11,Brass,Brass,1,0.7642240229703361
633f,633f,633fbb7de1,633fbb7de1,Nickel,Nickel,1,0.6559192626678196
633f,633f,633fbb7de1,633fbb7de1,Nickel,Nickel,1,0.6555419690344356
3a2a,3a2a,3a2a75a851,3a2a75a851,Brass,Brass,1,0.9100884776830863
3a2a,3a2a,3a2a75a851,3a2a75a851,Brass,Brass,1,0.9100884776830865
803e,803e,803e2e304c,803e2e304c,Brass,Nickel,1,0.6467781224503953
803e,803e,803e2e304c,803e2e304c,Nickel,Brass,1,0.6461313566141892
a404,a404,a404412c4e,a404412c4e,Nickel,Brass,1,0.8997078744502951
a404,a404,a404412c4e,a404412c4e,Brass,Nickel,1,0.8997078744502953
b181,b181,b18136930a,b18136930a,Nickel,Nickel,1,0.9387853672482885
b181,b181,b18136930a,b18136930a,Nickel,Nickel,1,0.9375524163291916
ef4d,ef4d,ef4d4aee2a,ef4d4aee2a,Nickel,Brass,1,0.8956641942731355
ef4d,ef4d,ef4d4aee2a,ef4d4aee2a,Brass,Nickel,1,0.8959881595315676
d507,d507,d5070cee0f,d5070cee0f,Nickel,Brass,1,0.9855058145489509
d507,d507,d5070cee0f,d5070cee0f,Brass,Nickel,1,0.9855058145489513
06e1,06e1,06e173827a,06e173827a,Nickel,Brass,1,0.7737426406671899
06e1,06e1,06e173827a,06e173827a,Brass,Nickel,1,0.7740202893136175
ab58,ab58,ab584c07c2,ab584c07c2,Brass,Brass,1,0.9574506919095491
ab58,ab58,ab584c07c2,ab584c07c2,Brass,Brass,1,0.9568163940590286
e6cc,e6cc,e6cc40d201,e6cc40d201,Brass,Nickel,1,0.8712617432179263
e6cc,e6cc,e6cc40d201,e6cc40d201,Nickel,Brass,1,0.8713342725878904
d645,d645,d64504718a,d64504718a,Brass,Nickel,1,0.6028124681942976
d645,d645,d64504718a,d64504718a,Nickel,Brass,1,0.5733642705877217
6e46,6e46,6e46d2b898,6e46d2b898,Brass,Nickel,1,0.952028450262079
6e46,6e46,6e46d2b898,6e46d2b898,Nickel,Brass,1,0.9520284502620792
4b65,4b65,4b653e1078,4b653e1078,Nickel,Nickel,1,0.6759808748010228
4b65,4b65,4b653e1078,4b653e1078,Nickel,Nickel,1,0.6756602578969038
dd89,dd89,dd89c806a4,dd89c806a4,Nickel,Nickel,1,0.9260756478673283
dd89,dd89,dd89c806a4,dd89c806a4,Nickel,Nickel,1,0.9260756478673285
13e4,13e4,13e462a218,13e462a218,Nickel,Nickel,1,0.6546609871302979
13e4,13e4,13e462a218,13e462a218,Nickel,Nickel,1,0.6546609871302979
4bbf,4bbf,4bbf967d87,4bbf967d87,Brass,Brass,1,0.6758858781366404
4bbf,4bbf,4bbf967d87,4bbf967d87,Brass,Brass,1,0.6753584766355553
3c68,3c68,3c6819beb9,3c6819beb9,Brass,Brass,1,0.904010899644305
3c68,3c68,3c6819beb9,3c6819beb9,Brass,Brass,1,0.904010899644305
442e,442e,442ed1aba3,442ed1aba3,Brass,Brass,1,0.7212540484381451
442e,442e,442ed1aba3,442ed1aba3,Brass,Brass,1,0.7212540484381451
c966,c966,c9661c2165,c9661c2165,Nickel,Nickel,1,0.8098686332141609
c966,c966,c9661c2165,c9661c2165,Nickel,Nickel,1,0.8103042194710471
cccb,cccb,cccba287c0,cccba287c0,Brass,Brass,1,0.8581138538029522
cccb,cccb,cccba287c0,cccba287c0,Brass,Brass,1,0.8581138538029524
fe57,fe57,fe57804d2f,fe57804d2f,Brass,Nickel,1,0.8672617448031482
fe57,fe57,fe57804d2f,fe57804d2f,Nickel,Brass,1,0.867261744803148
5e80,5e80,5e80774246,5e80774246,Nickel,Brass,1,0.8850083742925849
5e80,5e80,5e80774246,5e80774246,Brass,Nickel,1,0.8850083742925849
a794,a794,a7941599a3,a7941599a3,Brass,Nickel,1,0.79119918101386
a794,a794,a7941599a3,a7941599a3,Nickel,Brass,1,0.7911097637786751
53b4,53b4,53b447cf40,53b447cf40,Nickel,Nickel,1,0.9446858139428462
53b4,53b4,53b447cf40,53b447cf40,Nickel,Nickel,1,0.9446858139428462
7f3b,7f3b,7f3b7d60f8,7f3b7d60f8,Nickel,Brass,1,0.8736145980397488
7f3b,7f3b,7f3b7d60f8,7f3b7d60f8,Brass,Nickel,1,0.8742407682629839
1f1c,1f1c,1f1cc95695,1f1cc95695,Nickel,Brass,1,0.5960386600310652
1f1c,1f1c,1f1cc95695,1f1cc95695,Brass,Nickel,1,0.5958480632950955
1ed3,1ed3,1ed3442cfa,1ed3442cfa,Nickel,Nickel,1,0.9581690226242578
1ed3,1ed3,1ed3442cfa,1ed3442cfa,Nickel,Nickel,1,0.9581690226242581
386d,386d,386dbcc899,386dbcc899,Brass,Nickel,1,0.5913478492864197
386d,386d,386dbcc899,386dbcc899,Nickel,Brass,1,0.5916507470230337
9749,9749,9749f4949a,9749f4949a,Brass,Brass,1,0.8827766858025302
9749,9749,9749f4949a,9749f4949a,Brass,Brass,1,0.8827766858025301
e6b0,e6b0,e6b0884c5f,e6b0884c5f,Brass,Brass,1,0.7402024327266157
e6b0,e6b0,e6b0884c5f,e6b0884c5f,Brass,Brass,1,0.7402024327266155
797e,797e,797ececd4d,797ececd4d,Brass,Brass,1,0.9507932834117223
797e,797e,797ececd4d,797ececd4d,Brass,Brass,1,0.950793283411722
53e9,53e9,53e96a3c39,53e96a3c39,Nickel,Brass,1,0.5511078470543396
53e9,53e9,53e96a3c39,53e96a3c39,Brass,Nickel,1,0.5514122147098733
db48,db48,db4804f266,db4804f266,Nickel,Nickel,1,0.9687208851358581
db48,db48,db4804f266,db4804f266,Nickel,Nickel,1,0.968720885135858
ea56,ea56,ea5653bbfb,ea5653bbfb,Brass,Brass,1,0.8673397114795378
ea56,ea56,ea5653bbfb,ea5653bbfb,Brass,Brass,1,0.8672200801010059
650f,650f,650f711e0f,650f711e0f,Brass,Nickel,1,0.9383510320053529
650f,650f,650f711e0f,650f711e0f,Nickel,Brass,1,0.9383510320053525
ae9b,ae9b,ae9b0acf0b,ae9b0acf0b,Nickel,Nickel,1,0.8953405813132134
ae9b,ae9b,ae9b0acf0b,ae9b0acf0b,Nickel,Nickel,1,0.895340581313213
485d,485d,485d8c99eb,485d8c99eb,Nickel,Brass,1,0.8379631981779377
485d,485d,485d8c99eb,485d8c99eb,Brass,Nickel,1,0.8370423707956971
0e45,0e45,0e45ff7118,0e45ff7118,Nickel,Brass,1,0.6748852838313477
0e45,0e45,0e45ff7118,0e45ff7118,Brass,Nickel,1,0.6740732367869536
ff11,ff11,ff11e3e39e,ff11e3e39e,Brass,Nickel,1,0.687311122891685
ff11,ff11,ff11e3e39e,ff11e3e39e,Nickel,Brass,1,0.6873391459216932
93ac,93ac,93ac97b997,93ac97b997,Brass,Nickel,1,0.591924047851666
93ac,93ac,93ac97b997,93ac97b997,Nickel,Brass,1,0.5910275820677232
0d99,0d99,0d991a198f,0d991a198f,Nickel,Nickel,1,0.9729833027955681
0d99,0d99,0d991a198f,0d991a198f,Nickel,Nickel,1,0.9729833027955679
0705,0705,0705af84e4,0705af84e4,Brass,Brass,1,0.9495714069248659
0705,0705,0705af84e4,0705af84e4,Brass,Brass,1,0.9496472621264321
cc6c,cc6c,cc6c455419,cc6c455419,Nickel,Brass,1,0.7394730470605727
cc6c,cc6c,cc6c455419,cc6c455419,Brass,Nickel,1,0.7394440408099184
b4ec,b4ec,b4ecec09f7,b4ecec09f7,Brass,Brass,1,0.9047148052952984
b4ec,b4ec,b4ecec09f7,b4ecec09f7,Brass,Brass,1,0.9047148052952984
bd89,bd89,bd89ab2453,bd89ab2453,Nickel,Brass,1,0.8919403036896818
bd89,bd89,bd89ab2453,bd89ab2453,Brass,Nickel,1,0.8919403036896821
5c05,5c05,5c05f057df,5c05f057df,Brass,Brass,1,0.9017516574712894
5c05,5c05,5c05f057df,5c05f057df,Brass,Brass,1,0.9017516574712892
0244,0244,024453ba54,024453ba54,Nickel,Nickel,1,0.9092516786323944
0244,0244,024453ba54,024453ba54,Nickel,Nickel,1,0.9091907943117614
f906,f906,f9063e2a6e,f9063e2a6e,Nickel,Brass,1,0.8322008123984925
f906,f906,f9063e2a6e,f9063e2a6e,Brass,Nickel,1,0.8315860016678227
a83f,a83f,a83feb1bb6,a83feb1bb6,Nickel,Brass,1,0.7324339642445538
a83f,a83f,a83feb1bb6,a83feb1bb6,Brass,Nickel,1,0.7319967849017813
c035,c035,c0355dcdaa,c0355dcdaa,Nickel,Nickel,1,0.9508846312483046
c035,c035,c0355dcdaa,c0355dcdaa,Nickel,Nickel,1,0.9473127620014118
f207,f207,f20719359c,f20719359c,Brass,Brass,1,0.7002157179955445
f207,f207,f20719359c,f20719359c,Brass,Brass,1,0.7004878536771294
ff7d,ff7d,ff7d167ca0,ff7d167ca0,Brass,Brass,1,0.7504537748823149
ff7d,ff7d,ff7d167ca0,ff7d167ca0,Brass,Brass,1,0.750453774882315
4e01,4e01,4e0193ff9e,4e0193ff9e,Brass,Nickel,1,0.666079094511109
4e01,4e01,4e0193ff9e,4e0193ff9e,Nickel,Brass,1,0.6660790945111091
9b00,9b00,9b00c4c264,9b00c4c264,Brass,Nickel,1,0.9717811378321612
9b00,9b00,9b00c4c264,9b00c4c264,Nickel,Brass,1,0.9720321981374774
6fe8,6fe8,6fe84404dd,6fe84404dd,Nickel,Nickel,1,0.7903326383637702
6fe8,6fe8,6fe84404dd,6fe84404dd,Nickel,Nickel,1,0.7901342197689236
2d95,2d95,2d95605114,2d95605114,Brass,Brass,1,0.532946310793991
2d95,2d95,2d95605114,2d95605114,Brass,Brass,1,0.5077275256386868
8410,8410,84106ae247,84106ae247,Nickel,Nickel,1,0.8926925648032372
8410,8410,84106ae247,84106ae247,Nickel,Nickel,1,0.8926925648032371
eb35,eb35,eb358a4d60,eb358a4d60,Brass,Brass,1,0.5828543680948028
eb35,eb35,eb358a4d60,eb358a4d60,Brass,Brass,1,0.5830435926287371
5d25,5d25,5d25cd3446,5d25cd3446,Nickel,Nickel,1,0.8776211717899758
5d25,5d25,5d25cd3446,5d25cd3446,Nickel,Nickel,1,0.8777493442572378
5b23,5b23,5b23b59131,5b23b59131,Brass,Brass,1,0.6408717338046676
5b23,5b23,5b23b59131,5b23b59131,Brass,Brass,1,0.6411516713092514
a672,a672,a672c8a1fa,a672c8a1fa,Nickel,Brass,1,0.4825732485048631
a672,a672,a672c8a1fa,a672c8a1fa,Brass,Nickel,1,0.48285418909063943
2479,2479,247918f662,247918f662,Brass,Nickel,1,0.8390981187088778
2479,2479,247918f662,247918f662,Nickel,Brass,1,0.8389819520130957
ae9b,cc6c,ae9b0acf0b,cc6c455419,Nickel,Brass,0,0.5578312522829466
cc6c,ae9b,cc6c455419,ae9b0acf0b,Brass,Nickel,0,0.5573156045807283
ae9b,7204,ae9b0acf0b,7204a1feeb,Nickel,Brass,0,0.5192001620939426
7204,ae9b,7204a1feeb,ae9b0acf0b,Brass,Nickel,0,0.5193564313748775
ae9b,867e,ae9b0acf0b,867e742682,Nickel,Nickel,0,0.5826977750085506
867e,ae9b,867e742682,ae9b0acf0b,Nickel,Nickel,0,0.5820528013851503
ae9b,ff11,ae9b0acf0b,ff11e3e39e,Nickel,Nickel,0,0.540482038456699
ff11,ae9b,ff11e3e39e,ae9b0acf0b,Nickel,Nickel,0,0.5409114140927924
ae9b,1be7,ae9b0acf0b,1be78463d7,Nickel,Brass,0,0.5855836807791999
1be7,ae9b,1be78463d7,ae9b0acf0b,Brass,Nickel,0,0.5864145605615327
ae9b,744a,ae9b0acf0b,744a7e7690,Nickel,Nickel,0,0.603522898791029
744a,ae9b,744a7e7690,ae9b0acf0b,Nickel,Nickel,0,0.6034444798542066
ae9b,1ed3,ae9b0acf0b,1ed3442cfa,Nickel,Nickel,0,0.5108264203658001
1ed3,ae9b,1ed3442cfa,ae9b0acf0b,Nickel,Nickel,0,0.5114293022605411
ae9b,93f6,ae9b0acf0b,93f6afc25d,Nickel,Nickel,0,0.5638552380157896
93f6,ae9b,93f6afc25d,ae9b0acf0b,Nickel,Nickel,0,0.5643975840522041
ae9b,2753,ae9b0acf0b,275310424a,Nickel,Brass,0,0.5471058145761961
2753,ae9b,275310424a,ae9b0acf0b,Brass,Nickel,0,0.547352665783089
ae9b,27c4,ae9b0acf0b,27c44d34a4,Nickel,Brass,0,0.5137786423245844
27c4,ae9b,27c44d34a4,ae9b0acf0b,Brass,Nickel,0,0.514114742283519
ae9b,41f1,ae9b0acf0b,41f1030655,Nickel,Nickel,0,0.49865357273826366
41f1,ae9b,41f1030655,ae9b0acf0b,Nickel,Nickel,0,0.49865357273826333
ae9b,d00b,ae9b0acf0b,d00bf582d1,Nickel,Brass,0,0.4509240582511374
d00b,ae9b,d00bf582d1,ae9b0acf0b,Brass,Nickel,0,0.4510090270485759
ae9b,9f5c,ae9b0acf0b,9f5cee2a11,Nickel,Nickel,0,0.5809066749869416
9f5c,ae9b,9f5cee2a11,ae9b0acf0b,Nickel,Nickel,0,0.582311380112877
ae9b,b4f6,ae9b0acf0b,b4f6763191,Nickel,Nickel,0,0.7344239374811382
b4f6,ae9b,b4f6763191,ae9b0acf0b,Nickel,Nickel,0,0.6990662563976694
ae9b,3c68,ae9b0acf0b,3c6819beb9,Nickel,Brass,0,0.616108110121635
3c68,ae9b,3c6819beb9,ae9b0acf0b,Brass,Nickel,0,0.6163263369340836
ae9b,88c2,ae9b0acf0b,88c293654f,Nickel,Nickel,0,0.6501288849505292
88c2,ae9b,88c293654f,ae9b0acf0b,Nickel,Nickel,0,0.6500453911067623
ae9b,d507,ae9b0acf0b,d5070cee0f,Nickel,Nickel,0,0.6982648783670311
d507,ae9b,d5070cee0f,ae9b0acf0b,Nickel,Nickel,0,0.745090193634619
ae9b,27c0,ae9b0acf0b,27c03bf211,Nickel,Nickel,0,0.5045247931338005
27c0,ae9b,27c03bf211,ae9b0acf0b,Nickel,Nickel,0,0.5044796477537296
ae9b,a80b,ae9b0acf0b,a80b46b6d1,Nickel,Brass,0,0.48866383232160804
a80b,ae9b,a80b46b6d1,ae9b0acf0b,Brass,Nickel,0,0.48905154154187336
ae9b,8197,ae9b0acf0b,8197f401c9,Nickel,Nickel,0,0.5328011177695209
8197,ae9b,8197f401c9,ae9b0acf0b,Nickel,Nickel,0,0.5328011177695208
ae9b,bf77,ae9b0acf0b,bf77a5ca9b,Nickel,Brass,0,0.6370282666287395
bf77,ae9b,bf77a5ca9b,ae9b0acf0b,Brass,Nickel,0,0.6375041558989674
ae9b,a3b1,ae9b0acf0b,a3b1085bea,Nickel,Brass,0,0.7089184586884452
a3b1,ae9b,a3b1085bea,ae9b0acf0b,Brass,Nickel,0,0.7093467839223452
ae9b,803e,ae9b0acf0b,803e2e304c,Nickel,Nickel,0,0.5342052683764081
803e,ae9b,803e2e304c,ae9b0acf0b,Nickel,Nickel,0,0.5344710344506275
ae9b,5187,ae9b0acf0b,5187134316,Nickel,Brass,0,0.47220227241190965
5187,ae9b,5187134316,ae9b0acf0b,Brass,Nickel,0,0.4717675074557519
ae9b,6e46,ae9b0acf0b,6e46d2b898,Nickel,Brass,0,0.6352230942264643
6e46,ae9b,6e46d2b898,ae9b0acf0b,Brass,Nickel,0,0.6378324005767945
ae9b,db48,ae9b0acf0b,db4804f266,Nickel,Nickel,0,0.5329154675204216
db48,ae9b,db4804f266,ae9b0acf0b,Nickel,Nickel,0,0.5329750112944593
ae9b,a54c,ae9b0acf0b,a54ce43a84,Nickel,Nickel,0,0.6451429054475061
a54c,ae9b,a54ce43a84,ae9b0acf0b,Nickel,Nickel,0,0.6421418259458251
ae9b,0db0,ae9b0acf0b,0db08b7f9e,Nickel,Nickel,0,0.453424005591379
0db0,ae9b,0db08b7f9e,ae9b0acf0b,Nickel,Nickel,0,0.45337844779960834
ae9b,9c65,ae9b0acf0b,9c6504e345,Nickel,Brass,0,0.5386068783420656
9c65,ae9b,9c6504e345,ae9b0acf0b,Brass,Nickel,0,0.5387380277140207
ae9b,3443,ae9b0acf0b,3443ea5ba5,Nickel,Brass,0,0.5348643978625571
3443,ae9b,3443ea5ba5,ae9b0acf0b,Brass,Nickel,0,0.5349555576316425
ae9b,1f25,ae9b0acf0b,1f2544214d,Nickel,Nickel,0,0.5250474300030947
1f25,ae9b,1f2544214d,ae9b0acf0b,Nickel,Nickel,0,0.5245633439508977
ae9b,0e45,ae9b0acf0b,0e45ff7118,Nickel,Brass,0,0.5410920154291631
0e45,ae9b,0e45ff7118,ae9b0acf0b,Brass,Nickel,0,0.5413083827094287
ae9b,c208,ae9b0acf0b,c2081b71be,Nickel,Nickel,0,0.580406736971768
c208,ae9b,c2081b71be,ae9b0acf0b,Nickel,Nickel,0,0.5353632382415858
ae9b,4e01,ae9b0acf0b,4e0193ff9e,Nickel,Nickel,0,0.5407741185844058
4e01,ae9b,4e0193ff9e,ae9b0acf0b,Nickel,Nickel,0,0.542052285201743
ae9b,2d95,ae9b0acf0b,2d95605114,Nickel,Brass,0,0.47907876640537167
2d95,ae9b,2d95605114,ae9b0acf0b,Brass,Nickel,0,0.47877466238211064
ae9b,8410,ae9b0acf0b,84106ae247,Nickel,Nickel,0,0.5806391938333534
8410,ae9b,84106ae247,ae9b0acf0b,Nickel,Nickel,0,0.5813870230803364
ae9b,eb35,ae9b0acf0b,eb358a4d60,Nickel,Brass,0,0.5658293760465866
eb35,ae9b,eb358a4d60,ae9b0acf0b,Brass,Nickel,0,0.5656434066387133
ae9b,5d25,ae9b0acf0b,5d25cd3446,Nickel,Nickel,0,0.42708575170690305
5d25,ae9b,5d25cd3446,ae9b0acf0b,Nickel,Nickel,0,0.42678102739999035
ae9b,5b23,ae9b0acf0b,5b23b59131,Nickel,Brass,0,0.5871719236976132
5b23,ae9b,5b23b59131,ae9b0acf0b,Brass,Nickel,0,0.5692355484852067
ae9b,a672,ae9b0acf0b,a672c8a1fa,Nickel,Brass,0,0.5173011223665428
a672,ae9b,a672c8a1fa,ae9b0acf0b,Brass,Nickel,0,0.5172229930603829
ae9b,2479,ae9b0acf0b,247918f662,Nickel,Nickel,0,0.5314739476493379
2479,ae9b,247918f662,ae9b0acf0b,Nickel,Nickel,0,0.5315030340567551
cc6c,7204,cc6c455419,7204a1feeb,Brass,Brass,0,0.7043628785409635
7204,cc6c,7204a1feeb,cc6c455419,Brass,Brass,0,0.7039959087660812
cc6c,867e,cc6c455419,867e742682,Brass,Nickel,0,0.5704222649886268
867e,cc6c,867e742682,cc6c455419,Nickel,Brass,0,0.5697266253641667
cc6c,ff11,cc6c455419,ff11e3e39e,Brass,Nickel,0,0.513264531541335
ff11,cc6c,ff11e3e39e,cc6c455419,Nickel,Brass,0,0.5143039569276084
cc6c,1be7,cc6c455419,1be78463d7,Brass,Brass,0,0.4540687241082354
1be7,cc6c,1be78463d7,cc6c455419,Brass,Brass,0,0.45402823335460196
cc6c,744a,cc6c455419,744a7e7690,Brass,Nickel,0,0.6132400031825513
744a,cc6c,744a7e7690,cc6c455419,Nickel,Brass,0,0.6131375310890147
cc6c,1ed3,cc6c455419,1ed3442cfa,Brass,Nickel,0,0.45704906788220556
1ed3,cc6c,1ed3442cfa,cc6c455419,Nickel,Brass,0,0.4570151123281464
cc6c,93f6,cc6c455419,93f6afc25d,Brass,Nickel,0,0.5864814933588822
93f6,cc6c,93f6afc25d,cc6c455419,Nickel,Brass,0,0.5839984620626785
cc6c,2753,cc6c455419,275310424a,Brass,Brass,0,0.7336855691724163
2753,cc6c,275310424a,cc6c455419,Brass,Brass,0,0.7340838900895976
cc6c,27c4,cc6c455419,27c44d34a4,Brass,Brass,0,0.47245990198652826
27c4,cc6c,27c44d34a4,cc6c455419,Brass,Brass,0,0.47374105568721997
cc6c,41f1,cc6c455419,41f1030655,Brass,Nickel,0,0.7355872295547985
41f1,cc6c,41f1030655,cc6c455419,Nickel,Brass,0,0.7359903638913987
cc6c,d00b,cc6c455419,d00bf582d1,Brass,Brass,0,0.6305078697673605
d00b,cc6c,d00bf582d1,cc6c455419,Brass,Brass,0,0.6305559453094058
cc6c,9f5c,cc6c455419,9f5cee2a11,Brass,Nickel,0,0.6655386584699814
9f5c,cc6c,9f5cee2a11,cc6c455419,Nickel,Brass,0,0.665942005250372
cc6c,b4f6,cc6c455419,b4f6763191,Brass,Nickel,0,0.6684786540655459
b4f6,cc6c,b4f6763191,cc6c455419,Nickel,Brass,0,0.6684087351382888
cc6c,3c68,cc6c455419,3c6819beb9,Brass,Brass,0,0.4014936395156141
3c68,cc6c,3c6819beb9,cc6c455419,Brass,Brass,0,0.40070840791674533
cc6c,88c2,cc6c455419,88c293654f,Brass,Nickel,0,0.5471407385194919
88c2,cc6c,88c293654f,cc6c455419,Nickel,Brass,0,0.5480342161224809
cc6c,d507,cc6c455419,d5070cee0f,Brass,Nickel,0,0.537045005994589
d507,cc6c,d5070cee0f,cc6c455419,Nickel,Brass,0,0.5367931972572869
cc6c,27c0,cc6c455419,27c03bf211,Brass,Nickel,0,0.6676678054051978
27c0,cc6c,27c03bf211,cc6c455419,Nickel,Brass,0,0.6678981128726025
cc6c,a80b,cc6c455419,a80b46b6d1,Brass,Brass,0,0.47724995405397325
a80b,cc6c,a80b46b6d1,cc6c455419,Brass,Brass,0,0.4774726385725401
cc6c,8197,cc6c455419,8197f401c9,Brass,Nickel,0,0.49026283238096935
8197,cc6c,8197f401c9,cc6c455419,Nickel,Brass,0,0.4904489891293149
cc6c,bf77,cc6c455419,bf77a5ca9b,Brass,Brass,0,0.581606487869338
bf77,cc6c,bf77a5ca9b,cc6c455419,Brass,Brass,0,0.5816064878693377
cc6c,a3b1,cc6c455419,a3b1085bea,Brass,Brass,0,0.4861298849772113
a3b1,cc6c,a3b1085bea,cc6c455419,Brass,Brass,0,0.4854436474829544
cc6c,803e,cc6c455419,803e2e304c,Brass,Nickel,0,0.5502157391170657
803e,cc6c,803e2e304c,cc6c455419,Nickel,Brass,0,0.5389451949038426
cc6c,5187,cc6c455419,5187134316,Brass,Brass,0,0.5016664738025008
5187,cc6c,5187134316,cc6c455419,Brass,Brass,0,0.5016179496411682
cc6c,6e46,cc6c455419,6e46d2b898,Brass,Brass,0,0.6088372431753918
6e46,cc6c,6e46d2b898,cc6c455419,Brass,Brass,0,0.6091225272952818
cc6c,db48,cc6c455419,db4804f266,Brass,Nickel,0,0.5432016004754056
db48,cc6c,db4804f266,cc6c455419,Nickel,Brass,0,0.5432857269024443
cc6c,a54c,cc6c455419,a54ce43a84,Brass,Nickel,0,0.4423489198871407
a54c,cc6c,a54ce43a84,cc6c455419,Nickel,Brass,0,0.4421788535149005
cc6c,0db0,cc6c455419,0db08b7f9e,Brass,Nickel,0,0.7184817311974716
0db0,cc6c,0db08b7f9e,cc6c455419,Nickel,Brass,0,0.7185756137469229
cc6c,9c65,cc6c455419,9c6504e345,Brass,Brass,0,0.5575822599454057
9c65,cc6c,9c6504e345,cc6c455419,Brass,Brass,0,0.5575822599454058
cc6c,3443,cc6c455419,3443ea5ba5,Brass,Brass,0,0.6256789170630774
3443,cc6c,3443ea5ba5,cc6c455419,Brass,Brass,0,0.6256261137994762
cc6c,1f25,cc6c455419,1f2544214d,Brass,Nickel,0,0.7313535522083363
1f25,cc6c,1f2544214d,cc6c455419,Nickel,Brass,0,0.7310671267708663
cc6c,0e45,cc6c455419,0e45ff7118,Brass,Brass,0,0.4634584623202498
0e45,cc6c,0e45ff7118,cc6c455419,Brass,Brass,0,0.46385287118718865
cc6c,c208,cc6c455419,c2081b71be,Brass,Nickel,0,0.37064340741818497
c208,cc6c,c2081b71be,cc6c455419,Nickel,Brass,0,0.3708246421389954
cc6c,4e01,cc6c455419,4e0193ff9e,Brass,Nickel,0,0.4717166085773543
4e01,cc6c,4e0193ff9e,cc6c455419,Nickel,Brass,0,0.4712874283042837
cc6c,2d95,cc6c455419,2d95605114,Brass,Brass,0,0.5757957962284684
2d95,cc6c,2d95605114,cc6c455419,Brass,Brass,0,0.5757957962284684
cc6c,8410,cc6c455419,84106ae247,Brass,Nickel,0,0.6275255305508946
8410,cc6c,84106ae247,cc6c455419,Nickel,Brass,0,0.6275230617237082
cc6c,eb35,cc6c455419,eb358a4d60,Brass,Brass,0,0.5959860388604491
eb35,cc6c,eb358a4d60,cc6c455419,Brass,Brass,0,0.5963228306880732
cc6c,5d25,cc6c455419,5d25cd3446,Brass,Nickel,0,0.44325444108884743
5d25,cc6c,5d25cd3446,cc6c455419,Nickel,Brass,0,0.44343882253344774
cc6c,5b23,cc6c455419,5b23b59131,Brass,Brass,0,0.5169840850740656
5b23,cc6c,5b23b59131,cc6c455419,Brass,Brass,0,0.5170761189526283
cc6c,a672,cc6c455419,a672c8a1fa,Brass,Brass,0,0.6189501591684305
a672,cc6c,a672c8a1fa,cc6c455419,Brass,Brass,0,0.5193078255585819
cc6c,2479,cc6c455419,247918f662,Brass,Nickel,0,0.4792736435120294
2479,cc6c,247918f662,cc6c455419,Nickel,Brass,0,0.4788754652819834
7204,867e,7204a1feeb,867e742682,Brass,Nickel,0,0.6712618303067913
867e,7204,867e742682,7204a1feeb,Nickel,Brass,0,0.6706145984466717
7204,ff11,7204a1feeb,ff11e3e39e,Brass,Nickel,0,0.46675860739787467
ff11,7204,ff11e3e39e,7204a1feeb,Nickel,Brass,0,0.4665014571841717
7204,1be7,7204a1feeb,1be78463d7,Brass,Brass,0,0.5275496002391302
1be7,7204,1be78463d7,7204a1feeb,Brass,Brass,0,0.5271754437497342
7204,744a,7204a1feeb,744a7e7690,Brass,Nickel,0,0.6158896608897487
744a,7204,744a7e7690,7204a1feeb,Nickel,Brass,0,0.61454587267733
7204,1ed3,7204a1feeb,1ed3442cfa,Brass,Nickel,0,0.5728484944219697
1ed3,7204,1ed3442cfa,7204a1feeb,Nickel,Brass,0,0.5728608064463534
7204,93f6,7204a1feeb,93f6afc25d,Brass,Nickel,0,0.6090202541667707
93f6,7204,93f6afc25d,7204a1feeb,Nickel,Brass,0,0.593146904369435
7204,2753,7204a1feeb,275310424a,Brass,Brass,0,0.5122151655509317
2753,7204,275310424a,7204a1feeb,Brass,Brass,0,0.5111250029521451
7204,27c4,7204a1feeb,27c44d34a4,Brass,Brass,0,0.6020585558157352
27c4,7204,27c44d34a4,7204a1feeb,Brass,Brass,0,0.603010872386161
7204,41f1,7204a1feeb,41f1030655,Brass,Nickel,0,0.5323369444283889
41f1,7204,41f1030655,7204a1feeb,Nickel,Brass,0,0.531831348175021
7204,d00b,7204a1feeb,d00bf582d1,Brass,Brass,0,0.45570492271271884
d00b,7204,d00bf582d1,7204a1feeb,Brass,Brass,0,0.4556904793266702
7204,9f5c,7204a1feeb,9f5cee2a11,Brass,Nickel,0,0.6408757930340256
9f5c,7204,9f5cee2a11,7204a1feeb,Nickel,Brass,0,0.6416139624048297
7204,b4f6,7204a1feeb,b4f6763191,Brass,Nickel,0,0.5803394235943843
b4f6,7204,b4f6763191,7204a1feeb,Nickel,Brass,0,0.5806722447545075
7204,3c68,7204a1feeb,3c6819beb9,Brass,Brass,0,0.5223929323101495
3c68,7204,3c6819beb9,7204a1feeb,Brass,Brass,0,0.5217164908755164
7204,88c2,7204a1feeb,88c293654f,Brass,Nickel,0,0.6693490926588761
88c2,7204,88c293654f,7204a1feeb,Nickel,Brass,0,0.6687811336587585
7204,d507,7204a1feeb,d5070cee0f,Brass,Nickel,0,0.4700093089406145
d507,7204,d5070cee0f,7204a1feeb,Nickel,Brass,0,0.469759519396164
7204,27c0,7204a1feeb,27c03bf211,Brass,Nickel,0,0.7022625514083791
27c0,7204,27c03bf211,7204a1feeb,Nickel,Brass,0,0.6175019148585411
7204,a80b,7204a1feeb,a80b46b6d1,Brass,Brass,0,0.48422753108328687
a80b,7204,a80b46b6d1,7204a1feeb,Brass,Brass,0,0.48546814596399507
7204,8197,7204a1feeb,8197f401c9,Brass,Nickel,0,0.5413958067005905
8197,7204,8197f401c9,7204a1feeb,Nickel,Brass,0,0.5416314594672427
7204,bf77,7204a1feeb,bf77a5ca9b,Brass,Brass,0,0.6265188461276634
bf77,7204,bf77a5ca9b,7204a1feeb,Brass,Brass,0,0.626526616769774
7204,a3b1,7204a1feeb,a3b1085bea,Brass,Brass,0,0.5655779943047688
a3b1,7204,a3b1085bea,7204a1feeb,Brass,Brass,0,0.5659431409465152
7204,803e,7204a1feeb,803e2e304c,Brass,Nickel,0,0.6517250474305987
803e,7204,803e2e304c,7204a1feeb,Nickel,Brass,0,0.6515401661502217
7204,5187,7204a1feeb,5187134316,Brass,Brass,0,0.6031230668925179
5187,7204,5187134316,7204a1feeb,Brass,Brass,0,0.6038561820410603
7204,6e46,7204a1feeb,6e46d2b898,Brass,Brass,0,0.48073371815100474
6e46,7204,6e46d2b898,7204a1feeb,Brass,Brass,0,0.48098551695255615
7204,db48,7204a1feeb,db4804f266,Brass,Nickel,0,0.48611677562177774
db48,7204,db4804f266,7204a1feeb,Nickel,Brass,0,0.48611677562177774
7204,a54c,7204a1feeb,a54ce43a84,Brass,Nickel,0,0.47046653686352097
a54c,7204,a54ce43a84,7204a1feeb,Nickel,Brass,0,0.46881977069964437
7204,0db0,7204a1feeb,0db08b7f9e,Brass,Nickel,0,0.7026061111061934
0db0,7204,0db08b7f9e,7204a1feeb,Nickel,Brass,0,0.7024794330445193
7204,9c65,7204a1feeb,9c6504e345,Brass,Brass,0,0.6218406457043442
9c65,7204,9c6504e345,7204a1feeb,Brass,Brass,0,0.6218555677139842
7204,3443,7204a1feeb,3443ea5ba5,Brass,Brass,0,0.736331042100005
3443,7204,3443ea5ba5,7204a1feeb,Brass,Brass,0,0.7357231482407284
7204,1f25,7204a1feeb,1f2544214d,Brass,Nickel,0,0.5796509143688675
1f25,7204,1f2544214d,7204a1feeb,Nickel,Brass,0,0.5794401507967972
7204,0e45,7204a1feeb,0e45ff7118,Brass,Brass,0,0.6154638880846537
0e45,7204,0e45ff7118,7204a1feeb,Brass,Brass,0,0.6153757396230329
7204,c208,7204a1feeb,c2081b71be,Brass,Nickel,0,0.5315873997261993
c208,7204,c2081b71be,7204a1feeb,Nickel,Brass,0,0.5315935851913713
7204,4e01,7204a1feeb,4e0193ff9e,Brass,Nickel,0,0.4364591390936273
4e01,7204,4e0193ff9e,7204a1feeb,Nickel,Brass,0,0.4365658907880953
7204,2d95,7204a1feeb,2d95605114,Brass,Brass,0,0.4548883541965504
2d95,7204,2d95605114,7204a1feeb,Brass,Brass,0,0.45418518000018804
7204,8410,7204a1feeb,84106ae247,Brass,Nickel,0,0.6425547731863772
8410,7204,84106ae247,7204a1feeb,Nickel,Brass,0,0.6962070313065444
7204,eb35,7204a1feeb,eb358a4d60,Brass,Brass,0,0.48546807648379453
eb35,7204,eb358a4d60,7204a1feeb,Brass,Brass,0,0.4865865129526407
7204,5d25,7204a1feeb,5d25cd3446,Brass,Nickel,0,0.6735455100583176
5d25,7204,5d25cd3446,7204a1feeb,Nickel,Brass,0,0.6735141472029063
7204,5b23,7204a1feeb,5b23b59131,Brass,Brass,0,0.5134642772629261
5b23,7204,5b23b59131,7204a1feeb,Brass,Brass,0,0.5141496287439795
7204,a672,7204a1feeb,a672c8a1fa,Brass,Brass,0,0.5554113746461807
a672,7204,a672c8a1fa,7204a1feeb,Brass,Brass,0,0.5553775374922961
7204,2479,7204a1feeb,247918f662,Brass,Nickel,0,0.7472267545988301
2479,7204,247918f662,7204a1feeb,Nickel,Brass,0,0.7504753346815245
867e,ff11,867e742682,ff11e3e39e,Nickel,Nickel,0,0.5236087146158495
ff11,867e,ff11e3e39e,867e742682,Nickel,Nickel,0,0.523363382979948
867e,1be7,867e742682,1be78463d7,Nickel,Brass,0,0.5653455223814049
1be7,867e,1be78463d7,867e742682,Brass,Nickel,0,0.5664163304362383
867e,744a,867e742682,744a7e7690,Nickel,Nickel,0,0.6017775123529719
744a,867e,744a7e7690,867e742682,Nickel,Nickel,0,0.6017775123529718
867e,1ed3,867e742682,1ed3442cfa,Nickel,Nickel,0,0.6145491818973844
1ed3,867e,1ed3442cfa,867e742682,Nickel,Nickel,0,0.6149484732573691
867e,93f6,867e742682,93f6afc25d,Nickel,Nickel,0,0.5744764803014151
93f6,867e,93f6afc25d,867e742682,Nickel,Nickel,0,0.5743840126398002
867e,2753,867e742682,275310424a,Nickel,Brass,0,0.6909464539331165
2753,867e,275310424a,867e742682,Brass,Nickel,0,0.6909055743653117
867e,27c4,867e742682,27c44d34a4,Nickel,Brass,0,0.5607133179776681
27c4,867e,27c44d34a4,867e742682,Brass,Nickel,0,0.5608450186339036
867e,41f1,867e742682,41f1030655,Nickel,Nickel,0,0.6288105453914126
41f1,867e,41f1030655,867e742682,Nickel,Nickel,0,0.6288770750444291
867e,d00b,867e742682,d00bf582d1,Nickel,Brass,0,0.4555009979014889
d00b,867e,d00bf582d1,867e742682,Brass,Nickel,0,0.45592643276421646
867e,9f5c,867e742682,9f5cee2a11,Nickel,Nickel,0,0.5637485318641432
9f5c,867e,9f5cee2a11,867e742682,Nickel,Nickel,0,0.5651279241600706
867e,b4f6,867e742682,b4f6763191,Nickel,Nickel,0,0.592832895874217
b4f6,867e,b4f6763191,867e742682,Nickel,Nickel,0,0.5932447919120599
867e,3c68,867e742682,3c6819beb9,Nickel,Brass,0,0.43397827477343937
3c68,867e,3c6819beb9,867e742682,Brass,Nickel,0,0.43423186709781864
867e,88c2,867e742682,88c293654f,Nickel,Nickel,0,0.5845875261371326
88c2,867e,88c293654f,867e742682,Nickel,Nickel,0,0.584845312340124
867e,d507,867e742682,d5070cee0f,Nickel,Nickel,0,0.494322014802161
d507,867e,d5070cee0f,867e742682,Nickel,Nickel,0,0.4949475485220126
867e,27c0,867e742682,27c03bf211,Nickel,Nickel,0,0.7265988410242685
27c0,867e,27c03bf211,867e742682,Nickel,Nickel,0,0.7633184757891833
867e,a80b,867e742682,a80b46b6d1,Nickel,Brass,0,0.5333709223926046
a80b,867e,a80b46b6d1,867e742682,Brass,Nickel,0,0.5336589036838129
867e,8197,867e742682,8197f401c9,Nickel,Nickel,0,0.45760272788824696
8197,867e,8197f401c9,867e742682,Nickel,Nickel,0,0.47883973259843293
867e,bf77,867e742682,bf77a5ca9b,Nickel,Brass,0,0.6626442706047203
bf77,867e,bf77a5ca9b,867e742682,Brass,Nickel,0,0.6638592636718227
867e,a3b1,867e742682,a3b1085bea,Nickel,Brass,0,0.4892696334428451
a3b1,867e,a3b1085bea,867e742682,Brass,Nickel,0,0.48934294588581806
867e,803e,867e742682,803e2e304c,Nickel,Nickel,0,0.49761280024346327
803e,867e,803e2e304c,867e742682,Nickel,Nickel,0,0.4976128002434631
867e,5187,867e742682,5187134316,Nickel,Brass,0,0.6241690524010918
5187,867e,5187134316,867e742682,Brass,Nickel,0,0.625085732567867
867e,6e46,867e742682,6e46d2b898,Nickel,Brass,0,0.571610114121206
6e46,867e,6e46d2b898,867e742682,Brass,Nickel,0,0.5717779587886499
867e,db48,867e742682,db4804f266,Nickel,Nickel,0,0.527290147740773
db48,867e,db4804f266,867e742682,Nickel,Nickel,0,0.5268954576209209
867e,a54c,867e742682,a54ce43a84,Nickel,Nickel,0,0.46280854032082125
a54c,867e,a54ce43a84,867e742682,Nickel,Nickel,0,0.4628245575184182
867e,0db0,867e742682,0db08b7f9e,Nickel,Nickel,0,0.6728355849012156
0db0,867e,0db08b7f9e,867e742682,Nickel,Nickel,0,0.6733848607567613
867e,9c65,867e742682,9c6504e345,Nickel,Brass,0,0.6249716372603926
9c65,867e,9c6504e345,867e742682,Brass,Nickel,0,0.625427471546364
867e,3443,867e742682,3443ea5ba5,Nickel,Brass,0,0.6344069384514304
3443,867e,3443ea5ba5,867e742682,Brass,Nickel,0,0.6346531831569516
867e,1f25,867e742682,1f2544214d,Nickel,Nickel,0,0.6247053699000525
1f25,867e,1f2544214d,867e742682,Nickel,Nickel,0,0.6010676042645176
867e,0e45,867e742682,0e45ff7118,Nickel,Brass,0,0.5008577511206502
0e45,867e,0e45ff7118,867e742682,Brass,Nickel,0,0.49962416038664426
867e,c208,867e742682,c2081b71be,Nickel,Nickel,0,0.3625535345240162
c208,867e,c2081b71be,867e742682,Nickel,Nickel,0,0.36252613212665624
867e,4e01,867e742682,4e0193ff9e,Nickel,Nickel,0,0.5329014424844419
4e01,867e,4e0193ff9e,867e742682,Nickel,Nickel,0,0.5327787251811603
867e,2d95,867e742682,2d95605114,Nickel,Brass,0,0.4443484548074523
2d95,867e,2d95605114,867e742682,Brass,Nickel,0,0.4443717270223702
867e,8410,867e742682,84106ae247,Nickel,Nickel,0,0.6184401776277842
8410,867e,84106ae247,867e742682,Nickel,Nickel,0,0.6186715712429922
867e,eb35,867e742682,eb358a4d60,Nickel,Brass,0,0.40388772273663903
eb35,867e,eb358a4d60,867e742682,Brass,Nickel,0,0.403806307864566
867e,5d25,867e742682,5d25cd3446,Nickel,Nickel,0,0.6509996813934822
5d25,867e,5d25cd3446,867e742682,Nickel,Nickel,0,0.6509759550926422
867e,5b23,867e742682,5b23b59131,Nickel,Brass,0,0.6017779690525406
5b23,867e,5b23b59131,867e742682,Brass,Nickel,0,0.6024647874304723
867e,a672,867e742682,a672c8a1fa,Nickel,Brass,0,0.4481776362948897
a672,867e,a672c8a1fa,867e742682,Brass,Nickel,0,0.4490589972454085
867e,2479,867e742682,247918f662,Nickel,Nickel,0,0.5090656016372348
2479,867e,247918f662,867e742682,Nickel,Nickel,0,0.5092150324282496
ff11,1be7,ff11e3e39e,1be78463d7,Nickel,Brass,0,0.43760719815384436
1be7,ff11,1be78463d7,ff11e3e39e,Brass,Nickel,0,0.4373452176407303
ff11,744a,ff11e3e39e,744a7e7690,Nickel,Nickel,0,0.47035060178418386
744a,ff11,744a7e7690,ff11e3e39e,Nickel,Nickel,0,0.46993609939650793
ff11,1ed3,ff11e3e39e,1ed3442cfa,Nickel,Nickel,0,0.5128411648690431
1ed3,ff11,1ed3442cfa,ff11e3e39e,Nickel,Nickel,0,0.5136413796662969
ff11,93f6,ff11e3e39e,93f6afc25d,Nickel,Nickel,0,0.5682678651536508
93f6,ff11,93f6afc25d,ff11e3e39e,Nickel,Nickel,0,0.5676787373641172
ff11,2753,ff11e3e39e,275310424a,Nickel,Brass,0,0.48886167066369557
2753,ff11,275310424a,ff11e3e39e,Brass,Nickel,0,0.48889695187790644
ff11,27c4,ff11e3e39e,27c44d34a4,Nickel,Brass,0,0.4880341268152953
27c4,ff11,27c44d34a4,ff11e3e39e,Brass,Nickel,0,0.4884629906172486
ff11,41f1,ff11e3e39e,41f1030655,Nickel,Nickel,0,0.5238922079653894
41f1,ff11,41f1030655,ff11e3e39e,Nickel,Nickel,0,0.5239902881525363
ff11,d00b,ff11e3e39e,d00bf582d1,Nickel,Brass,0,0.5721183307588322
d00b,ff11,d00bf582d1,ff11e3e39e,Brass,Nickel,0,0.5723272983150006
ff11,9f5c,ff11e3e39e,9f5cee2a11,Nickel,Nickel,0,0.6202685683007872
9f5c,ff11,9f5cee2a11,ff11e3e39e,Nickel,Nickel,0,0.6204244884626158
ff11,b4f6,ff11e3e39e,b4f6763191,Nickel,Nickel,0,0.4768767006213145
b4f6,ff11,b4f6763191,ff11e3e39e,Nickel,Nickel,0,0.47687670062131443
ff11,3c68,ff11e3e39e,3c6819beb9,Nickel,Brass,0,0.499077228650533
3c68,ff11,3c6819beb9,ff11e3e39e,Brass,Nickel,0,0.4988414641384128
ff11,88c2,ff11e3e39e,88c293654f,Nickel,Nickel,0,0.5644599619710107
88c2,ff11,88c293654f,ff11e3e39e,Nickel,Nickel,0,0.564517955835012
ff11,d507,ff11e3e39e,d5070cee0f,Nickel,Nickel,0,0.5721831482151644
d507,ff11,d5070cee0f,ff11e3e39e,Nickel,Nickel,0,0.5742046183714946
ff11,27c0,ff11e3e39e,27c03bf211,Nickel,Nickel,0,0.4680168708035245
27c0,ff11,27c03bf211,ff11e3e39e,Nickel,Nickel,0,0.46821549339959573
ff11,a80b,ff11e3e39e,a80b46b6d1,Nickel,Brass,0,0.4910308463809455
a80b,ff11,a80b46b6d1,ff11e3e39e,Brass,Nickel,0,0.49088475852339286
ff11,8197,ff11e3e39e,8197f401c9,Nickel,Nickel,0,0.4422922367261816
8197,ff11,8197f401c9,ff11e3e39e,Nickel,Nickel,0,0.4429481263545678
ff11,bf77,ff11e3e39e,bf77a5ca9b,Nickel,Brass,0,0.5185565061855222
bf77,ff11,bf77a5ca9b,ff11e3e39e,Brass,Nickel,0,0.5179695498696671
ff11,a3b1,ff11e3e39e,a3b1085bea,Nickel,Brass,0,0.5977428646467626
a3b1,ff11,a3b1085bea,ff11e3e39e,Brass,Nickel,0,0.5980081493197145
ff11,803e,ff11e3e39e,803e2e304c,Nickel,Nickel,0,0.4883653080228069
803e,ff11,803e2e304c,ff11e3e39e,Nickel,Nickel,0,0.4884211322705023
ff11,5187,ff11e3e39e,5187134316,Nickel,Brass,0,0.7800100620609484
5187,ff11,5187134316,ff11e3e39e,Brass,Nickel,0,0.7793185904981694
ff11,6e46,ff11e3e39e,6e46d2b898,Nickel,Brass,0,0.573352727668061
6e46,ff11,6e46d2b898,ff11e3e39e,Brass,Nickel,0,0.5738292255009165
ff11,db48,ff11e3e39e,db4804f266,Nickel,Nickel,0,0.4624623943080444
db48,ff11,db4804f266,ff11e3e39e,Nickel,Nickel,0,0.4619185318702537
ff11,a54c,ff11e3e39e,a54ce43a84,Nickel,Nickel,0,0.531180432899916
a54c,ff11,a54ce43a84,ff11e3e39e,Nickel,Nickel,0,0.531029811345466
ff11,0db0,ff11e3e39e,0db08b7f9e,Nickel,Nickel,0,0.5093445665275773
0db0,ff11,0db08b7f9e,ff11e3e39e,Nickel,Nickel,0,0.5093445665275773
ff11,9c65,ff11e3e39e,9c6504e345,Nickel,Brass,0,0.4916694598903601
9c65,ff11,9c6504e345,ff11e3e39e,Brass,Nickel,0,0.49199341994148704
ff11,3443,ff11e3e39e,3443ea5ba5,Nickel,Brass,0,0.5377411719389287
3443,ff11,3443ea5ba5,ff11e3e39e,Brass,Nickel,0,0.5372198268847943
ff11,1f25,ff11e3e39e,1f2544214d,Nickel,Nickel,0,0.5594488482680384
1f25,ff11,1f2544214d,ff11e3e39e,Nickel,Nickel,0,0.5592701259085148
ff11,0e45,ff11e3e39e,0e45ff7118,Nickel,Brass,0,0.5070504242620637
0e45,ff11,0e45ff7118,ff11e3e39e,Brass,Nickel,0,0.5071189700229284
ff11,c208,ff11e3e39e,c2081b71be,Nickel,Nickel,0,0.48810158615065813
c208,ff11,c2081b71be,ff11e3e39e,Nickel,Nickel,0,0.47092178414724883
ff11,4e01,ff11e3e39e,4e0193ff9e,Nickel,Nickel,0,0.5031061772641872
4e01,ff11,4e0193ff9e,ff11e3e39e,Nickel,Nickel,0,0.5034052567469011
ff11,2d95,ff11e3e39e,2d95605114,Nickel,Brass,0,0.4278147382109302
2d95,ff11,2d95605114,ff11e3e39e,Brass,Nickel,0,0.42749528667550624
ff11,8410,ff11e3e39e,84106ae247,Nickel,Nickel,0,0.4466251520126502
8410,ff11,84106ae247,ff11e3e39e,Nickel,Nickel,0,0.4470639049281504
ff11,eb35,ff11e3e39e,eb358a4d60,Nickel,Brass,0,0.47619745094771526
eb35,ff11,eb358a4d60,ff11e3e39e,Brass,Nickel,0,0.47614254611197876
ff11,5d25,ff11e3e39e,5d25cd3446,Nickel,Nickel,0,0.40614384180815377
5d25,ff11,5d25cd3446,ff11e3e39e,Nickel,Nickel,0,0.40568053278369803
ff11,5b23,ff11e3e39e,5b23b59131,Nickel,Brass,0,0.5553617039091998
5b23,ff11,5b23b59131,ff11e3e39e,Brass,Nickel,0,0.5555313215731233
ff11,a672,ff11e3e39e,a672c8a1fa,Nickel,Brass,0,0.47634602286344147
a672,ff11,a672c8a1fa,ff11e3e39e,Brass,Nickel,0,0.4764231814327039
ff11,2479,ff11e3e39e,247918f662,Nickel,Nickel,0,0.4518659592191846
2479,ff11,247918f662,ff11e3e39e,Nickel,Nickel,0,0.4520957219299624
1be7,744a,1be78463d7,744a7e7690,Brass,Nickel,0,0.5582161401201138
744a,1be7,744a7e7690,1be78463d7,Nickel,Brass,0,0.5573950774018308
1be7,1ed3,1be78463d7,1ed3442cfa,Brass,Nickel,0,0.5296173072874009
1ed3,1be7,1ed3442cfa,1be78463d7,Nickel,Brass,0,0.5295621601025806
1be7,93f6,1be78463d7,93f6afc25d,Brass,Nickel,0,0.5764837548285117
93f6,1be7,93f6afc25d,1be78463d7,Nickel,Brass,0,0.575878915723203
1be7,2753,1be78463d7,275310424a,Brass,Brass,0,0.5499981372481842
2753,1be7,275310424a,1be78463d7,Brass,Brass,0,0.5507016521142085
1be7,27c4,1be78463d7,27c44d34a4,Brass,Brass,0,0.5719100061269494
27c4,1be7,27c44d34a4,1be78463d7,Brass,Brass,0,0.5724157724795894
1be7,41f1,1be78463d7,41f1030655,Brass,Nickel,0,0.5764731304255168
41f1,1be7,41f1030655,1be78463d7,Nickel,Brass,0,0.5768314865344583
1be7,d00b,1be78463d7,d00bf582d1,Brass,Brass,0,0.600433485641934
d00b,1be7,d00bf582d1,1be78463d7,Brass,Brass,0,0.6011312288301749
1be7,9f5c,1be78463d7,9f5cee2a11,Brass,Nickel,0,0.5053570702012424
9f5c,1be7,9f5cee2a11,1be78463d7,Nickel,Brass,0,0.5061147822439976
1be7,b4f6,1be78463d7,b4f6763191,Brass,Nickel,0,0.4399348212673489
b4f6,1be7,b4f6763191,1be78463d7,Nickel,Brass,0,0.45184554873197397
1be7,3c68,1be78463d7,3c6819beb9,Brass,Brass,0,0.5081621157318919
3c68,1be7,3c6819beb9,1be78463d7,Brass,Brass,0,0.5085457266981313
1be7,88c2,1be78463d7,88c293654f,Brass,Nickel,0,0.4218479603792899
88c2,1be7,88c293654f,1be78463d7,Nickel,Brass,0,0.42202004713764824
1be7,d507,1be78463d7,d5070cee0f,Brass,Nickel,0,0.5212725637756848
d507,1be7,d5070cee0f,1be78463d7,Nickel,Brass,0,0.5208343544131395
1be7,27c0,1be78463d7,27c03bf211,Brass,Nickel,0,0.5031129344156777
27c0,1be7,27c03bf211,1be78463d7,Nickel,Brass,0,0.502774822594362
1be7,a80b,1be78463d7,a80b46b6d1,Brass,Brass,0,0.6854895816694356
a80b,1be7,a80b46b6d1,1be78463d7,Brass,Brass,0,0.6853927602198682
1be7,8197,1be78463d7,8197f401c9,Brass,Nickel,0,0.5072485099243427
8197,1be7,8197f401c9,1be78463d7,Nickel,Brass,0,0.5071822503883313
1be7,bf77,1be78463d7,bf77a5ca9b,Brass,Brass,0,0.5379971866259607
bf77,1be7,bf77a5ca9b,1be78463d7,Brass,Brass,0,0.5379971866259612
1be7,a3b1,1be78463d7,a3b1085bea,Brass,Brass,0,0.4739042361533112
a3b1,1be7,a3b1085bea,1be78463d7,Brass,Brass,0,0.47355998114453735
1be7,803e,1be78463d7,803e2e304c,Brass,Nickel,0,0.5553883666658109
803e,1be7,803e2e304c,1be78463d7,Nickel,Brass,0,0.5540702749065598
1be7,5187,1be78463d7,5187134316,Brass,Brass,0,0.4744803868148126
5187,1be7,5187134316,1be78463d7,Brass,Brass,0,0.4748901981796202
1be7,6e46,1be78463d7,6e46d2b898,Brass,Brass,0,0.6196078565841793
6e46,1be7,6e46d2b898,1be78463d7,Brass,Brass,0,0.6197672326284506
1be7,db48,1be78463d7,db4804f266,Brass,Nickel,0,0.4321786553612403
db48,1be7,db4804f266,1be78463d7,Nickel,Brass,0,0.4317402075404646
1be7,a54c,1be78463d7,a54ce43a84,Brass,Nickel,0,0.3996742311464116
a54c,1be7,a54ce43a84,1be78463d7,Nickel,Brass,0,0.39936388158625086
1be7,0db0,1be78463d7,0db08b7f9e,Brass,Nickel,0,0.4844736399252849
0db0,1be7,0db08b7f9e,1be78463d7,Nickel,Brass,0,0.4845001104120562
1be7,9c65,1be78463d7,9c6504e345,Brass,Brass,0,0.5111161719636883
9c65,1be7,9c6504e345,1be78463d7,Brass,Brass,0,0.510721417357049
1be7,3443,1be78463d7,3443ea5ba5,Brass,Brass,0,0.5894007444510669
3443,1be7,3443ea5ba5,1be78463d7,Brass,Brass,0,0.5888899092402806
1be7,1f25,1be78463d7,1f2544214d,Brass,Nickel,0,0.47545540287073407
1f25,1be7,1f2544214d,1be78463d7,Nickel,Brass,0,0.4754183225327851
1be7,0e45,1be78463d7,0e45ff7118,Brass,Brass,0,0.5422781317248039
0e45,1be7,0e45ff7118,1be78463d7,Brass,Brass,0,0.5414954990860066
1be7,c208,1be78463d7,c2081b71be,Brass,Nickel,0,0.3989239520991389
c208,1be7,c2081b71be,1be78463d7,Nickel,Brass,0,0.39929423229140587
1be7,4e01,1be78463d7,4e0193ff9e,Brass,Nickel,0,0.4941577583126364
4e01,1be7,4e0193ff9e,1be78463d7,Nickel,Brass,0,0.4942390156474357
1be7,2d95,1be78463d7,2d95605114,Brass,Brass,0,0.5061619822656558
2d95,1be7,2d95605114,1be78463d7,Brass,Brass,0,0.5061619822656556
1be7,8410,1be78463d7,84106ae247,Brass,Nickel,0,0.5751630502750251
8410,1be7,84106ae247,1be78463d7,Nickel,Brass,0,0.57573046756156
1be7,eb35,1be78463d7,eb358a4d60,Brass,Brass,0,0.46188404516960263
eb35,1be7,eb358a4d60,1be78463d7,Brass,Brass,0,0.4622721844066808
1be7,5d25,1be78463d7,5d25cd3446,Brass,Nickel,0,0.34843241726162677
5d25,1be7,5d25cd3446,1be78463d7,Nickel,Brass,0,0.3484324172616267
1be7,5b23,1be78463d7,5b23b59131,Brass,Brass,0,0.43010854677422616
5b23,1be7,5b23b59131,1be78463d7,Brass,Brass,0,0.43020999849759156
1be7,a672,1be78463d7,a672c8a1fa,Brass,Brass,0,0.41853970925940776
a672,1be7,a672c8a1fa,1be78463d7,Brass,Brass,0,0.41791126216177155
1be7,2479,1be78463d7,247918f662,Brass,Nickel,0,0.49466427761893417
2479,1be7,247918f662,1be78463d7,Nickel,Brass,0,0.49522281466981694
744a,1ed3,744a7e7690,1ed3442cfa,Nickel,Nickel,0,0.4839759882986694
1ed3,744a,1ed3442cfa,744a7e7690,Nickel,Nickel,0,0.48397598829866967
744a,93f6,744a7e7690,93f6afc25d,Nickel,Nickel,0,0.6472309467338604
93f6,744a,93f6afc25d,744a7e7690,Nickel,Nickel,0,0.6477863612848996
744a,2753,744a7e7690,275310424a,Nickel,Brass,0,0.6925256898407526
2753,744a,275310424a,744a7e7690,Brass,Nickel,0,0.649562992378063
744a,27c4,744a7e7690,27c44d34a4,Nickel,Brass,0,0.539610217881405
27c4,744a,27c44d34a4,744a7e7690,Brass,Nickel,0,0.5450514817610304
744a,41f1,744a7e7690,41f1030655,Nickel,Nickel,0,0.5091570170634473
41f1,744a,41f1030655,744a7e7690,Nickel,Nickel,0,0.5096729926254041
744a,d00b,744a7e7690,d00bf582d1,Nickel,Brass,0,0.4990711687230513
d00b,744a,d00bf582d1,744a7e7690,Brass,Nickel,0,0.49897715334366266
744a,9f5c,744a7e7690,9f5cee2a11,Nickel,Nickel,0,0.5483276900111855
9f5c,744a,9f5cee2a11,744a7e7690,Nickel,Nickel,0,0.5482562562717814
744a,b4f6,744a7e7690,b4f6763191,Nickel,Nickel,0,0.6937592836407619
b4f6,744a,b4f6763191,744a7e7690,Nickel,Nickel,0,0.6940718232183473
744a,3c68,744a7e7690,3c6819beb9,Nickel,Brass,0,0.43039481788718076
3c68,744a,3c6819beb9,744a7e7690,Brass,Nickel,0,0.3997121552864289
744a,88c2,744a7e7690,88c293654f,Nickel,Nickel,0,0.41974493010448893
88c2,744a,88c293654f,744a7e7690,Nickel,Nickel,0,0.40683842795039693
744a,d507,744a7e7690,d5070cee0f,Nickel,Nickel,0,0.4922017235498957
d507,744a,d5070cee0f,744a7e7690,Nickel,Nickel,0,0.4918222745742231
744a,27c0,744a7e7690,27c03bf211,Nickel,Nickel,0,0.5934607171282102
27c0,744a,27c03bf211,744a7e7690,Nickel,Nickel,0,0.6703138003516104
744a,a80b,744a7e7690,a80b46b6d1,Nickel,Brass,0,0.42930652472499314
a80b,744a,a80b46b6d1,744a7e7690,Brass,Nickel,0,0.3926301799837781
744a,8197,744a7e7690,8197f401c9,Nickel,Nickel,0,0.4660984463106577
8197,744a,8197f401c9,744a7e7690,Nickel,Nickel,0,0.5164650186515716
744a,bf77,744a7e7690,bf77a5ca9b,Nickel,Brass,0,0.679173261349575
bf77,744a,bf77a5ca9b,744a7e7690,Brass,Nickel,0,0.6794735473309323
744a,a3b1,744a7e7690,a3b1085bea,Nickel,Brass,0,0.4936112082007857
a3b1,744a,a3b1085bea,744a7e7690,Brass,Nickel,0,0.49405742410272646
744a,803e,744a7e7690,803e2e304c,Nickel,Nickel,0,0.5256483111031234
803e,744a,803e2e304c,744a7e7690,Nickel,Nickel,0,0.5256483111031238
744a,5187,744a7e7690,5187134316,Nickel,Brass,0,0.4811433798862003
5187,744a,5187134316,744a7e7690,Brass,Nickel,0,0.48110246159037745
744a,6e46,744a7e7690,6e46d2b898,Nickel,Brass,0,0.6164618171187753
6e46,744a,6e46d2b898,744a7e7690,Brass,Nickel,0,0.6454364565721721
744a,db48,744a7e7690,db4804f266,Nickel,Nickel,0,0.5422310165630734
db48,744a,db4804f266,744a7e7690,Nickel,Nickel,0,0.5419765897708985
744a,a54c,744a7e7690,a54ce43a84,Nickel,Nickel,0,0.47840410309535075
a54c,744a,a54ce43a84,744a7e7690,Nickel,Nickel,0,0.4782344874784841
744a,0db0,744a7e7690,0db08b7f9e,Nickel,Nickel,0,0.5441475318688822
0db0,744a,0db08b7f9e,744a7e7690,Nickel,Nickel,0,0.54462729264083
744a,9c65,744a7e7690,9c6504e345,Nickel,Brass,0,0.552708888233223
9c65,744a,9c6504e345,744a7e7690,Brass,Nickel,0,0.5533734861414843
744a,3443,744a7e7690,3443ea5ba5,Nickel,Brass,0,0.5361071356941889
3443,744a,3443ea5ba5,744a7e7690,Brass,Nickel,0,0.5359739987113344
744a,1f25,744a7e7690,1f2544214d,Nickel,Nickel,0,0.5714926246350334
1f25,744a,1f2544214d,744a7e7690,Nickel,Nickel,0,0.5724992857108425
744a,0e45,744a7e7690,0e45ff7118,Nickel,Brass,0,0.5874254902841779
0e45,744a,0e45ff7118,744a7e7690,Brass,Nickel,0,0.5883559435842272
744a,c208,744a7e7690,c2081b71be,Nickel,Nickel,0,0.42433540546812554
c208,744a,c2081b71be,744a7e7690,Nickel,Nickel,0,0.4271909942524571
744a,4e01,744a7e7690,4e0193ff9e,Nickel,Nickel,0,0.5483715611981651
4e01,744a,4e0193ff9e,744a7e7690,Nickel,Nickel,0,0.5485492924952066
744a,2d95,744a7e7690,2d95605114,Nickel,Brass,0,0.5136643162135249
2d95,744a,2d95605114,744a7e7690,Brass,Nickel,0,0.5131933763637505
744a,8410,744a7e7690,84106ae247,Nickel,Nickel,0,0.5312496780410003
8410,744a,84106ae247,744a7e7690,Nickel,Nickel,0,0.5321135982617944
744a,eb35,744a7e7690,eb358a4d60,Nickel,Brass,0,0.40086052252561544
eb35,744a,eb358a4d60,744a7e7690,Brass,Nickel,0,0.4010670503026308
744a,5d25,744a7e7690,5d25cd3446,Nickel,Nickel,0,0.3690293114285972
5d25,744a,5d25cd3446,744a7e7690,Nickel,Nickel,0,0.3688412316357794
744a,5b23,744a7e7690,5b23b59131,Nickel,Brass,0,0.36115491193857396
5b23,744a,5b23b59131,744a7e7690,Brass,Nickel,0,0.3622801563611941
744a,a672,744a7e7690,a672c8a1fa,Nickel,Brass,0,0.4258616127184043
a672,744a,a672c8a1fa,744a7e7690,Brass,Nickel,0,0.4279053833506014
744a,2479,744a7e7690,247918f662,Nickel,Nickel,0,0.5437052912505868
2479,744a,247918f662,744a7e7690,Nickel,Nickel,0,0.5436758037556042
1ed3,93f6,1ed3442cfa,93f6afc25d,Nickel,Nickel,0,0.41213583430950024
93f6,1ed3,93f6afc25d,1ed3442cfa,Nickel,Nickel,0,0.4121316672002575
1ed3,2753,1ed3442cfa,275310424a,Nickel,Brass,0,0.6907332207249526
2753,1ed3,275310424a,1ed3442cfa,Brass,Nickel,0,0.6907120535758342
1ed3,27c4,1ed3442cfa,27c44d34a4,Nickel,Brass,0,0.4634138020441954
27c4,1ed3,27c44d34a4,1ed3442cfa,Brass,Nickel,0,0.46363312351513214
1ed3,41f1,1ed3442cfa,41f1030655,Nickel,Nickel,0,0.6805250014366986
41f1,1ed3,41f1030655,1ed3442cfa,Nickel,Nickel,0,0.6804590032763026
1ed3,d00b,1ed3442cfa,d00bf582d1,Nickel,Brass,0,0.46319295142300365
d00b,1ed3,d00bf582d1,1ed3442cfa,Brass,Nickel,0,0.4639673830652056
1ed3,9f5c,1ed3442cfa,9f5cee2a11,Nickel,Nickel,0,0.535822309739809
9f5c,1ed3,9f5cee2a11,1ed3442cfa,Nickel,Nickel,0,0.5358541752576259
1ed3,b4f6,1ed3442cfa,b4f6763191,Nickel,Nickel,0,0.5539266001159724
b4f6,1ed3,b4f6763191,1ed3442cfa,Nickel,Nickel,0,0.5538187775716917
1ed3,3c68,1ed3442cfa,3c6819beb9,Nickel,Brass,0,0.5801671111386499
3c68,1ed3,3c6819beb9,1ed3442cfa,Brass,Nickel,0,0.58016711113865
1ed3,88c2,1ed3442cfa,88c293654f,Nickel,Nickel,0,0.6451983504351061
88c2,1ed3,88c293654f,1ed3442cfa,Nickel,Nickel,0,0.6454323682291833
1ed3,d507,1ed3442cfa,d5070cee0f,Nickel,Nickel,0,0.48091276859605625
d507,1ed3,d5070cee0f,1ed3442cfa,Nickel,Nickel,0,0.4803845320718714
1ed3,27c0,1ed3442cfa,27c03bf211,Nickel,Nickel,0,0.6701490054603417
27c0,1ed3,27c03bf211,1ed3442cfa,Nickel,Nickel,0,0.6700230778684141
1ed3,a80b,1ed3442cfa,a80b46b6d1,Nickel,Brass,0,0.5108930891067957
a80b,1ed3,a80b46b6d1,1ed3442cfa,Brass,Nickel,0,0.510512241993618
1ed3,8197,1ed3442cfa,8197f401c9,Nickel,Nickel,0,0.44254556806039963
8197,1ed3,8197f401c9,1ed3442cfa,Nickel,Nickel,0,0.4416089596970219
1ed3,bf77,1ed3442cfa,bf77a5ca9b,Nickel,Brass,0,0.44455962444808894
bf77,1ed3,bf77a5ca9b,1ed3442cfa,Brass,Nickel,0,0.444761227578906
1ed3,a3b1,1ed3442cfa,a3b1085bea,Nickel,Brass,0,0.608844667400724
a3b1,1ed3,a3b1085bea,1ed3442cfa,Brass,Nickel,0,0.6085568116833866
1ed3,803e,1ed3442cfa,803e2e304c,Nickel,Nickel,0,0.5179441848931624
803e,1ed3,803e2e304c,1ed3442cfa,Nickel,Nickel,0,0.5179314998544635
1ed3,5187,1ed3442cfa,5187134316,Nickel,Brass,0,0.6222247819356782
5187,1ed3,5187134316,1ed3442cfa,Brass,Nickel,0,0.6224216670117502
1ed3,6e46,1ed3442cfa,6e46d2b898,Nickel,Brass,0,0.5657828210621976
6e46,1ed3,6e46d2b898,1ed3442cfa,Brass,Nickel,0,0.5658521120954341
1ed3,db48,1ed3442cfa,db4804f266,Nickel,Nickel,0,0.41972323900722985
db48,1ed3,db4804f266,1ed3442cfa,Nickel,Nickel,0,0.4195911347857071
1ed3,a54c,1ed3442cfa,a54ce43a84,Nickel,Nickel,0,0.4844130936644479
a54c,1ed3,a54ce43a84,1ed3442cfa,Nickel,Nickel,0,0.48429884011810426
1ed3,0db0,1ed3442cfa,0db08b7f9e,Nickel,Nickel,0,0.6347230138335018
0db0,1ed3,0db08b7f9e,1ed3442cfa,Nickel,Nickel,0,0.634341616164277
1ed3,9c65,1ed3442cfa,9c6504e345,Nickel,Brass,0,0.5169883227530765
9c65,1ed3,9c6504e345,1ed3442cfa,Brass,Nickel,0,0.5169883227530765
1ed3,3443,1ed3442cfa,3443ea5ba5,Nickel,Brass,0,0.7117231910852305
3443,1ed3,3443ea5ba5,1ed3442cfa,Brass,Nickel,0,0.7117183206721989
1ed3,1f25,1ed3442cfa,1f2544214d,Nickel,Nickel,0,0.7354840563407273
1f25,1ed3,1f2544214d,1ed3442cfa,Nickel,Nickel,0,0.7354920853307679
1ed3,0e45,1ed3442cfa,0e45ff7118,Nickel,Brass,0,0.5508342048416508
0e45,1ed3,0e45ff7118,1ed3442cfa,Brass,Nickel,0,0.5481623203557378
1ed3,c208,1ed3442cfa,c2081b71be,Nickel,Nickel,0,0.6026153582874255
c208,1ed3,c2081b71be,1ed3442cfa,Nickel,Nickel,0,0.6025496241376009
1ed3,4e01,1ed3442cfa,4e0193ff9e,Nickel,Nickel,0,0.40081109644163654
4e01,1ed3,4e0193ff9e,1ed3442cfa,Nickel,Nickel,0,0.4007821012932136
1ed3,2d95,1ed3442cfa,2d95605114,Nickel,Brass,0,0.49898458733567574
2d95,1ed3,2d95605114,1ed3442cfa,Brass,Nickel,0,0.498724091523276
1ed3,8410,1ed3442cfa,84106ae247,Nickel,Nickel,0,0.7092831142395516
8410,1ed3,84106ae247,1ed3442cfa,Nickel,Nickel,0,0.7094015954295655
1ed3,eb35,1ed3442cfa,eb358a4d60,Nickel,Brass,0,0.5265053168969483
eb35,1ed3,eb358a4d60,1ed3442cfa,Brass,Nickel,0,0.5265528115241072
1ed3,5d25,1ed3442cfa,5d25cd3446,Nickel,Nickel,0,0.5312530327304811
5d25,1ed3,5d25cd3446,1ed3442cfa,Nickel,Nickel,0,0.5315109143076644
1ed3,5b23,1ed3442cfa,5b23b59131,Nickel,Brass,0,0.5818273004396406
5b23,1ed3,5b23b59131,1ed3442cfa,Brass,Nickel,0,0.5817648030909319
1ed3,a672,1ed3442cfa,a672c8a1fa,Nickel,Brass,0,0.6380169545896811
a672,1ed3,a672c8a1fa,1ed3442cfa,Brass,Nickel,0,0.6376316821106365
1ed3,2479,1ed3442cfa,247918f662,Nickel,Nickel,0,0.6251864271285003
2479,1ed3,247918f662,1ed3442cfa,Nickel,Nickel,0,0.6304247560559237
93f6,2753,93f6afc25d,275310424a,Nickel,Brass,0,0.6034375703194516
2753,93f6,275310424a,93f6afc25d,Brass,Nickel,0,0.6030583253214342
93f6,27c4,93f6afc25d,27c44d34a4,Nickel,Brass,0,0.5893090865536247
27c4,93f6,27c44d34a4,93f6afc25d,Brass,Nickel,0,0.5897354708778346
93f6,41f1,93f6afc25d,41f1030655,Nickel,Nickel,0,0.6599175384606157
41f1,93f6,41f1030655,93f6afc25d,Nickel,Nickel,0,0.659521788818672
93f6,d00b,93f6afc25d,d00bf582d1,Nickel,Brass,0,0.6290377303304397
d00b,93f6,d00bf582d1,93f6afc25d,Brass,Nickel,0,0.6286706316612376
93f6,9f5c,93f6afc25d,9f5cee2a11,Nickel,Nickel,0,0.4970701117266094
9f5c,93f6,9f5cee2a11,93f6afc25d,Nickel,Nickel,0,0.497048268784281
93f6,b4f6,93f6afc25d,b4f6763191,Nickel,Nickel,0,0.5575849136471832
b4f6,93f6,b4f6763191,93f6afc25d,Nickel,Nickel,0,0.55777137720581
93f6,3c68,93f6afc25d,3c6819beb9,Nickel,Brass,0,0.42397791099135657
3c68,93f6,3c6819beb9,93f6afc25d,Brass,Nickel,0,0.42397791099135645
93f6,88c2,93f6afc25d,88c293654f,Nickel,Nickel,0,0.5264273515186402
88c2,93f6,88c293654f,93f6afc25d,Nickel,Nickel,0,0.5262694146956587
93f6,d507,93f6afc25d,d5070cee0f,Nickel,Nickel,0,0.5495158713693461
d507,93f6,d5070cee0f,93f6afc25d,Nickel,Nickel,0,0.5492338282608258
93f6,27c0,93f6afc25d,27c03bf211,Nickel,Nickel,0,0.6290027578392484
27c0,93f6,27c03bf211,93f6afc25d,Nickel,Nickel,0,0.6289958692374346
93f6,a80b,93f6afc25d,a80b46b6d1,Nickel,Brass,0,0.6531420090301999
a80b,93f6,a80b46b6d1,93f6afc25d,Brass,Nickel,0,0.6531420090301999
93f6,8197,93f6afc25d,8197f401c9,Nickel,Nickel,0,0.4978155042065876
8197,93f6,8197f401c9,93f6afc25d,Nickel,Nickel,0,0.4981557916374046
93f6,bf77,93f6afc25d,bf77a5ca9b,Nickel,Brass,0,0.5809737743337106
bf77,93f6,bf77a5ca9b,93f6afc25d,Brass,Nickel,0,0.6050199989841368
93f6,a3b1,93f6afc25d,a3b1085bea,Nickel,Brass,0,0.5414338093107144
a3b1,93f6,a3b1085bea,93f6afc25d,Brass,Nickel,0,0.541631508295318
93f6,803e,93f6afc25d,803e2e304c,Nickel,Nickel,0,0.5583266592741616
803e,93f6,803e2e304c,93f6afc25d,Nickel,Nickel,0,0.5587501565165186
93f6,5187,93f6afc25d,5187134316,Nickel,Brass,0,0.7034268486458672
5187,93f6,5187134316,93f6afc25d,Brass,Nickel,0,0.7041986866283192
93f6,6e46,93f6afc25d,6e46d2b898,Nickel,Brass,0,0.4421719349372202
6e46,93f6,6e46d2b898,93f6afc25d,Brass,Nickel,0,0.4421719349372202
93f6,db48,93f6afc25d,db4804f266,Nickel,Nickel,0,0.5851022862283363
db48,93f6,db4804f266,93f6afc25d,Nickel,Nickel,0,0.58512691329205
93f6,a54c,93f6afc25d,a54ce43a84,Nickel,Nickel,0,0.5425626114075148
a54c,93f6,a54ce43a84,93f6afc25d,Nickel,Nickel,0,0.5425467486622075
93f6,0db0,93f6afc25d,0db08b7f9e,Nickel,Nickel,0,0.6404630405787671
0db0,93f6,0db08b7f9e,93f6afc25d,Nickel,Nickel,0,0.6404080040468763
93f6,9c65,93f6afc25d,9c6504e345,Nickel,Brass,0,0.4810280211549948
9c65,93f6,9c6504e345,93f6afc25d,Brass,Nickel,0,0.48102023711509
93f6,3443,93f6afc25d,3443ea5ba5,Nickel,Brass,0,0.6165220753878563
3443,93f6,3443ea5ba5,93f6afc25d,Brass,Nickel,0,0.6164034793959865
93f6,1f25,93f6afc25d,1f2544214d,Nickel,Nickel,0,0.5597785611862455
1f25,93f6,1f2544214d,93f6afc25d,Nickel,Nickel,0,0.5596042176821103
93f6,0e45,93f6afc25d,0e45ff7118,Nickel,Brass,0,0.5893191777561906
0e45,93f6,0e45ff7118,93f6afc25d,Brass,Nickel,0,0.5350036753295803
93f6,c208,93f6afc25d,c2081b71be,Nickel,Nickel,0,0.37018443106326254
c208,93f6,c2081b71be,93f6afc25d,Nickel,Nickel,0,0.3702132821415427
93f6,4e01,93f6afc25d,4e0193ff9e,Nickel,Nickel,0,0.4564657188176686
4e01,93f6,4e0193ff9e,93f6afc25d,Nickel,Nickel,0,0.45646571881766834
93f6,2d95,93f6afc25d,2d95605114,Nickel,Brass,0,0.5868962870832867
2d95,93f6,2d95605114,93f6afc25d,Brass,Nickel,0,0.5869734056612442
93f6,8410,93f6afc25d,84106ae247,Nickel,Nickel,0,0.532818111203648
8410,93f6,84106ae247,93f6afc25d,Nickel,Nickel,0,0.5328735337075347
93f6,eb35,93f6afc25d,eb358a4d60,Nickel,Brass,0,0.5603783960508871
eb35,93f6,eb358a4d60,93f6afc25d,Brass,Nickel,0,0.5599989935846761
93f6,5d25,93f6afc25d,5d25cd3446,Nickel,Nickel,0,0.4766784589948391
5d25,93f6,5d25cd3446,93f6afc25d,Nickel,Nickel,0,0.47638054124352613
93f6,5b23,93f6afc25d,5b23b59131,Nickel,Brass,0,0.5181720339215161
5b23,93f6,5b23b59131,93f6afc25d,Brass,Nickel,0,0.5187754665327081
93f6,a672,93f6afc25d,a672c8a1fa,Nickel,Brass,0,0.5110317791268372
a672,93f6,a672c8a1fa,93f6afc25d,Brass,Nickel,0,0.5107947587022479
93f6,2479,93f6afc25d,247918f662,Nickel,Nickel,0,0.4281433598348689
2479,93f6,247918f662,93f6afc25d,Nickel,Nickel,0,0.4281433598348688
2753,27c4,275310424a,27c44d34a4,Brass,Brass,0,0.7295945261929354
27c4,2753,27c44d34a4,275310424a,Brass,Brass,0,0.7077628694835334
2753,41f1,275310424a,41f1030655,Brass,Nickel,0,0.5904384916621216
41f1,2753,41f1030655,275310424a,Nickel,Brass,0,0.5904616419704327
2753,d00b,275310424a,d00bf582d1,Brass,Brass,0,0.5161497199455118
d00b,2753,d00bf582d1,275310424a,Brass,Brass,0,0.5160966820902029
2753,9f5c,275310424a,9f5cee2a11,Brass,Nickel,0,0.6051907231449437
9f5c,2753,9f5cee2a11,275310424a,Nickel,Brass,0,0.6232105409799462
2753,b4f6,275310424a,b4f6763191,Brass,Nickel,0,0.5433635866394171
b4f6,2753,b4f6763191,275310424a,Nickel,Brass,0,0.5431739987037496
2753,3c68,275310424a,3c6819beb9,Brass,Brass,0,0.5711742352127931
3c68,2753,3c6819beb9,275310424a,Brass,Brass,0,0.5726698481034651
2753,88c2,275310424a,88c293654f,Brass,Nickel,0,0.6616007710572563
88c2,2753,88c293654f,275310424a,Nickel,Brass,0,0.6615711464761572
2753,d507,275310424a,d5070cee0f,Brass,Nickel,0,0.5296685291959111
d507,2753,d5070cee0f,275310424a,Nickel,Brass,0,0.5293614329838753
2753,27c0,275310424a,27c03bf211,Brass,Nickel,0,0.7975307539695012
27c0,2753,27c03bf211,275310424a,Nickel,Brass,0,0.7973538630854117
2753,a80b,275310424a,a80b46b6d1,Brass,Brass,0,0.6777312458280167
a80b,2753,a80b46b6d1,275310424a,Brass,Brass,0,0.6794626710461059
2753,8197,275310424a,8197f401c9,Brass,Nickel,0,0.5400027060642879
8197,2753,8197f401c9,275310424a,Nickel,Brass,0,0.5398010373079515
2753,bf77,275310424a,bf77a5ca9b,Brass,Brass,0,0.4148179963965671
bf77,2753,bf77a5ca9b,275310424a,Brass,Brass,0,0.41551122805399066
2753,a3b1,275310424a,a3b1085bea,Brass,Brass,0,0.6023620239277346
a3b1,2753,a3b1085bea,275310424a,Brass,Brass,0,0.6023620239277349
2753,803e,275310424a,803e2e304c,Brass,Nickel,0,0.5113706490049404
803e,2753,803e2e304c,275310424a,Nickel,Brass,0,0.5110561207865457
2753,5187,275310424a,5187134316,Brass,Brass,0,0.5504577307424312
5187,2753,5187134316,275310424a,Brass,Brass,0,0.6161342739286267
2753,6e46,275310424a,6e46d2b898,Brass,Brass,0,0.6891897923354444
6e46,2753,6e46d2b898,275310424a,Brass,Brass,0,0.6898262562027431
2753,db48,275310424a,db4804f266,Brass,Nickel,0,0.49424919147120466
db48,2753,db4804f266,275310424a,Nickel,Brass,0,0.495687251731683
2753,a54c,275310424a,a54ce43a84,Brass,Nickel,0,0.573995492161593
a54c,2753,a54ce43a84,275310424a,Nickel,Brass,0,0.5734575449955956
2753,0db0,275310424a,0db08b7f9e,Brass,Nickel,0,0.6489091832841937
0db0,2753,0db08b7f9e,275310424a,Nickel,Brass,0,0.6494724443267147
2753,9c65,275310424a,9c6504e345,Brass,Brass,0,0.51599726681297
9c65,2753,9c6504e345,275310424a,Brass,Brass,0,0.47955823096573635
2753,3443,275310424a,3443ea5ba5,Brass,Brass,0,0.524503379746852
3443,2753,3443ea5ba5,275310424a,Brass,Brass,0,0.5244638263106765
2753,1f25,275310424a,1f2544214d,Brass,Nickel,0,0.6430524335362543
1f25,2753,1f2544214d,275310424a,Nickel,Brass,0,0.6430054427455218
2753,0e45,275310424a,0e45ff7118,Brass,Brass,0,0.5336663526586324
0e45,2753,0e45ff7118,275310424a,Brass,Brass,0,0.5338901853163657
2753,c208,275310424a,c2081b71be,Brass,Nickel,0,0.4914877755175464
c208,2753,c2081b71be,275310424a,Nickel,Brass,0,0.49166854011577227
2753,4e01,275310424a,4e0193ff9e,Brass,Nickel,0,0.5654064238519415
4e01,2753,4e0193ff9e,275310424a,Nickel,Brass,0,0.5660170921248017
2753,2d95,275310424a,2d95605114,Brass,Brass,0,0.6615442431330845
2d95,2753,2d95605114,275310424a,Brass,Brass,0,0.6615899924904131
2753,8410,275310424a,84106ae247,Brass,Nickel,0,0.4930686859482275
8410,2753,84106ae247,275310424a,Nickel,Brass,0,0.4930686859482275
2753,eb35,275310424a,eb358a4d60,Brass,Brass,0,0.5724305990537687
eb35,2753,eb358a4d60,275310424a,Brass,Brass,0,0.5699577133214585
2753,5d25,275310424a,5d25cd3446,Brass,Nickel,0,0.5653374072289327
5d25,2753,5d25cd3446,275310424a,Nickel,Brass,0,0.5656196820615585
2753,5b23,275310424a,5b23b59131,Brass,Brass,0,0.7163090535217859
5b23,2753,5b23b59131,275310424a,Brass,Brass,0,0.7163466853906129
2753,a672,275310424a,a672c8a1fa,Brass,Brass,0,0.5230259034455907
a672,2753,a672c8a1fa,275310424a,Brass,Brass,0,0.5230203454074009
2753,2479,275310424a,247918f662,Brass,Nickel,0,0.44747986677039564
2479,2753,247918f662,275310424a,Nickel,Brass,0,0.44750981496266024
27c4,41f1,27c44d34a4,41f1030655,Brass,Nickel,0,0.6456840091099605
41f1,27c4,41f1030655,27c44d34a4,Nickel,Brass,0,0.6453104916835101
27c4,d00b,27c44d34a4,d00bf582d1,Brass,Brass,0,0.4459018830742516
d00b,27c4,d00bf582d1,27c44d34a4,Brass,Brass,0,0.4463211909794536
27c4,9f5c,27c44d34a4,9f5cee2a11,Brass,Nickel,0,0.5968977008636249
9f5c,27c4,9f5cee2a11,27c44d34a4,Nickel,Brass,0,0.5967993161451501
27c4,b4f6,27c44d34a4,b4f6763191,Brass,Nickel,0,0.6047639868355816
b4f6,27c4,b4f6763191,27c44d34a4,Nickel,Brass,0,0.6047639868355816
27c4,3c68,27c44d34a4,3c6819beb9,Brass,Brass,0,0.48783309824214094
3c68,27c4,3c6819beb9,27c44d34a4,Brass,Brass,0,0.48693408940671085
27c4,88c2,27c44d34a4,88c293654f,Brass,Nickel,0,0.7166277397490395
88c2,27c4,88c293654f,27c44d34a4,Nickel,Brass,0,0.743755585340925
27c4,d507,27c44d34a4,d5070cee0f,Brass,Nickel,0,0.6136471667194846
d507,27c4,d5070cee0f,27c44d34a4,Nickel,Brass,0,0.6136767320523194
27c4,27c0,27c44d34a4,27c03bf211,Brass,Nickel,0,0.5092263310011373
27c0,27c4,27c03bf211,27c44d34a4,Nickel,Brass,0,0.5092828433739047
27c4,a80b,27c44d34a4,a80b46b6d1,Brass,Brass,0,0.450130886168389
a80b,27c4,a80b46b6d1,27c44d34a4,Brass,Brass,0,0.45005301452403845
27c4,8197,27c44d34a4,8197f401c9,Brass,Nickel,0,0.6766692296716734
8197,27c4,8197f401c9,27c44d34a4,Nickel,Brass,0,0.6763278694526101
27c4,bf77,27c44d34a4,bf77a5ca9b,Brass,Brass,0,0.560219836833594
bf77,27c4,bf77a5ca9b,27c44d34a4,Brass,Brass,0,0.5601997435373631
27c4,a3b1,27c44d34a4,a3b1085bea,Brass,Brass,0,0.44930688408353897
a3b1,27c4,a3b1085bea,27c44d34a4,Brass,Brass,0,0.4482592366584879
27c4,803e,27c44d34a4,803e2e304c,Brass,Nickel,0,0.41429870296959076
803e,27c4,803e2e304c,27c44d34a4,Nickel,Brass,0,0.4142927316468111
27c4,5187,27c44d34a4,5187134316,Brass,Brass,0,0.45697948173510883
5187,27c4,5187134316,27c44d34a4,Brass,Brass,0,0.45699055650883175
27c4,6e46,27c44d34a4,6e46d2b898,Brass,Brass,0,0.6433072550715706
6e46,27c4,6e46d2b898,27c44d34a4,Brass,Brass,0,0.6429251098987109
27c4,db48,27c44d34a4,db4804f266,Brass,Nickel,0,0.6926038906201247
db48,27c4,db4804f266,27c44d34a4,Nickel,Brass,0,0.832303236354883
27c4,a54c,27c44d34a4,a54ce43a84,Brass,Nickel,0,0.700592319653646
a54c,27c4,a54ce43a84,27c44d34a4,Nickel,Brass,0,0.7006937584490547
27c4,0db0,27c44d34a4,0db08b7f9e,Brass,Nickel,0,0.600498180732157
0db0,27c4,0db08b7f9e,27c44d34a4,Nickel,Brass,0,0.5323479263406504
27c4,9c65,27c44d34a4,9c6504e345,Brass,Brass,0,0.6104393385701437
9c65,27c4,9c6504e345,27c44d34a4,Brass,Brass,0,0.6108288490645634
27c4,3443,27c44d34a4,3443ea5ba5,Brass,Brass,0,0.5504441463438179
3443,27c4,3443ea5ba5,27c44d34a4,Brass,Brass,0,0.549621432327996
27c4,1f25,27c44d34a4,1f2544214d,Brass,Nickel,0,0.33586471776977733
1f25,27c4,1f2544214d,27c44d34a4,Nickel,Brass,0,0.336051948581019
27c4,0e45,27c44d34a4,0e45ff7118,Brass,Brass,0,0.6906835118642383
0e45,27c4,0e45ff7118,27c44d34a4,Brass,Brass,0,0.6906979470459681
27c4,c208,27c44d34a4,c2081b71be,Brass,Nickel,0,0.7488574060505266
c208,27c4,c2081b71be,27c44d34a4,Nickel,Brass,0,0.7488359083288827
27c4,4e01,27c44d34a4,4e0193ff9e,Brass,Nickel,0,0.5567250286613531
4e01,27c4,4e0193ff9e,27c44d34a4,Nickel,Brass,0,0.5565910107060078
27c4,2d95,27c44d34a4,2d95605114,Brass,Brass,0,0.591262855186911
2d95,27c4,2d95605114,27c44d34a4,Brass,Brass,0,0.5922543426685944
27c4,8410,27c44d34a4,84106ae247,Brass,Nickel,0,0.4723050735569817
8410,27c4,84106ae247,27c44d34a4,Nickel,Brass,0,0.47210691896129203
27c4,eb35,27c44d34a4,eb358a4d60,Brass,Brass,0,0.597017109595654
eb35,27c4,eb358a4d60,27c44d34a4,Brass,Brass,0,0.5969658811476959
27c4,5d25,27c44d34a4,5d25cd3446,Brass,Nickel,0,0.602804218466965
5d25,27c4,5d25cd3446,27c44d34a4,Nickel,Brass,0,0.6022782979829324
27c4,5b23,27c44d34a4,5b23b59131,Brass,Brass,0,0.5967572918295205
5b23,27c4,5b23b59131,27c44d34a4,Brass,Brass,0,0.596439479898123
27c4,a672,27c44d34a4,a672c8a1fa,Brass,Brass,0,0.6204607201566262
a672,27c4,a672c8a1fa,27c44d34a4,Brass,Brass,0,0.6204696962705832
27c4,2479,27c44d34a4,247918f662,Brass,Nickel,0,0.4731895793136377
2479,27c4,247918f662,27c44d34a4,Nickel,Brass,0,0.47335066940441756
41f1,d00b,41f1030655,d00bf582d1,Nickel,Brass,0,0.5293152650414227
d00b,41f1,d00bf582d1,41f1030655,Brass,Nickel,0,0.5349077179673696
41f1,9f5c,41f1030655,9f5cee2a11,Nickel,Nickel,0,0.6026545112534113
9f5c,41f1,9f5cee2a11,41f1030655,Nickel,Nickel,0,0.6027509416568954
41f1,b4f6,41f1030655,b4f6763191,Nickel,Nickel,0,0.6480202203600143
b4f6,41f1,b4f6763191,41f1030655,Nickel,Nickel,0,0.6504249619138514
41f1,3c68,41f1030655,3c6819beb9,Nickel,Brass,0,0.5718264463870143
3c68,41f1,3c6819beb9,41f1030655,Brass,Nickel,0,0.5725826457240635
41f1,88c2,41f1030655,88c293654f,Nickel,Nickel,0,0.486414667507961
88c2,41f1,88c293654f,41f1030655,Nickel,Nickel,0,0.48640603147589045
41f1,d507,41f1030655,d5070cee0f,Nickel,Nickel,0,0.7715745739880664
d507,41f1,d5070cee0f,41f1030655,Nickel,Nickel,0,0.7717254299124386
41f1,27c0,41f1030655,27c03bf211,Nickel,Nickel,0,0.6700926683870727
27c0,41f1,27c03bf211,41f1030655,Nickel,Nickel,0,0.6712634015419124
41f1,a80b,41f1030655,a80b46b6d1,Nickel,Brass,0,0.47034949804421466
a80b,41f1,a80b46b6d1,41f1030655,Brass,Nickel,0,0.4765892796631348
41f1,8197,41f1030655,8197f401c9,Nickel,Nickel,0,0.5326538136834993
8197,41f1,8197f401c9,41f1030655,Nickel,Nickel,0,0.5319532690576504
41f1,bf77,41f1030655,bf77a5ca9b,Nickel,Brass,0,0.520611212896982
bf77,41f1,bf77a5ca9b,41f1030655,Brass,Nickel,0,0.5203688280815589
41f1,a3b1,41f1030655,a3b1085bea,Nickel,Brass,0,0.5048171087631509
a3b1,41f1,a3b1085bea,41f1030655,Brass,Nickel,0,0.504817108763151
41f1,803e,41f1030655,803e2e304c,Nickel,Nickel,0,0.46236876544711975
803e,41f1,803e2e304c,41f1030655,Nickel,Nickel,0,0.4633451947908194
41f1,5187,41f1030655,5187134316,Nickel,Brass,0,0.4244913136764364
5187,41f1,5187134316,41f1030655,Brass,Nickel,0,0.5266250186644467
41f1,6e46,41f1030655,6e46d2b898,Nickel,Brass,0,0.5351537007843148
6e46,41f1,6e46d2b898,41f1030655,Brass,Nickel,0,0.5353703950690487
41f1,db48,41f1030655,db4804f266,Nickel,Nickel,0,0.6242058735630408
db48,41f1,db4804f266,41f1030655,Nickel,Nickel,0,0.6244281830513104
41f1,a54c,41f1030655,a54ce43a84,Nickel,Nickel,0,0.694066439132264
a54c,41f1,a54ce43a84,41f1030655,Nickel,Nickel,0,0.6936767157442628
41f1,0db0,41f1030655,0db08b7f9e,Nickel,Nickel,0,0.5952425469797109
0db0,41f1,0db08b7f9e,41f1030655,Nickel,Nickel,0,0.5951086908215053
41f1,9c65,41f1030655,9c6504e345,Nickel,Brass,0,0.6875283041854127
9c65,41f1,9c6504e345,41f1030655,Brass,Nickel,0,0.6890128239669275
41f1,3443,41f1030655,3443ea5ba5,Nickel,Brass,0,0.7003259905317568
3443,41f1,3443ea5ba5,41f1030655,Brass,Nickel,0,0.7002880173311373
41f1,1f25,41f1030655,1f2544214d,Nickel,Nickel,0,0.5808504541289745
1f25,41f1,1f2544214d,41f1030655,Nickel,Nickel,0,0.5824680554874546
41f1,0e45,41f1030655,0e45ff7118,Nickel,Brass,0,0.38685708002821034
0e45,41f1,0e45ff7118,41f1030655,Brass,Nickel,0,0.38678918579005206
41f1,c208,41f1030655,c2081b71be,Nickel,Nickel,0,0.5436054584469467
c208,41f1,c2081b71be,41f1030655,Nickel,Nickel,0,0.5442766776812935
41f1,4e01,41f1030655,4e0193ff9e,Nickel,Nickel,0,0.4619507488961903
4e01,41f1,4e0193ff9e,41f1030655,Nickel,Nickel,0,0.462372537313659
41f1,2d95,41f1030655,2d95605114,Nickel,Brass,0,0.4910216227911667
2d95,41f1,2d95605114,41f1030655,Brass,Nickel,0,0.4913271344471419
41f1,8410,41f1030655,84106ae247,Nickel,Nickel,0,0.6120777440055744
8410,41f1,84106ae247,41f1030655,Nickel,Nickel,0,0.6120922753371827
41f1,eb35,41f1030655,eb358a4d60,Nickel,Brass,0,0.5151114503118057
eb35,41f1,eb358a4d60,41f1030655,Brass,Nickel,0,0.5153289102730348
41f1,5d25,41f1030655,5d25cd3446,Nickel,Nickel,0,0.5951540343688644
5d25,41f1,5d25cd3446,41f1030655,Nickel,Nickel,0,0.5956703629324062
41f1,5b23,41f1030655,5b23b59131,Nickel,Brass,0,0.6720470261740839
5b23,41f1,5b23b59131,41f1030655,Brass,Nickel,0,0.6724943745823184
41f1,a672,41f1030655,a672c8a1fa,Nickel,Brass,0,0.5393196647929906
a672,41f1,a672c8a1fa,41f1030655,Brass,Nickel,0,0.5395992974142835
41f1,2479,41f1030655,247918f662,Nickel,Nickel,0,0.5133824256781383
2479,41f1,247918f662,41f1030655,Nickel,Nickel,0,0.5133496288119087
d00b,9f5c,d00bf582d1,9f5cee2a11,Brass,Nickel,0,0.6149144499312676
9f5c,d00b,9f5cee2a11,d00bf582d1,Nickel,Brass,0,0.6149144499312671
d00b,b4f6,d00bf582d1,b4f6763191,Brass,Nickel,0,0.4642461663514264
b4f6,d00b,b4f6763191,d00bf582d1,Nickel,Brass,0,0.4643588696038996
d00b,3c68,d00bf582d1,3c6819beb9,Brass,Brass,0,0.5434033307797818
3c68,d00b,3c6819beb9,d00bf582d1,Brass,Brass,0,0.543958685481971
d00b,88c2,d00bf582d1,88c293654f,Brass,Nickel,0,0.6454208483708
88c2,d00b,88c293654f,d00bf582d1,Nickel,Brass,0,0.644971532972041
d00b,d507,d00bf582d1,d5070cee0f,Brass,Nickel,0,0.5024912047168217
d507,d00b,d5070cee0f,d00bf582d1,Nickel,Brass,0,0.502257338811343
d00b,27c0,d00bf582d1,27c03bf211,Brass,Nickel,0,0.4998763111576275
27c0,d00b,27c03bf211,d00bf582d1,Nickel,Brass,0,0.49986839030069885
d00b,a80b,d00bf582d1,a80b46b6d1,Brass,Brass,0,0.650049679395055
a80b,d00b,a80b46b6d1,d00bf582d1,Brass,Brass,0,0.6500853978087702
d00b,8197,d00bf582d1,8197f401c9,Brass,Nickel,0,0.5448836243632418
8197,d00b,8197f401c9,d00bf582d1,Nickel,Brass,0,0.5448836243632418
d00b,bf77,d00bf582d1,bf77a5ca9b,Brass,Brass,0,0.4663828146007806
bf77,d00b,bf77a5ca9b,d00bf582d1,Brass,Brass,0,0.4664622006612883
d00b,a3b1,d00bf582d1,a3b1085bea,Brass,Brass,0,0.42162155137396873
a3b1,d00b,a3b1085bea,d00bf582d1,Brass,Brass,0,0.42270036213025924
d00b,803e,d00bf582d1,803e2e304c,Brass,Nickel,0,0.58062540508208
803e,d00b,803e2e304c,d00bf582d1,Nickel,Brass,0,0.5817233928417144
d00b,5187,d00bf582d1,5187134316,Brass,Brass,0,0.5311740996898868
5187,d00b,5187134316,d00bf582d1,Brass,Brass,0,0.5311226770741383
d00b,6e46,d00bf582d1,6e46d2b898,Brass,Brass,0,0.4806156151132635
6e46,d00b,6e46d2b898,d00bf582d1,Brass,Brass,0,0.48126859613232553
d00b,db48,d00bf582d1,db4804f266,Brass,Nickel,0,0.45732919299947455
db48,d00b,db4804f266,d00bf582d1,Nickel,Brass,0,0.457291018376884
d00b,a54c,d00bf582d1,a54ce43a84,Brass,Nickel,0,0.5044773646804542
a54c,d00b,a54ce43a84,d00bf582d1,Nickel,Brass,0,0.5040788119061693
d00b,0db0,d00bf582d1,0db08b7f9e,Brass,Nickel,0,0.46711961465811347
0db0,d00b,0db08b7f9e,d00bf582d1,Nickel,Brass,0,0.46711961465811347
d00b,9c65,d00bf582d1,9c6504e345,Brass,Brass,0,0.38307505208656806
9c65,d00b,9c6504e345,d00bf582d1,Brass,Brass,0,0.4601630456334138
d00b,3443,d00bf582d1,3443ea5ba5,Brass,Brass,0,0.4053708011764786
3443,d00b,3443ea5ba5,d00bf582d1,Brass,Brass,0,0.4066834204745107
d00b,1f25,d00bf582d1,1f2544214d,Brass,Nickel,0,0.4692738125066697
1f25,d00b,1f2544214d,d00bf582d1,Nickel,Brass,0,0.46927381250667
d00b,0e45,d00bf582d1,0e45ff7118,Brass,Brass,0,0.5557359346186159
0e45,d00b,0e45ff7118,d00bf582d1,Brass,Brass,0,0.5553521194825757
d00b,c208,d00bf582d1,c2081b71be,Brass,Nickel,0,0.5787113765432681
c208,d00b,c2081b71be,d00bf582d1,Nickel,Brass,0,0.5786137802377757
d00b,4e01,d00bf582d1,4e0193ff9e,Brass,Nickel,0,0.49940595122687576
4e01,d00b,4e0193ff9e,d00bf582d1,Nickel,Brass,0,0.5003101171463905
d00b,2d95,d00bf582d1,2d95605114,Brass,Brass,0,0.45648956651183337
2d95,d00b,2d95605114,d00bf582d1,Brass,Brass,0,0.4562390992964431
d00b,8410,d00bf582d1,84106ae247,Brass,Nickel,0,0.4628646480061352
8410,d00b,84106ae247,d00bf582d1,Nickel,Brass,0,0.46261895056758884
d00b,eb35,d00bf582d1,eb358a4d60,Brass,Brass,0,0.3802573310052546
eb35,d00b,eb358a4d60,d00bf582d1,Brass,Brass,0,0.3806881368852748
d00b,5d25,d00bf582d1,5d25cd3446,Brass,Nickel,0,0.5795949201951047
5d25,d00b,5d25cd3446,d00bf582d1,Nickel,Brass,0,0.5795121544061341
d00b,5b23,d00bf582d1,5b23b59131,Brass,Brass,0,0.5987847818579055
5b23,d00b,5b23b59131,d00bf582d1,Brass,Brass,0,0.5996710160915659
d00b,a672,d00bf582d1,a672c8a1fa,Brass,Brass,0,0.4243259140338232
a672,d00b,a672c8a1fa,d00bf582d1,Brass,Brass,0,0.42404083982376983
d00b,2479,d00bf582d1,247918f662,Brass,Nickel,0,0.47274270028237336
2479,d00b,247918f662,d00bf582d1,Nickel,Brass,0,0.47258880589980223
9f5c,b4f6,9f5cee2a11,b4f6763191,Nickel,Nickel,0,0.6424364794782257
b4f6,9f5c,b4f6763191,9f5cee2a11,Nickel,Nickel,0,0.641727095742124
9f5c,3c68,9f5cee2a11,3c6819beb9,Nickel,Brass,0,0.46976464386618466
3c68,9f5c,3c6819beb9,9f5cee2a11,Brass,Nickel,0,0.4705858418540574
9f5c,88c2,9f5cee2a11,88c293654f,Nickel,Nickel,0,0.6855220256521325
88c2,9f5c,88c293654f,9f5cee2a11,Nickel,Nickel,0,0.7183708578411592
9f5c,d507,9f5cee2a11,d5070cee0f,Nickel,Nickel,0,0.5232222206461961
d507,9f5c,d5070cee0f,9f5cee2a11,Nickel,Nickel,0,0.5231581664181569
9f5c,27c0,9f5cee2a11,27c03bf211,Nickel,Nickel,0,0.8579960586222211
27c0,9f5c,27c03bf211,9f5cee2a11,Nickel,Nickel,0,0.857356037956403
9f5c,a80b,9f5cee2a11,a80b46b6d1,Nickel,Brass,0,0.6426118903911922
a80b,9f5c,a80b46b6d1,9f5cee2a11,Brass,Nickel,0,0.6608938122507673
9f5c,8197,9f5cee2a11,8197f401c9,Nickel,Nickel,0,0.4419404547798201
8197,9f5c,8197f401c9,9f5cee2a11,Nickel,Nickel,0,0.44288110822283877
9f5c,bf77,9f5cee2a11,bf77a5ca9b,Nickel,Brass,0,0.47187707648089305
bf77,9f5c,bf77a5ca9b,9f5cee2a11,Brass,Nickel,0,0.471833107357679
9f5c,a3b1,9f5cee2a11,a3b1085bea,Nickel,Brass,0,0.6403564706227256
a3b1,9f5c,a3b1085bea,9f5cee2a11,Brass,Nickel,0,0.6420360952280267
9f5c,803e,9f5cee2a11,803e2e304c,Nickel,Nickel,0,0.676649028962591
803e,9f5c,803e2e304c,9f5cee2a11,Nickel,Nickel,0,0.6769105428243869
9f5c,5187,9f5cee2a11,5187134316,Nickel,Brass,0,0.6058079876365682
5187,9f5c,5187134316,9f5cee2a11,Brass,Nickel,0,0.6058438118570466
9f5c,6e46,9f5cee2a11,6e46d2b898,Nickel,Brass,0,0.5576409940608191
6e46,9f5c,6e46d2b898,9f5cee2a11,Brass,Nickel,0,0.5580819180811322
9f5c,db48,9f5cee2a11,db4804f266,Nickel,Nickel,0,0.6484563681591896
db48,9f5c,db4804f266,9f5cee2a11,Nickel,Nickel,0,0.6481636307527533
9f5c,a54c,9f5cee2a11,a54ce43a84,Nickel,Nickel,0,0.5911355904855323
a54c,9f5c,a54ce43a84,9f5cee2a11,Nickel,Nickel,0,0.5910504106824953
9f5c,0db0,9f5cee2a11,0db08b7f9e,Nickel,Nickel,0,0.5693037767382471
0db0,9f5c,0db08b7f9e,9f5cee2a11,Nickel,Nickel,0,0.4987067938535255
9f5c,9c65,9f5cee2a11,9c6504e345,Nickel,Brass,0,0.7567275231859769
9c65,9f5c,9c6504e345,9f5cee2a11,Brass,Nickel,0,0.7563676628889741
9f5c,3443,9f5cee2a11,3443ea5ba5,Nickel,Brass,0,0.635508389718028
3443,9f5c,3443ea5ba5,9f5cee2a11,Brass,Nickel,0,0.6357888915304244
9f5c,1f25,9f5cee2a11,1f2544214d,Nickel,Nickel,0,0.682778699985122
1f25,9f5c,1f2544214d,9f5cee2a11,Nickel,Nickel,0,0.6831095685560938
9f5c,0e45,9f5cee2a11,0e45ff7118,Nickel,Brass,0,0.6365290773096881
0e45,9f5c,0e45ff7118,9f5cee2a11,Brass,Nickel,0,0.637127750876208
9f5c,c208,9f5cee2a11,c2081b71be,Nickel,Nickel,0,0.5146459743549731
c208,9f5c,c2081b71be,9f5cee2a11,Nickel,Nickel,0,0.5140021226044061
9f5c,4e01,9f5cee2a11,4e0193ff9e,Nickel,Nickel,0,0.5034569374997406
4e01,9f5c,4e0193ff9e,9f5cee2a11,Nickel,Nickel,0,0.5035417118849197
9f5c,2d95,9f5cee2a11,2d95605114,Nickel,Brass,0,0.6373408083992727
2d95,9f5c,2d95605114,9f5cee2a11,Brass,Nickel,0,0.6372674484144192
9f5c,8410,9f5cee2a11,84106ae247,Nickel,Nickel,0,0.7234719639319251
8410,9f5c,84106ae247,9f5cee2a11,Nickel,Nickel,0,0.7253093615785264
9f5c,eb35,9f5cee2a11,eb358a4d60,Nickel,Brass,0,0.4334932377870608
eb35,9f5c,eb358a4d60,9f5cee2a11,Brass,Nickel,0,0.4333000856837845
9f5c,5d25,9f5cee2a11,5d25cd3446,Nickel,Nickel,0,0.4090284467049901
5d25,9f5c,5d25cd3446,9f5cee2a11,Nickel,Nickel,0,0.40902844670499
9f5c,5b23,9f5cee2a11,5b23b59131,Nickel,Brass,0,0.45242983983325125
5b23,9f5c,5b23b59131,9f5cee2a11,Brass,Nickel,0,0.4493128358859991
9f5c,a672,9f5cee2a11,a672c8a1fa,Nickel,Brass,0,0.5701295708874159
a672,9f5c,a672c8a1fa,9f5cee2a11,Brass,Nickel,0,0.5700569352733031
9f5c,2479,9f5cee2a11,247918f662,Nickel,Nickel,0,0.4797482528926227
2479,9f5c,247918f662,9f5cee2a11,Nickel,Nickel,0,0.47912880863282115
b4f6,3c68,b4f6763191,3c6819beb9,Nickel,Brass,0,0.5225179085217969
3c68,b4f6,3c6819beb9,b4f6763191,Brass,Nickel,0,0.5222835128192698
b4f6,88c2,b4f6763191,88c293654f,Nickel,Nickel,0,0.6523578639413778
88c2,b4f6,88c293654f,b4f6763191,Nickel,Nickel,0,0.6521356762717374
b4f6,d507,b4f6763191,d5070cee0f,Nickel,Nickel,0,0.7623933011447607
d507,b4f6,d5070cee0f,b4f6763191,Nickel,Nickel,0,0.702320054798229
b4f6,27c0,b4f6763191,27c03bf211,Nickel,Nickel,0,0.5454961881104531
27c0,b4f6,27c03bf211,b4f6763191,Nickel,Nickel,0,0.5450118045777018
b4f6,a80b,b4f6763191,a80b46b6d1,Nickel,Brass,0,0.5258358482626111
a80b,b4f6,a80b46b6d1,b4f6763191,Brass,Nickel,0,0.5255230439827874
b4f6,8197,b4f6763191,8197f401c9,Nickel,Nickel,0,0.4578725782110232
8197,b4f6,8197f401c9,b4f6763191,Nickel,Nickel,0,0.45766041934648843
b4f6,bf77,b4f6763191,bf77a5ca9b,Nickel,Brass,0,0.6160338409292672
bf77,b4f6,bf77a5ca9b,b4f6763191,Brass,Nickel,0,0.6161501594554554
b4f6,a3b1,b4f6763191,a3b1085bea,Nickel,Brass,0,0.5829117964445045
a3b1,b4f6,a3b1085bea,b4f6763191,Brass,Nickel,0,0.5829343909320911
b4f6,803e,b4f6763191,803e2e304c,Nickel,Nickel,0,0.691941479568581
803e,b4f6,803e2e304c,b4f6763191,Nickel,Nickel,0,0.691796667656477
b4f6,5187,b4f6763191,5187134316,Nickel,Brass,0,0.5245572946389668
5187,b4f6,5187134316,b4f6763191,Brass,Nickel,0,0.5245572946389666
b4f6,6e46,b4f6763191,6e46d2b898,Nickel,Brass,0,0.7450984246785176
6e46,b4f6,6e46d2b898,b4f6763191,Brass,Nickel,0,0.7450664103773491
b4f6,db48,b4f6763191,db4804f266,Nickel,Nickel,0,0.6193091321910985
db48,b4f6,db4804f266,b4f6763191,Nickel,Nickel,0,0.6186897485828488
b4f6,a54c,b4f6763191,a54ce43a84,Nickel,Nickel,0,0.6373909435013437
a54c,b4f6,a54ce43a84,b4f6763191,Nickel,Nickel,0,0.5990814443864778
b4f6,0db0,b4f6763191,0db08b7f9e,Nickel,Nickel,0,0.6115381988034265
0db0,b4f6,0db08b7f9e,b4f6763191,Nickel,Nickel,0,0.6600837390202335
b4f6,9c65,b4f6763191,9c6504e345,Nickel,Brass,0,0.519775688730135
9c65,b4f6,9c6504e345,b4f6763191,Brass,Nickel,0,0.5204263836561667
b4f6,3443,b4f6763191,3443ea5ba5,Nickel,Brass,0,0.5769090376508886
3443,b4f6,3443ea5ba5,b4f6763191,Brass,Nickel,0,0.575446230437303
b4f6,1f25,b4f6763191,1f2544214d,Nickel,Nickel,0,0.486619315181231
1f25,b4f6,1f2544214d,b4f6763191,Nickel,Nickel,0,0.48717179927322607
b4f6,0e45,b4f6763191,0e45ff7118,Nickel,Brass,0,0.5327782308266521
0e45,b4f6,0e45ff7118,b4f6763191,Brass,Nickel,0,0.5347289946759336
b4f6,c208,b4f6763191,c2081b71be,Nickel,Nickel,0,0.7393228472193669
c208,b4f6,c2081b71be,b4f6763191,Nickel,Nickel,0,0.7393228472193666
b4f6,4e01,b4f6763191,4e0193ff9e,Nickel,Nickel,0,0.4633564901985118
4e01,b4f6,4e0193ff9e,b4f6763191,Nickel,Nickel,0,0.46283098679770734
b4f6,2d95,b4f6763191,2d95605114,Nickel,Brass,0,0.6237291630878976
2d95,b4f6,2d95605114,b4f6763191,Brass,Nickel,0,0.6236517764184261
b4f6,8410,b4f6763191,84106ae247,Nickel,Nickel,0,0.47367714438715364
8410,b4f6,84106ae247,b4f6763191,Nickel,Nickel,0,0.47354698590663147
b4f6,eb35,b4f6763191,eb358a4d60,Nickel,Brass,0,0.5724111031949666
eb35,b4f6,eb358a4d60,b4f6763191,Brass,Nickel,0,0.5721377552979066
b4f6,5d25,b4f6763191,5d25cd3446,Nickel,Nickel,0,0.5735089830372759
5d25,b4f6,5d25cd3446,b4f6763191,Nickel,Nickel,0,0.5728001352661525
b4f6,5b23,b4f6763191,5b23b59131,Nickel,Brass,0,0.8549308458791606
5b23,b4f6,5b23b59131,b4f6763191,Brass,Nickel,0,0.8560687895096879
b4f6,a672,b4f6763191,a672c8a1fa,Nickel,Brass,0,0.5796290203161704
a672,b4f6,a672c8a1fa,b4f6763191,Brass,Nickel,0,0.5795923870305146
b4f6,2479,b4f6763191,247918f662,Nickel,Nickel,0,0.517809040832999
2479,b4f6,247918f662,b4f6763191,Nickel,Nickel,0,0.5174280971533864
3c68,88c2,3c6819beb9,88c293654f,Brass,Nickel,0,0.5793178384183947
88c2,3c68,88c293654f,3c6819beb9,Nickel,Brass,0,0.5793393168585642
3c68,d507,3c6819beb9,d5070cee0f,Brass,Nickel,0,0.4315427058175232
d507,3c68,d5070cee0f,3c6819beb9,Nickel,Brass,0,0.43045110712697
3c68,27c0,3c6819beb9,27c03bf211,Brass,Nickel,0,0.5016569633202559
27c0,3c68,27c03bf211,3c6819beb9,Nickel,Brass,0,0.5022878673116546
3c68,a80b,3c6819beb9,a80b46b6d1,Brass,Brass,0,0.6850128780892898
a80b,3c68,a80b46b6d1,3c6819beb9,Brass,Brass,0,0.685040137786632
3c68,8197,3c6819beb9,8197f401c9,Brass,Nickel,0,0.5198217836885364
8197,3c68,8197f401c9,3c6819beb9,Nickel,Brass,0,0.5213040177689305
3c68,bf77,3c6819beb9,bf77a5ca9b,Brass,Brass,0,0.5770692543966404
bf77,3c68,bf77a5ca9b,3c6819beb9,Brass,Brass,0,0.5783760569032225
3c68,a3b1,3c6819beb9,a3b1085bea,Brass,Brass,0,0.5973555991008075
a3b1,3c68,a3b1085bea,3c6819beb9,Brass,Brass,0,0.5978118486325438
3c68,803e,3c6819beb9,803e2e304c,Brass,Nickel,0,0.5233293890097108
803e,3c68,803e2e304c,3c6819beb9,Nickel,Brass,0,0.5238623643354641
3c68,5187,3c6819beb9,5187134316,Brass,Brass,0,0.5084823847372627
5187,3c68,5187134316,3c6819beb9,Brass,Brass,0,0.5083897127049295
3c68,6e46,3c6819beb9,6e46d2b898,Brass,Brass,0,0.6994549558877636
6e46,3c68,6e46d2b898,3c6819beb9,Brass,Brass,0,0.6992520045315703
3c68,db48,3c6819beb9,db4804f266,Brass,Nickel,0,0.50215779166053
db48,3c68,db4804f266,3c6819beb9,Nickel,Brass,0,0.5027262130242653
3c68,a54c,3c6819beb9,a54ce43a84,Brass,Nickel,0,0.5389815182629409
a54c,3c68,a54ce43a84,3c6819beb9,Nickel,Brass,0,0.5395025160341376
3c68,0db0,3c6819beb9,0db08b7f9e,Brass,Nickel,0,0.4987341366338848
0db0,3c68,0db08b7f9e,3c6819beb9,Nickel,Brass,0,0.49995694370188243
3c68,9c65,3c6819beb9,9c6504e345,Brass,Brass,0,0.540954871249737
9c65,3c68,9c6504e345,3c6819beb9,Brass,Brass,0,0.540919857033558
3c68,3443,3c6819beb9,3443ea5ba5,Brass,Brass,0,0.436632150138751
3443,3c68,3443ea5ba5,3c6819beb9,Brass,Brass,0,0.4360010185134903
3c68,1f25,3c6819beb9,1f2544214d,Brass,Nickel,0,0.4225345316874899
1f25,3c68,1f2544214d,3c6819beb9,Nickel,Brass,0,0.4235214148957975
3c68,0e45,3c6819beb9,0e45ff7118,Brass,Brass,0,0.5406863047624446
0e45,3c68,0e45ff7118,3c6819beb9,Brass,Brass,0,0.5408310184132183
3c68,c208,3c6819beb9,c2081b71be,Brass,Nickel,0,0.4843384672301521
c208,3c68,c2081b71be,3c6819beb9,Nickel,Brass,0,0.4840503074807045
3c68,4e01,3c6819beb9,4e0193ff9e,Brass,Nickel,0,0.5479851379939676
4e01,3c68,4e0193ff9e,3c6819beb9,Nickel,Brass,0,0.548152763114868
3c68,2d95,3c6819beb9,2d95605114,Brass,Brass,0,0.4286770193062408
2d95,3c68,2d95605114,3c6819beb9,Brass,Brass,0,0.49904817224887044
3c68,8410,3c6819beb9,84106ae247,Brass,Nickel,0,0.4241366760799639
8410,3c68,84106ae247,3c6819beb9,Nickel,Brass,0,0.4244619522983901
3c68,eb35,3c6819beb9,eb358a4d60,Brass,Brass,0,0.5383876539474185
eb35,3c68,eb358a4d60,3c6819beb9,Brass,Brass,0,0.5381554787551387
3c68,5d25,3c6819beb9,5d25cd3446,Brass,Nickel,0,0.5033357136288612
5d25,3c68,5d25cd3446,3c6819beb9,Nickel,Brass,0,0.5126951797202886
3c68,5b23,3c6819beb9,5b23b59131,Brass,Brass,0,0.5452502034538143
5b23,3c68,5b23b59131,3c6819beb9,Brass,Brass,0,0.5448273965167412
3c68,a672,3c6819beb9,a672c8a1fa,Brass,Brass,0,0.48003105673705954
a672,3c68,a672c8a1fa,3c6819beb9,Brass,Brass,0,0.48032253490498034
3c68,2479,3c6819beb9,247918f662,Brass,Nickel,0,0.512592679084632
2479,3c68,247918f662,3c6819beb9,Nickel,Brass,0,0.5116988575936461
88c2,d507,88c293654f,d5070cee0f,Nickel,Nickel,0,0.7175790869207195
d507,88c2,d5070cee0f,88c293654f,Nickel,Nickel,0,0.7643522044522294
88c2,27c0,88c293654f,27c03bf211,Nickel,Nickel,0,0.554234173309641
27c0,88c2,27c03bf211,88c293654f,Nickel,Nickel,0,0.5544029571614478
88c2,a80b,88c293654f,a80b46b6d1,Nickel,Brass,0,0.46023164787141263
a80b,88c2,a80b46b6d1,88c293654f,Brass,Nickel,0,0.4570200667531704
88c2,8197,88c293654f,8197f401c9,Nickel,Nickel,0,0.4421883293601662
8197,88c2,8197f401c9,88c293654f,Nickel,Nickel,0,0.4423328709997526
88c2,bf77,88c293654f,bf77a5ca9b,Nickel,Brass,0,0.7830501509149013
bf77,88c2,bf77a5ca9b,88c293654f,Brass,Nickel,0,0.7823541063366312
88c2,a3b1,88c293654f,a3b1085bea,Nickel,Brass,0,0.7724727961968709
a3b1,88c2,a3b1085bea,88c293654f,Brass,Nickel,0,0.6881604648111751
88c2,803e,88c293654f,803e2e304c,Nickel,Nickel,0,0.777450454850142
803e,88c2,803e2e304c,88c293654f,Nickel,Nickel,0,0.7775100715959714
88c2,5187,88c293654f,5187134316,Nickel,Brass,0,0.7239306718904972
5187,88c2,5187134316,88c293654f,Brass,Nickel,0,0.7243404825559646
88c2,6e46,88c293654f,6e46d2b898,Nickel,Brass,0,0.5575803103149288
6e46,88c2,6e46d2b898,88c293654f,Brass,Nickel,0,0.557351737300398
88c2,db48,88c293654f,db4804f266,Nickel,Nickel,0,0.7215595246829689
db48,88c2,db4804f266,88c293654f,Nickel,Nickel,0,0.7215187991978873
88c2,a54c,88c293654f,a54ce43a84,Nickel,Nickel,0,0.719604211069993
a54c,88c2,a54ce43a84,88c293654f,Nickel,Nickel,0,0.7196098603238646
88c2,0db0,88c293654f,0db08b7f9e,Nickel,Nickel,0,0.7473196913251967
0db0,88c2,0db08b7f9e,88c293654f,Nickel,Nickel,0,0.7478295847813623
88c2,9c65,88c293654f,9c6504e345,Nickel,Brass,0,0.5608359691779191
9c65,88c2,9c6504e345,88c293654f,Brass,Nickel,0,0.6189010691753403
88c2,3443,88c293654f,3443ea5ba5,Nickel,Brass,0,0.6252398748485898
3443,88c2,3443ea5ba5,88c293654f,Brass,Nickel,0,0.6244775874913612
88c2,1f25,88c293654f,1f2544214d,Nickel,Nickel,0,0.4409694424825342
1f25,88c2,1f2544214d,88c293654f,Nickel,Nickel,0,0.4406380310890789
88c2,0e45,88c293654f,0e45ff7118,Nickel,Brass,0,0.5212495181175429
0e45,88c2,0e45ff7118,88c293654f,Brass,Nickel,0,0.5205805479875181
88c2,c208,88c293654f,c2081b71be,Nickel,Nickel,0,0.7606951540755867
c208,88c2,c2081b71be,88c293654f,Nickel,Nickel,0,0.7613919809205663
88c2,4e01,88c293654f,4e0193ff9e,Nickel,Nickel,0,0.4471598245967645
4e01,88c2,4e0193ff9e,88c293654f,Nickel,Nickel,0,0.4475853928228025
88c2,2d95,88c293654f,2d95605114,Nickel,Brass,0,0.6798925375159645
2d95,88c2,2d95605114,88c293654f,Brass,Nickel,0,0.6800888389939174
88c2,8410,88c293654f,84106ae247,Nickel,Nickel,0,0.5809730581217714
8410,88c2,84106ae247,88c293654f,Nickel,Nickel,0,0.5813830925443584
88c2,eb35,88c293654f,eb358a4d60,Nickel,Brass,0,0.5235378163614895
eb35,88c2,eb358a4d60,88c293654f,Brass,Nickel,0,0.5231222130938291
88c2,5d25,88c293654f,5d25cd3446,Nickel,Nickel,0,0.6487351479270113
5d25,88c2,5d25cd3446,88c293654f,Nickel,Nickel,0,0.6486995410890718
88c2,5b23,88c293654f,5b23b59131,Nickel,Brass,0,0.7422331569983858
5b23,88c2,5b23b59131,88c293654f,Brass,Nickel,0,0.7425555236841491
88c2,a672,88c293654f,a672c8a1fa,Nickel,Brass,0,0.7100170384507632
a672,88c2,a672c8a1fa,88c293654f,Brass,Nickel,0,0.7098743666096361
88c2,2479,88c293654f,247918f662,Nickel,Nickel,0,0.7690094613201163
2479,88c2,247918f662,88c293654f,Nickel,Nickel,0,0.768902152563848
d507,27c0,d5070cee0f,27c03bf211,Nickel,Nickel,0,0.4534684872302333
27c0,d507,27c03bf211,d5070cee0f,Nickel,Nickel,0,0.45454808445927497
d507,a80b,d5070cee0f,a80b46b6d1,Nickel,Brass,0,0.42840395834764256
a80b,d507,a80b46b6d1,d5070cee0f,Brass,Nickel,0,0.4285275192579028
d507,8197,d5070cee0f,8197f401c9,Nickel,Nickel,0,0.5335057901857931
8197,d507,8197f401c9,d5070cee0f,Nickel,Nickel,0,0.532762839276926
d507,bf77,d5070cee0f,bf77a5ca9b,Nickel,Brass,0,0.6321884452248236
bf77,d507,bf77a5ca9b,d5070cee0f,Brass,Nickel,0,0.6319055199702684
d507,a3b1,d5070cee0f,a3b1085bea,Nickel,Brass,0,0.50569147273796
a3b1,d507,a3b1085bea,d5070cee0f,Brass,Nickel,0,0.5049234350829059
d507,803e,d5070cee0f,803e2e304c,Nickel,Nickel,0,0.6066126412178586
803e,d507,803e2e304c,d5070cee0f,Nickel,Nickel,0,0.6073480832497855
d507,5187,d5070cee0f,5187134316,Nickel,Brass,0,0.5902138626221468
5187,d507,5187134316,d5070cee0f,Brass,Nickel,0,0.5904374451969997
d507,6e46,d5070cee0f,6e46d2b898,Nickel,Brass,0,0.4909311543507079
6e46,d507,6e46d2b898,d5070cee0f,Brass,Nickel,0,0.4904659887549067
d507,db48,d5070cee0f,db4804f266,Nickel,Nickel,0,0.41341324288375264
db48,d507,db4804f266,d5070cee0f,Nickel,Nickel,0,0.4135283185457249
d507,a54c,d5070cee0f,a54ce43a84,Nickel,Nickel,0,0.5710867135876619
a54c,d507,a54ce43a84,d5070cee0f,Nickel,Nickel,0,0.5713150279505215
d507,0db0,d5070cee0f,0db08b7f9e,Nickel,Nickel,0,0.5637512592738022
0db0,d507,0db08b7f9e,d5070cee0f,Nickel,Nickel,0,0.5635635260742019
d507,9c65,d5070cee0f,9c6504e345,Nickel,Brass,0,0.5940359012665906
9c65,d507,9c6504e345,d5070cee0f,Brass,Nickel,0,0.545958358935558
d507,3443,d5070cee0f,3443ea5ba5,Nickel,Brass,0,0.4986904186547591
3443,d507,3443ea5ba5,d5070cee0f,Brass,Nickel,0,0.49881075945531994
d507,1f25,d5070cee0f,1f2544214d,Nickel,Nickel,0,0.5335050001493801
1f25,d507,1f2544214d,d5070cee0f,Nickel,Nickel,0,0.5334941004479431
d507,0e45,d5070cee0f,0e45ff7118,Nickel,Brass,0,0.7647391177103722
0e45,d507,0e45ff7118,d5070cee0f,Brass,Nickel,0,0.7732582139362765
d507,c208,d5070cee0f,c2081b71be,Nickel,Nickel,0,0.4929219232385674
c208,d507,c2081b71be,d5070cee0f,Nickel,Nickel,0,0.4927236891769124
d507,4e01,d5070cee0f,4e0193ff9e,Nickel,Nickel,0,0.47365431917196765
4e01,d507,4e0193ff9e,d5070cee0f,Nickel,Nickel,0,0.473536117705943
d507,2d95,d5070cee0f,2d95605114,Nickel,Brass,0,0.5414749698743225
2d95,d507,2d95605114,d5070cee0f,Brass,Nickel,0,0.5409443963906427
d507,8410,d5070cee0f,84106ae247,Nickel,Nickel,0,0.4389795676600194
8410,d507,84106ae247,d5070cee0f,Nickel,Nickel,0,0.439277199481486
d507,eb35,d5070cee0f,eb358a4d60,Nickel,Brass,0,0.5266679665757105
eb35,d507,eb358a4d60,d5070cee0f,Brass,Nickel,0,0.526614164439959
d507,5d25,d5070cee0f,5d25cd3446,Nickel,Nickel,0,0.5305047792503838
5d25,d507,5d25cd3446,d5070cee0f,Nickel,Nickel,0,0.5308723198646189
d507,5b23,d5070cee0f,5b23b59131,Nickel,Brass,0,0.4357474470327804
5b23,d507,5b23b59131,d5070cee0f,Brass,Nickel,0,0.43589070209862546
d507,a672,d5070cee0f,a672c8a1fa,Nickel,Brass,0,0.5879543369073609
a672,d507,a672c8a1fa,d5070cee0f,Brass,Nickel,0,0.5884401866610282
d507,2479,d5070cee0f,247918f662,Nickel,Nickel,0,0.47654224984836313
2479,d507,247918f662,d5070cee0f,Nickel,Nickel,0,0.47699679499696107
27c0,a80b,27c03bf211,a80b46b6d1,Nickel,Brass,0,0.512920905704849
a80b,27c0,a80b46b6d1,27c03bf211,Brass,Nickel,0,0.5135214122357001
27c0,8197,27c03bf211,8197f401c9,Nickel,Nickel,0,0.3877459373727492
8197,27c0,8197f401c9,27c03bf211,Nickel,Nickel,0,0.38663918550003423
27c0,bf77,27c03bf211,bf77a5ca9b,Nickel,Brass,0,0.3955074027325425
bf77,27c0,bf77a5ca9b,27c03bf211,Brass,Nickel,0,0.3954266045483745
27c0,a3b1,27c03bf211,a3b1085bea,Nickel,Brass,0,0.5843898684689373
a3b1,27c0,a3b1085bea,27c03bf211,Brass,Nickel,0,0.5843898684689374
27c0,803e,27c03bf211,803e2e304c,Nickel,Nickel,0,0.4653203217099071
803e,27c0,803e2e304c,27c03bf211,Nickel,Nickel,0,0.46488385267461635
27c0,5187,27c03bf211,5187134316,Nickel,Brass,0,0.7217320427436086
5187,27c0,5187134316,27c03bf211,Brass,Nickel,0,0.6747925529614522
27c0,6e46,27c03bf211,6e46d2b898,Nickel,Brass,0,0.5243539229633323
6e46,27c0,6e46d2b898,27c03bf211,Brass,Nickel,0,0.5242235140639172
27c0,db48,27c03bf211,db4804f266,Nickel,Nickel,0,0.6346999104131776
db48,27c0,db4804f266,27c03bf211,Nickel,Nickel,0,0.6342497155376107
27c0,a54c,27c03bf211,a54ce43a84,Nickel,Nickel,0,0.5779741064268189
a54c,27c0,a54ce43a84,27c03bf211,Nickel,Nickel,0,0.5772551536028683
27c0,0db0,27c03bf211,0db08b7f9e,Nickel,Nickel,0,0.6361437481093487
0db0,27c0,0db08b7f9e,27c03bf211,Nickel,Nickel,0,0.6342723539554326
27c0,9c65,27c03bf211,9c6504e345,Nickel,Brass,0,0.6204898965271082
9c65,27c0,9c6504e345,27c03bf211,Brass,Nickel,0,0.6213387103262344
27c0,3443,27c03bf211,3443ea5ba5,Nickel,Brass,0,0.5638640841150799
3443,27c0,3443ea5ba5,27c03bf211,Brass,Nickel,0,0.5598098599307603
27c0,1f25,27c03bf211,1f2544214d,Nickel,Nickel,0,0.6615761047383149
1f25,27c0,1f2544214d,27c03bf211,Nickel,Nickel,0,0.6614353567927441
27c0,0e45,27c03bf211,0e45ff7118,Nickel,Brass,0,0.5896602535838426
0e45,27c0,0e45ff7118,27c03bf211,Brass,Nickel,0,0.5892424740922773
27c0,c208,27c03bf211,c2081b71be,Nickel,Nickel,0,0.6411649642576559
c208,27c0,c2081b71be,27c03bf211,Nickel,Nickel,0,0.6410746358560662
27c0,4e01,27c03bf211,4e0193ff9e,Nickel,Nickel,0,0.4854794699609375
4e01,27c0,4e0193ff9e,27c03bf211,Nickel,Nickel,0,0.48532651656412684
27c0,2d95,27c03bf211,2d95605114,Nickel,Brass,0,0.5963189630715965
2d95,27c0,2d95605114,27c03bf211,Brass,Nickel,0,0.5961162232501656
27c0,8410,27c03bf211,84106ae247,Nickel,Nickel,0,0.6247590787039186
8410,27c0,84106ae247,27c03bf211,Nickel,Nickel,0,0.6248169334392542
27c0,eb35,27c03bf211,eb358a4d60,Nickel,Brass,0,0.5064280979688053
eb35,27c0,eb358a4d60,27c03bf211,Brass,Nickel,0,0.5052388635171915
27c0,5d25,27c03bf211,5d25cd3446,Nickel,Nickel,0,0.6847963738482847
5d25,27c0,5d25cd3446,27c03bf211,Nickel,Nickel,0,0.6847963738482847
27c0,5b23,27c03bf211,5b23b59131,Nickel,Brass,0,0.6414976058555797
5b23,27c0,5b23b59131,27c03bf211,Brass,Nickel,0,0.6413127139447162
27c0,a672,27c03bf211,a672c8a1fa,Nickel,Brass,0,0.41268485286714485
a672,27c0,a672c8a1fa,27c03bf211,Brass,Nickel,0,0.4126158757614356
27c0,2479,27c03bf211,247918f662,Nickel,Nickel,0,0.39727786126323766
2479,27c0,247918f662,27c03bf211,Nickel,Nickel,0,0.39716089671068716
a80b,8197,a80b46b6d1,8197f401c9,Brass,Nickel,0,0.4847081242190731
8197,a80b,8197f401c9,a80b46b6d1,Nickel,Brass,0,0.48454313146999917
a80b,bf77,a80b46b6d1,bf77a5ca9b,Brass,Brass,0,0.525616563990852
bf77,a80b,bf77a5ca9b,a80b46b6d1,Brass,Brass,0,0.5273105904764539
a80b,a3b1,a80b46b6d1,a3b1085bea,Brass,Brass,0,0.5626230159058669
a3b1,a80b,a3b1085bea,a80b46b6d1,Brass,Brass,0,0.5622528589029995
a80b,803e,a80b46b6d1,803e2e304c,Brass,Nickel,0,0.5423381977469524
803e,a80b,803e2e304c,a80b46b6d1,Nickel,Brass,0,0.5416642230995569
a80b,5187,a80b46b6d1,5187134316,Brass,Brass,0,0.5994804424532831
5187,a80b,5187134316,a80b46b6d1,Brass,Brass,0,0.5996236680630324
a80b,6e46,a80b46b6d1,6e46d2b898,Brass,Brass,0,0.5405607475087301
6e46,a80b,6e46d2b898,a80b46b6d1,Brass,Brass,0,0.5401545483146771
a80b,db48,a80b46b6d1,db4804f266,Brass,Nickel,0,0.7175273476699988
db48,a80b,db4804f266,a80b46b6d1,Nickel,Brass,0,0.7173733386006237
a80b,a54c,a80b46b6d1,a54ce43a84,Brass,Nickel,0,0.6229323956516182
a54c,a80b,a54ce43a84,a80b46b6d1,Nickel,Brass,0,0.6221377220424452
a80b,0db0,a80b46b6d1,0db08b7f9e,Brass,Nickel,0,0.5897610686075794
0db0,a80b,0db08b7f9e,a80b46b6d1,Nickel,Brass,0,0.5894238717490261
a80b,9c65,a80b46b6d1,9c6504e345,Brass,Brass,0,0.6963465445196098
9c65,a80b,9c6504e345,a80b46b6d1,Brass,Brass,0,0.6964602862400279
a80b,3443,a80b46b6d1,3443ea5ba5,Brass,Brass,0,0.5284776323834954
3443,a80b,3443ea5ba5,a80b46b6d1,Brass,Brass,0,0.5268537615416692
a80b,1f25,a80b46b6d1,1f2544214d,Brass,Nickel,0,0.5591413809801206
1f25,a80b,1f2544214d,a80b46b6d1,Nickel,Brass,0,0.5588701433659757
a80b,0e45,a80b46b6d1,0e45ff7118,Brass,Brass,0,0.4893407549502678
0e45,a80b,0e45ff7118,a80b46b6d1,Brass,Brass,0,0.4893437282874725
a80b,c208,a80b46b6d1,c2081b71be,Brass,Nickel,0,0.5086581571161725
c208,a80b,c2081b71be,a80b46b6d1,Nickel,Brass,0,0.5083970597584923
a80b,4e01,a80b46b6d1,4e0193ff9e,Brass,Nickel,0,0.502824046422866
4e01,a80b,4e0193ff9e,a80b46b6d1,Nickel,Brass,0,0.5028240464228659
a80b,2d95,a80b46b6d1,2d95605114,Brass,Brass,0,0.608793280318494
2d95,a80b,2d95605114,a80b46b6d1,Brass,Brass,0,0.6090193490967438
a80b,8410,a80b46b6d1,84106ae247,Brass,Nickel,0,0.6044753160768631
8410,a80b,84106ae247,a80b46b6d1,Nickel,Brass,0,0.6043262084951135
a80b,eb35,a80b46b6d1,eb358a4d60,Brass,Brass,0,0.5118582950582414
eb35,a80b,eb358a4d60,a80b46b6d1,Brass,Brass,0,0.511778341010055
a80b,5d25,a80b46b6d1,5d25cd3446,Brass,Nickel,0,0.5689495815329726
5d25,a80b,5d25cd3446,a80b46b6d1,Nickel,Brass,0,0.5683872656615244
a80b,5b23,a80b46b6d1,5b23b59131,Brass,Brass,0,0.6080369974047367
5b23,a80b,5b23b59131,a80b46b6d1,Brass,Brass,0,0.6078229476612363
a80b,a672,a80b46b6d1,a672c8a1fa,Brass,Brass,0,0.4713880922955065
a672,a80b,a672c8a1fa,a80b46b6d1,Brass,Brass,0,0.4707004207001541
a80b,2479,a80b46b6d1,247918f662,Brass,Nickel,0,0.6447930266762831
2479,a80b,247918f662,a80b46b6d1,Nickel,Brass,0,0.6443943940335041
8197,bf77,8197f401c9,bf77a5ca9b,Nickel,Brass,0,0.31741128533712804
bf77,8197,bf77a5ca9b,8197f401c9,Brass,Nickel,0,0.3173062409232106
8197,a3b1,8197f401c9,a3b1085bea,Nickel,Brass,0,0.3742915091044
a3b1,8197,a3b1085bea,8197f401c9,Brass,Nickel,0,0.37426974917420097
8197,803e,8197f401c9,803e2e304c,Nickel,Nickel,0,0.40429843735802007
803e,8197,803e2e304c,8197f401c9,Nickel,Nickel,0,0.4044928580440503
8197,5187,8197f401c9,5187134316,Nickel,Brass,0,0.36231108085756997
5187,8197,5187134316,8197f401c9,Brass,Nickel,0,0.36225579219755455
8197,6e46,8197f401c9,6e46d2b898,Nickel,Brass,0,0.4266361785552845
6e46,8197,6e46d2b898,8197f401c9,Brass,Nickel,0,0.42671879405454727
8197,db48,8197f401c9,db4804f266,Nickel,Nickel,0,0.471740432798366
db48,8197,db4804f266,8197f401c9,Nickel,Nickel,0,0.4714417098614917
8197,a54c,8197f401c9,a54ce43a84,Nickel,Nickel,0,0.5617418588766708
a54c,8197,a54ce43a84,8197f401c9,Nickel,Nickel,0,0.5616640893324402
8197,0db0,8197f401c9,0db08b7f9e,Nickel,Nickel,0,0.4876239649838524
0db0,8197,0db08b7f9e,8197f401c9,Nickel,Nickel,0,0.4869836185144587
8197,9c65,8197f401c9,9c6504e345,Nickel,Brass,0,0.4711126143962317
9c65,8197,9c6504e345,8197f401c9,Brass,Nickel,0,0.4708378667730259
8197,3443,8197f401c9,3443ea5ba5,Nickel,Brass,0,0.44975428376544063
3443,8197,3443ea5ba5,8197f401c9,Brass,Nickel,0,0.44974848776526155
8197,1f25,8197f401c9,1f2544214d,Nickel,Nickel,0,0.4718732075927951
1f25,8197,1f2544214d,8197f401c9,Nickel,Nickel,0,0.4725386687578351
8197,0e45,8197f401c9,0e45ff7118,Nickel,Brass,0,0.5659686220930692
0e45,8197,0e45ff7118,8197f401c9,Brass,Nickel,0,0.566025252203237
8197,c208,8197f401c9,c2081b71be,Nickel,Nickel,0,0.417349310532897
c208,8197,c2081b71be,8197f401c9,Nickel,Nickel,0,0.4149880895782325
8197,4e01,8197f401c9,4e0193ff9e,Nickel,Nickel,0,0.48214768537311964
4e01,8197,4e0193ff9e,8197f401c9,Nickel,Nickel,0,0.4842189565802827
8197,2d95,8197f401c9,2d95605114,Nickel,Brass,0,0.4073384769889837
2d95,8197,2d95605114,8197f401c9,Brass,Nickel,0,0.40746040604581196
8197,8410,8197f401c9,84106ae247,Nickel,Nickel,0,0.5666856121985394
8410,8197,84106ae247,8197f401c9,Nickel,Nickel,0,0.5616247669198878
8197,eb35,8197f401c9,eb358a4d60,Nickel,Brass,0,0.5291696911791565
eb35,8197,eb358a4d60,8197f401c9,Brass,Nickel,0,0.5289916452821546
8197,5d25,8197f401c9,5d25cd3446,Nickel,Nickel,0,0.6190564711522963
5d25,8197,5d25cd3446,8197f401c9,Nickel,Nickel,0,0.6190564711522969
8197,5b23,8197f401c9,5b23b59131,Nickel,Brass,0,0.40678287490830467
5b23,8197,5b23b59131,8197f401c9,Brass,Nickel,0,0.40662146476574906
8197,a672,8197f401c9,a672c8a1fa,Nickel,Brass,0,0.40227502241837554
a672,8197,a672c8a1fa,8197f401c9,Brass,Nickel,0,0.4022750224183756
8197,2479,8197f401c9,247918f662,Nickel,Nickel,0,0.48854108058355067
2479,8197,247918f662,8197f401c9,Nickel,Nickel,0,0.48777897772600887
bf77,a3b1,bf77a5ca9b,a3b1085bea,Brass,Brass,0,0.49232344822427526
a3b1,bf77,a3b1085bea,bf77a5ca9b,Brass,Brass,0,0.49232344822427554
bf77,803e,bf77a5ca9b,803e2e304c,Brass,Nickel,0,0.5438989744635704
803e,bf77,803e2e304c,bf77a5ca9b,Nickel,Brass,0,0.5442636390739916
bf77,5187,bf77a5ca9b,5187134316,Brass,Brass,0,0.5181016230699834
5187,bf77,5187134316,bf77a5ca9b,Brass,Brass,0,0.5174151021105337
bf77,6e46,bf77a5ca9b,6e46d2b898,Brass,Brass,0,0.5904682825619307
6e46,bf77,6e46d2b898,bf77a5ca9b,Brass,Brass,0,0.5907784100903692
bf77,db48,bf77a5ca9b,db4804f266,Brass,Nickel,0,0.6449207401601361
db48,bf77,db4804f266,bf77a5ca9b,Nickel,Brass,0,0.6449401232610352
bf77,a54c,bf77a5ca9b,a54ce43a84,Brass,Nickel,0,0.7553515782269549
a54c,bf77,a54ce43a84,bf77a5ca9b,Nickel,Brass,0,0.7552487712849493
bf77,0db0,bf77a5ca9b,0db08b7f9e,Brass,Nickel,0,0.6070029427243312
0db0,bf77,0db08b7f9e,bf77a5ca9b,Nickel,Brass,0,0.6070327720176331
bf77,9c65,bf77a5ca9b,9c6504e345,Brass,Brass,0,0.4977435385147426
9c65,bf77,9c6504e345,bf77a5ca9b,Brass,Brass,0,0.49842437543543666
bf77,3443,bf77a5ca9b,3443ea5ba5,Brass,Brass,0,0.40069825603719217
3443,bf77,3443ea5ba5,bf77a5ca9b,Brass,Brass,0,0.4005649747449006
bf77,1f25,bf77a5ca9b,1f2544214d,Brass,Nickel,0,0.4729326010313168
1f25,bf77,1f2544214d,bf77a5ca9b,Nickel,Brass,0,0.4726385984182912
bf77,0e45,bf77a5ca9b,0e45ff7118,Brass,Brass,0,0.6716972156695082
0e45,bf77,0e45ff7118,bf77a5ca9b,Brass,Brass,0,0.6673235723066727
bf77,c208,bf77a5ca9b,c2081b71be,Brass,Nickel,0,0.5976135849298372
c208,bf77,c2081b71be,bf77a5ca9b,Nickel,Brass,0,0.5976135849298371
bf77,4e01,bf77a5ca9b,4e0193ff9e,Brass,Nickel,0,0.5896566017951826
4e01,bf77,4e0193ff9e,bf77a5ca9b,Nickel,Brass,0,0.6133571873675179
bf77,2d95,bf77a5ca9b,2d95605114,Brass,Brass,0,0.6106028531693305
2d95,bf77,2d95605114,bf77a5ca9b,Brass,Brass,0,0.6105859378914108
bf77,8410,bf77a5ca9b,84106ae247,Brass,Nickel,0,0.4788973887396043
8410,bf77,84106ae247,bf77a5ca9b,Nickel,Brass,0,0.47890141210533704
bf77,eb35,bf77a5ca9b,eb358a4d60,Brass,Brass,0,0.6528303725629759
eb35,bf77,eb358a4d60,bf77a5ca9b,Brass,Brass,0,0.6526990430861974
bf77,5d25,bf77a5ca9b,5d25cd3446,Brass,Nickel,0,0.5280819524865652
5d25,bf77,5d25cd3446,bf77a5ca9b,Nickel,Brass,0,0.5280278822220111
bf77,5b23,bf77a5ca9b,5b23b59131,Brass,Brass,0,0.6263669920343465
5b23,bf77,5b23b59131,bf77a5ca9b,Brass,Brass,0,0.6262131106341172
bf77,a672,bf77a5ca9b,a672c8a1fa,Brass,Brass,0,0.7153865488955964
a672,bf77,a672c8a1fa,bf77a5ca9b,Brass,Brass,0,0.7152201193601273
bf77,2479,bf77a5ca9b,247918f662,Brass,Nickel,0,0.48804815001465757
2479,bf77,247918f662,bf77a5ca9b,Nickel,Brass,0,0.48783001055227293
a3b1,803e,a3b1085bea,803e2e304c,Brass,Nickel,0,0.6440991653361396
803e,a3b1,803e2e304c,a3b1085bea,Nickel,Brass,0,0.6446356569129956
a3b1,5187,a3b1085bea,5187134316,Brass,Brass,0,0.7283551101759487
5187,a3b1,5187134316,a3b1085bea,Brass,Brass,0,0.728119653278681
a3b1,6e46,a3b1085bea,6e46d2b898,Brass,Brass,0,0.4398179247696942
6e46,a3b1,6e46d2b898,a3b1085bea,Brass,Brass,0,0.44007958315920237
a3b1,db48,a3b1085bea,db4804f266,Brass,Nickel,0,0.5955219755894741
db48,a3b1,db4804f266,a3b1085bea,Nickel,Brass,0,0.5950407380597649
a3b1,a54c,a3b1085bea,a54ce43a84,Brass,Nickel,0,0.6190025420397792
a54c,a3b1,a54ce43a84,a3b1085bea,Nickel,Brass,0,0.6204864845531795
a3b1,0db0,a3b1085bea,0db08b7f9e,Brass,Nickel,0,0.6380938096580286
0db0,a3b1,0db08b7f9e,a3b1085bea,Nickel,Brass,0,0.6380554279805998
a3b1,9c65,a3b1085bea,9c6504e345,Brass,Brass,0,0.5956991250339349
9c65,a3b1,9c6504e345,a3b1085bea,Brass,Brass,0,0.5959629970026852
a3b1,3443,a3b1085bea,3443ea5ba5,Brass,Brass,0,0.473649415406495
3443,a3b1,3443ea5ba5,a3b1085bea,Brass,Brass,0,0.4734200509806025
a3b1,1f25,a3b1085bea,1f2544214d,Brass,Nickel,0,0.48577028707380643
1f25,a3b1,1f2544214d,a3b1085bea,Nickel,Brass,0,0.4857119253642161
a3b1,0e45,a3b1085bea,0e45ff7118,Brass,Brass,0,0.6633480797284207
0e45,a3b1,0e45ff7118,a3b1085bea,Brass,Brass,0,0.6634211321274198
a3b1,c208,a3b1085bea,c2081b71be,Brass,Nickel,0,0.683497448506325
c208,a3b1,c2081b71be,a3b1085bea,Nickel,Brass,0,0.683191843479651
a3b1,4e01,a3b1085bea,4e0193ff9e,Brass,Nickel,0,0.6455400542989713
4e01,a3b1,4e0193ff9e,a3b1085bea,Nickel,Brass,0,0.6466996966236432
a3b1,2d95,a3b1085bea,2d95605114,Brass,Brass,0,0.574068768661181
2d95,a3b1,2d95605114,a3b1085bea,Brass,Brass,0,0.5741083120330249
a3b1,8410,a3b1085bea,84106ae247,Brass,Nickel,0,0.8045054256167251
8410,a3b1,84106ae247,a3b1085bea,Nickel,Brass,0,0.8045686300886847
a3b1,eb35,a3b1085bea,eb358a4d60,Brass,Brass,0,0.5388280400136876
eb35,a3b1,eb358a4d60,a3b1085bea,Brass,Brass,0,0.5387845993470374
a3b1,5d25,a3b1085bea,5d25cd3446,Brass,Nickel,0,0.7227470987269111
5d25,a3b1,5d25cd3446,a3b1085bea,Nickel,Brass,0,0.7571347073696655
a3b1,5b23,a3b1085bea,5b23b59131,Brass,Brass,0,0.6091887527581403
5b23,a3b1,5b23b59131,a3b1085bea,Brass,Brass,0,0.6086940450076712
a3b1,a672,a3b1085bea,a672c8a1fa,Brass,Brass,0,0.653470996639094
a672,a3b1,a672c8a1fa,a3b1085bea,Brass,Brass,0,0.6535423596048331
a3b1,2479,a3b1085bea,247918f662,Brass,Nickel,0,0.4944310006048443
2479,a3b1,247918f662,a3b1085bea,Nickel,Brass,0,0.49422136773066366
803e,5187,803e2e304c,5187134316,Nickel,Brass,0,0.5902732304585451
5187,803e,5187134316,803e2e304c,Brass,Nickel,0,0.5898387307931908
803e,6e46,803e2e304c,6e46d2b898,Nickel,Brass,0,0.6294203272710865
6e46,803e,6e46d2b898,803e2e304c,Brass,Nickel,0,0.629869093114379
803e,db48,803e2e304c,db4804f266,Nickel,Nickel,0,0.6165107244286173
db48,803e,db4804f266,803e2e304c,Nickel,Nickel,0,0.6165509050661552
803e,a54c,803e2e304c,a54ce43a84,Nickel,Nickel,0,0.5215186195948193
a54c,803e,a54ce43a84,803e2e304c,Nickel,Nickel,0,0.5213699114436351
803e,0db0,803e2e304c,0db08b7f9e,Nickel,Nickel,0,0.46314939394069227
0db0,803e,0db08b7f9e,803e2e304c,Nickel,Nickel,0,0.4633197394264571
803e,9c65,803e2e304c,9c6504e345,Nickel,Brass,0,0.729795768511715
9c65,803e,9c6504e345,803e2e304c,Brass,Nickel,0,0.7293872278777761
803e,3443,803e2e304c,3443ea5ba5,Nickel,Brass,0,0.458395416565906
3443,803e,3443ea5ba5,803e2e304c,Brass,Nickel,0,0.4585798230127088
803e,1f25,803e2e304c,1f2544214d,Nickel,Nickel,0,0.46861811839223083
1f25,803e,1f2544214d,803e2e304c,Nickel,Nickel,0,0.5643052640832514
803e,0e45,803e2e304c,0e45ff7118,Nickel,Brass,0,0.6103339082646846
0e45,803e,0e45ff7118,803e2e304c,Brass,Nickel,0,0.610332268341705
803e,c208,803e2e304c,c2081b71be,Nickel,Nickel,0,0.5195131118904964
c208,803e,c2081b71be,803e2e304c,Nickel,Nickel,0,0.5191297220092478
803e,4e01,803e2e304c,4e0193ff9e,Nickel,Nickel,0,0.5625907800998143
4e01,803e,4e0193ff9e,803e2e304c,Nickel,Nickel,0,0.5623983502395877
803e,2d95,803e2e304c,2d95605114,Nickel,Brass,0,0.5140235844164175
2d95,803e,2d95605114,803e2e304c,Brass,Nickel,0,0.5140235844164173
803e,8410,803e2e304c,84106ae247,Nickel,Nickel,0,0.7014995501866359
8410,803e,84106ae247,803e2e304c,Nickel,Nickel,0,0.7015079625171179
803e,eb35,803e2e304c,eb358a4d60,Nickel,Brass,0,0.5089355731862951
eb35,803e,eb358a4d60,803e2e304c,Brass,Nickel,0,0.5091201193559292
803e,5d25,803e2e304c,5d25cd3446,Nickel,Nickel,0,0.4238616578184124
5d25,803e,5d25cd3446,803e2e304c,Nickel,Nickel,0,0.42279053734824906
803e,5b23,803e2e304c,5b23b59131,Nickel,Brass,0,0.43459059525436755
5b23,803e,5b23b59131,803e2e304c,Brass,Nickel,0,0.4347473442044245
803e,a672,803e2e304c,a672c8a1fa,Nickel,Brass,0,0.3569259461457031
a672,803e,a672c8a1fa,803e2e304c,Brass,Nickel,0,0.3562444636492474
803e,2479,803e2e304c,247918f662,Nickel,Nickel,0,0.5962066128812521
2479,803e,247918f662,803e2e304c,Nickel,Nickel,0,0.5964198832927607
5187,6e46,5187134316,6e46d2b898,Brass,Brass,0,0.40356529612432945
6e46,5187,6e46d2b898,5187134316,Brass,Brass,0,0.4022551895542986
5187,db48,5187134316,db4804f266,Brass,Nickel,0,0.6421429635847117
db48,5187,db4804f266,5187134316,Nickel,Brass,0,0.6421268070105237
5187,a54c,5187134316,a54ce43a84,Brass,Nickel,0,0.6520182383077048
a54c,5187,a54ce43a84,5187134316,Nickel,Brass,0,0.6520087464626878
5187,0db0,5187134316,0db08b7f9e,Brass,Nickel,0,0.5409449839247751
0db0,5187,0db08b7f9e,5187134316,Nickel,Brass,0,0.5387363321632823
5187,9c65,5187134316,9c6504e345,Brass,Brass,0,0.6773969945486644
9c65,5187,9c6504e345,5187134316,Brass,Brass,0,0.6772067733346796
5187,3443,5187134316,3443ea5ba5,Brass,Brass,0,0.5811735284113888
3443,5187,3443ea5ba5,5187134316,Brass,Brass,0,0.5806330415526579
5187,1f25,5187134316,1f2544214d,Brass,Nickel,0,0.546479255785488
1f25,5187,1f2544214d,5187134316,Nickel,Brass,0,0.5464792557854877
5187,0e45,5187134316,0e45ff7118,Brass,Brass,0,0.6535789353863685
0e45,5187,0e45ff7118,5187134316,Brass,Brass,0,0.6533634716890985
5187,c208,5187134316,c2081b71be,Brass,Nickel,0,0.4999973440016781
c208,5187,c2081b71be,5187134316,Nickel,Brass,0,0.5003196313033754
5187,4e01,5187134316,4e0193ff9e,Brass,Nickel,0,0.5297077022984403
4e01,5187,4e0193ff9e,5187134316,Nickel,Brass,0,0.5287316146532434
5187,2d95,5187134316,2d95605114,Brass,Brass,0,0.6531106860778375
2d95,5187,2d95605114,5187134316,Brass,Brass,0,0.653149191675304
5187,8410,5187134316,84106ae247,Brass,Nickel,0,0.8237982075854462
8410,5187,84106ae247,5187134316,Nickel,Brass,0,0.8237982075854463
5187,eb35,5187134316,eb358a4d60,Brass,Brass,0,0.4872935108876775
eb35,5187,eb358a4d60,5187134316,Brass,Brass,0,0.4870574358309283
5187,5d25,5187134316,5d25cd3446,Brass,Nickel,0,0.6371276816541693
5d25,5187,5d25cd3446,5187134316,Nickel,Brass,0,0.6361670477727898
5187,5b23,5187134316,5b23b59131,Brass,Brass,0,0.5504173184134195
5b23,5187,5b23b59131,5187134316,Brass,Brass,0,0.5506593809350634
5187,a672,5187134316,a672c8a1fa,Brass,Brass,0,0.650005886493131
a672,5187,a672c8a1fa,5187134316,Brass,Brass,0,0.6509178457423301
5187,2479,5187134316,247918f662,Brass,Nickel,0,0.5709293682519961
2479,5187,247918f662,5187134316,Nickel,Brass,0,0.5709166460314887
6e46,db48,6e46d2b898,db4804f266,Brass,Nickel,0,0.5733876515664251
db48,6e46,db4804f266,6e46d2b898,Nickel,Brass,0,0.5565346504026594
6e46,a54c,6e46d2b898,a54ce43a84,Brass,Nickel,0,0.5558000517373093
a54c,6e46,a54ce43a84,6e46d2b898,Nickel,Brass,0,0.5557577100063028
6e46,0db0,6e46d2b898,0db08b7f9e,Brass,Nickel,0,0.47979995646310175
0db0,6e46,0db08b7f9e,6e46d2b898,Nickel,Brass,0,0.48055204588085604
6e46,9c65,6e46d2b898,9c6504e345,Brass,Brass,0,0.5335611623263885
9c65,6e46,9c6504e345,6e46d2b898,Brass,Brass,0,0.533611688933534
6e46,3443,6e46d2b898,3443ea5ba5,Brass,Brass,0,0.5899773573905792
3443,6e46,3443ea5ba5,6e46d2b898,Brass,Brass,0,0.5897607534686885
6e46,1f25,6e46d2b898,1f2544214d,Brass,Nickel,0,0.5152208761593133
1f25,6e46,1f2544214d,6e46d2b898,Nickel,Brass,0,0.5153523371167945
6e46,0e45,6e46d2b898,0e45ff7118,Brass,Brass,0,0.693661355639747
0e45,6e46,0e45ff7118,6e46d2b898,Brass,Brass,0,0.6932555359133472
6e46,c208,6e46d2b898,c2081b71be,Brass,Nickel,0,0.6149112208933692
c208,6e46,c2081b71be,6e46d2b898,Nickel,Brass,0,0.6148022275314468
6e46,4e01,6e46d2b898,4e0193ff9e,Brass,Nickel,0,0.5353588910426594
4e01,6e46,4e0193ff9e,6e46d2b898,Nickel,Brass,0,0.5350135269402286
6e46,2d95,6e46d2b898,2d95605114,Brass,Brass,0,0.5138685699384271
2d95,6e46,2d95605114,6e46d2b898,Brass,Brass,0,0.5134983250615271
6e46,8410,6e46d2b898,84106ae247,Brass,Nickel,0,0.540784317664317
8410,6e46,84106ae247,6e46d2b898,Nickel,Brass,0,0.5446460195369611
6e46,eb35,6e46d2b898,eb358a4d60,Brass,Brass,0,0.5277282066732046
eb35,6e46,eb358a4d60,6e46d2b898,Brass,Brass,0,0.5280848048898992
6e46,5d25,6e46d2b898,5d25cd3446,Brass,Nickel,0,0.5777197488024578
5d25,6e46,5d25cd3446,6e46d2b898,Nickel,Brass,0,0.5777072684861896
6e46,5b23,6e46d2b898,5b23b59131,Brass,Brass,0,0.4618460380426963
5b23,6e46,5b23b59131,6e46d2b898,Brass,Brass,0,0.39790518144055403
6e46,a672,6e46d2b898,a672c8a1fa,Brass,Brass,0,0.43785446656640864
a672,6e46,a672c8a1fa,6e46d2b898,Brass,Brass,0,0.43756864407132723
6e46,2479,6e46d2b898,247918f662,Brass,Nickel,0,0.5698481670586424
2479,6e46,247918f662,6e46d2b898,Nickel,Brass,0,0.5697922732409805
db48,a54c,db4804f266,a54ce43a84,Nickel,Nickel,0,0.6679194088786387
a54c,db48,a54ce43a84,db4804f266,Nickel,Nickel,0,0.668011939487582
db48,0db0,db4804f266,0db08b7f9e,Nickel,Nickel,0,0.5444410324621758
0db0,db48,0db08b7f9e,db4804f266,Nickel,Nickel,0,0.544781438470535
db48,9c65,db4804f266,9c6504e345,Nickel,Brass,0,0.5091744048219379
9c65,db48,9c6504e345,db4804f266,Brass,Nickel,0,0.5101501348970608
db48,3443,db4804f266,3443ea5ba5,Nickel,Brass,0,0.6037956062343738
3443,db48,3443ea5ba5,db4804f266,Brass,Nickel,0,0.6040050140422741
db48,1f25,db4804f266,1f2544214d,Nickel,Nickel,0,0.7476334564830962
1f25,db48,1f2544214d,db4804f266,Nickel,Nickel,0,0.747512627655021
db48,0e45,db4804f266,0e45ff7118,Nickel,Brass,0,0.5119569517532291
0e45,db48,0e45ff7118,db4804f266,Brass,Nickel,0,0.512791812064467
db48,c208,db4804f266,c2081b71be,Nickel,Nickel,0,0.5464779244781123
c208,db48,c2081b71be,db4804f266,Nickel,Nickel,0,0.5466281668130374
db48,4e01,db4804f266,4e0193ff9e,Nickel,Nickel,0,0.5640241802804872
4e01,db48,4e0193ff9e,db4804f266,Nickel,Nickel,0,0.5655836425171828
db48,2d95,db4804f266,2d95605114,Nickel,Brass,0,0.6607217957162355
2d95,db48,2d95605114,db4804f266,Brass,Nickel,0,0.660721990959371
db48,8410,db4804f266,84106ae247,Nickel,Nickel,0,0.6100788134220171
8410,db48,84106ae247,db4804f266,Nickel,Nickel,0,0.6097891356682592
db48,eb35,db4804f266,eb358a4d60,Nickel,Brass,0,0.4830869154595426
eb35,db48,eb358a4d60,db4804f266,Brass,Nickel,0,0.4830993183026725
db48,5d25,db4804f266,5d25cd3446,Nickel,Nickel,0,0.5628995157433907
5d25,db48,5d25cd3446,db4804f266,Nickel,Nickel,0,0.5632883613401196
db48,5b23,db4804f266,5b23b59131,Nickel,Brass,0,0.6923641835751094
5b23,db48,5b23b59131,db4804f266,Brass,Nickel,0,0.6903511399921844
db48,a672,db4804f266,a672c8a1fa,Nickel,Brass,0,0.7750961222941333
a672,db48,a672c8a1fa,db4804f266,Brass,Nickel,0,0.775570591788904
db48,2479,db4804f266,247918f662,Nickel,Nickel,0,0.7231202755376278
2479,db48,247918f662,db4804f266,Nickel,Nickel,0,0.7231202755376276
a54c,0db0,a54ce43a84,0db08b7f9e,Nickel,Nickel,0,0.5872535250382527
0db0,a54c,0db08b7f9e,a54ce43a84,Nickel,Nickel,0,0.5872790528858803
a54c,9c65,a54ce43a84,9c6504e345,Nickel,Brass,0,0.6206161751020889
9c65,a54c,9c6504e345,a54ce43a84,Brass,Nickel,0,0.6193980082048747
a54c,3443,a54ce43a84,3443ea5ba5,Nickel,Brass,0,0.5781164791894542
3443,a54c,3443ea5ba5,a54ce43a84,Brass,Nickel,0,0.5778113093538371
a54c,1f25,a54ce43a84,1f2544214d,Nickel,Nickel,0,0.577888752240422
1f25,a54c,1f2544214d,a54ce43a84,Nickel,Nickel,0,0.5778529598301204
a54c,0e45,a54ce43a84,0e45ff7118,Nickel,Brass,0,0.7305498086492304
0e45,a54c,0e45ff7118,a54ce43a84,Brass,Nickel,0,0.7312220966067771
a54c,c208,a54ce43a84,c2081b71be,Nickel,Nickel,0,0.56294360384174
c208,a54c,c2081b71be,a54ce43a84,Nickel,Nickel,0,0.5626155352672155
a54c,4e01,a54ce43a84,4e0193ff9e,Nickel,Nickel,0,0.4784830728327153
4e01,a54c,4e0193ff9e,a54ce43a84,Nickel,Nickel,0,0.47851150627805855
a54c,2d95,a54ce43a84,2d95605114,Nickel,Brass,0,0.61886054059851
2d95,a54c,2d95605114,a54ce43a84,Brass,Nickel,0,0.6193021732282359
a54c,8410,a54ce43a84,84106ae247,Nickel,Nickel,0,0.6797334772924936
8410,a54c,84106ae247,a54ce43a84,Nickel,Nickel,0,0.6806490884292042
a54c,eb35,a54ce43a84,eb358a4d60,Nickel,Brass,0,0.5404187190085268
eb35,a54c,eb358a4d60,a54ce43a84,Brass,Nickel,0,0.5404394566508682
a54c,5d25,a54ce43a84,5d25cd3446,Nickel,Nickel,0,0.6688224954947104
5d25,a54c,5d25cd3446,a54ce43a84,Nickel,Nickel,0,0.667861435083704
a54c,5b23,a54ce43a84,5b23b59131,Nickel,Brass,0,0.6143008352652662
5b23,a54c,5b23b59131,a54ce43a84,Brass,Nickel,0,0.6112361933007124
a54c,a672,a54ce43a84,a672c8a1fa,Nickel,Brass,0,0.6789970652588155
a672,a54c,a672c8a1fa,a54ce43a84,Brass,Nickel,0,0.6790865092217901
a54c,2479,a54ce43a84,247918f662,Nickel,Nickel,0,0.6570353821695576
2479,a54c,247918f662,a54ce43a84,Nickel,Nickel,0,0.6568572634878282
0db0,9c65,0db08b7f9e,9c6504e345,Nickel,Brass,0,0.4724388783053155
9c65,0db0,9c6504e345,0db08b7f9e,Brass,Nickel,0,0.47256295623572947
0db0,3443,0db08b7f9e,3443ea5ba5,Nickel,Brass,0,0.5050672240914706
3443,0db0,3443ea5ba5,0db08b7f9e,Brass,Nickel,0,0.5051652434904809
0db0,1f25,0db08b7f9e,1f2544214d,Nickel,Nickel,0,0.6153954612510205
1f25,0db0,1f2544214d,0db08b7f9e,Nickel,Nickel,0,0.5508500926915768
0db0,0e45,0db08b7f9e,0e45ff7118,Nickel,Brass,0,0.5107483378127848
0e45,0db0,0e45ff7118,0db08b7f9e,Brass,Nickel,0,0.5107909151241661
0db0,c208,0db08b7f9e,c2081b71be,Nickel,Nickel,0,0.5634681281268867
c208,0db0,c2081b71be,0db08b7f9e,Nickel,Nickel,0,0.5639406034302277
0db0,4e01,0db08b7f9e,4e0193ff9e,Nickel,Nickel,0,0.5804044098914275
4e01,0db0,4e0193ff9e,0db08b7f9e,Nickel,Nickel,0,0.580422931341293
0db0,2d95,0db08b7f9e,2d95605114,Nickel,Brass,0,0.4202252959228709
2d95,0db0,2d95605114,0db08b7f9e,Brass,Nickel,0,0.4206934443917895
0db0,8410,0db08b7f9e,84106ae247,Nickel,Nickel,0,0.4995980656809574
8410,0db0,84106ae247,0db08b7f9e,Nickel,Nickel,0,0.4995318491124805
0db0,eb35,0db08b7f9e,eb358a4d60,Nickel,Brass,0,0.528428837488844
eb35,0db0,eb358a4d60,0db08b7f9e,Brass,Nickel,0,0.5282163767769568
0db0,5d25,0db08b7f9e,5d25cd3446,Nickel,Nickel,0,0.5332162913897496
5d25,0db0,5d25cd3446,0db08b7f9e,Nickel,Nickel,0,0.5326010944032111
0db0,5b23,0db08b7f9e,5b23b59131,Nickel,Brass,0,0.41916531650898897
5b23,0db0,5b23b59131,0db08b7f9e,Brass,Nickel,0,0.41921346182860497
0db0,a672,0db08b7f9e,a672c8a1fa,Nickel,Brass,0,0.4935871945206021
a672,0db0,a672c8a1fa,0db08b7f9e,Brass,Nickel,0,0.493587194520602
0db0,2479,0db08b7f9e,247918f662,Nickel,Nickel,0,0.477051105042416
2479,0db0,247918f662,0db08b7f9e,Nickel,Nickel,0,0.4947658526692349
9c65,3443,9c6504e345,3443ea5ba5,Brass,Brass,0,0.5773204919664944
3443,9c65,3443ea5ba5,9c6504e345,Brass,Brass,0,0.5771127469434141
9c65,1f25,9c6504e345,1f2544214d,Brass,Nickel,0,0.6597954454278019
1f25,9c65,1f2544214d,9c6504e345,Nickel,Brass,0,0.6596628237887117
9c65,0e45,9c6504e345,0e45ff7118,Brass,Brass,0,0.6908370044350413
0e45,9c65,0e45ff7118,9c6504e345,Brass,Brass,0,0.6907263889050448
9c65,c208,9c6504e345,c2081b71be,Brass,Nickel,0,0.5045438493055184
c208,9c65,c2081b71be,9c6504e345,Nickel,Brass,0,0.5040256326797508
9c65,4e01,9c6504e345,4e0193ff9e,Brass,Nickel,0,0.5708852509706005
4e01,9c65,4e0193ff9e,9c6504e345,Nickel,Brass,0,0.5706856680449897
9c65,2d95,9c6504e345,2d95605114,Brass,Brass,0,0.6805427869704885
2d95,9c65,2d95605114,9c6504e345,Brass,Brass,0,0.6794214723119884
9c65,8410,9c6504e345,84106ae247,Brass,Nickel,0,0.7019598008904738
8410,9c65,84106ae247,9c6504e345,Nickel,Brass,0,0.7014731196453633
9c65,eb35,9c6504e345,eb358a4d60,Brass,Brass,0,0.48255515011396743
eb35,9c65,eb358a4d60,9c6504e345,Brass,Brass,0,0.4819418762373915
9c65,5d25,9c6504e345,5d25cd3446,Brass,Nickel,0,0.6294957795768866
5d25,9c65,5d25cd3446,9c6504e345,Nickel,Brass,0,0.6294588887982073
9c65,5b23,9c6504e345,5b23b59131,Brass,Brass,0,0.4493704974249268
5b23,9c65,5b23b59131,9c6504e345,Brass,Brass,0,0.4495188968072529
9c65,a672,9c6504e345,a672c8a1fa,Brass,Brass,0,0.4683625129589838
a672,9c65,a672c8a1fa,9c6504e345,Brass,Brass,0,0.4680390522426462
9c65,2479,9c6504e345,247918f662,Brass,Nickel,0,0.6658127278560283
2479,9c65,247918f662,9c6504e345,Nickel,Brass,0,0.6649269115168792
3443,1f25,3443ea5ba5,1f2544214d,Brass,Nickel,0,0.6319019126826784
1f25,3443,1f2544214d,3443ea5ba5,Nickel,Brass,0,0.6322268674273007
3443,0e45,3443ea5ba5,0e45ff7118,Brass,Brass,0,0.5113546153698232
0e45,3443,0e45ff7118,3443ea5ba5,Brass,Brass,0,0.5115100413316476
3443,c208,3443ea5ba5,c2081b71be,Brass,Nickel,0,0.5235973170399753
c208,3443,c2081b71be,3443ea5ba5,Nickel,Brass,0,0.5233581432152987
3443,4e01,3443ea5ba5,4e0193ff9e,Brass,Nickel,0,0.4889487660861532
4e01,3443,4e0193ff9e,3443ea5ba5,Nickel,Brass,0,0.44268126742456515
3443,2d95,3443ea5ba5,2d95605114,Brass,Brass,0,0.592935845013027
2d95,3443,2d95605114,3443ea5ba5,Brass,Brass,0,0.592864558055929
3443,8410,3443ea5ba5,84106ae247,Brass,Nickel,0,0.6623112675689389
8410,3443,84106ae247,3443ea5ba5,Nickel,Brass,0,0.5036567905263714
3443,eb35,3443ea5ba5,eb358a4d60,Brass,Brass,0,0.6543373222237219
eb35,3443,eb358a4d60,3443ea5ba5,Brass,Brass,0,0.6540851506557923
3443,5d25,3443ea5ba5,5d25cd3446,Brass,Nickel,0,0.6122928098444574
5d25,3443,5d25cd3446,3443ea5ba5,Nickel,Brass,0,0.612229927334255
3443,5b23,3443ea5ba5,5b23b59131,Brass,Brass,0,0.47386070256058427
5b23,3443,5b23b59131,3443ea5ba5,Brass,Brass,0,0.4740314856118026
3443,a672,3443ea5ba5,a672c8a1fa,Brass,Brass,0,0.5595237082580807
a672,3443,a672c8a1fa,3443ea5ba5,Brass,Brass,0,0.5594388163638258
3443,2479,3443ea5ba5,247918f662,Brass,Nickel,0,0.45247482523540167
2479,3443,247918f662,3443ea5ba5,Nickel,Brass,0,0.4518808170309901
1f25,0e45,1f2544214d,0e45ff7118,Nickel,Brass,0,0.49539398107449845
0e45,1f25,0e45ff7118,1f2544214d,Brass,Nickel,0,0.4957624213657776
1f25,c208,1f2544214d,c2081b71be,Nickel,Nickel,0,0.48211800148481104
c208,1f25,c2081b71be,1f2544214d,Nickel,Nickel,0,0.48135686495774577
1f25,4e01,1f2544214d,4e0193ff9e,Nickel,Nickel,0,0.5058744669150924
4e01,1f25,4e0193ff9e,1f2544214d,Nickel,Nickel,0,0.5040486932357168
1f25,2d95,1f2544214d,2d95605114,Nickel,Brass,0,0.5231358258539738
2d95,1f25,2d95605114,1f2544214d,Brass,Nickel,0,0.5238159329327886
1f25,8410,1f2544214d,84106ae247,Nickel,Nickel,0,0.5995129857616458
8410,1f25,84106ae247,1f2544214d,Nickel,Nickel,0,0.5994525530708905
1f25,eb35,1f2544214d,eb358a4d60,Nickel,Brass,0,0.48940915137215923
eb35,1f25,eb358a4d60,1f2544214d,Brass,Nickel,0,0.48898817241918946
1f25,5d25,1f2544214d,5d25cd3446,Nickel,Nickel,0,0.5198176275692964
5d25,1f25,5d25cd3446,1f2544214d,Nickel,Nickel,0,0.5196739011800104
1f25,5b23,1f2544214d,5b23b59131,Nickel,Brass,0,0.47798982949196783
5b23,1f25,5b23b59131,1f2544214d,Brass,Nickel,0,0.4782097150890622
1f25,a672,1f2544214d,a672c8a1fa,Nickel,Brass,0,0.4879116663603039
a672,1f25,a672c8a1fa,1f2544214d,Brass,Nickel,0,0.486747067510182
1f25,2479,1f2544214d,247918f662,Nickel,Nickel,0,0.5183270857139282
2479,1f25,247918f662,1f2544214d,Nickel,Nickel,0,0.5180217894494801
0e45,c208,0e45ff7118,c2081b71be,Brass,Nickel,0,0.7870798768277838
c208,0e45,c2081b71be,0e45ff7118,Nickel,Brass,0,0.7869149282774545
0e45,4e01,0e45ff7118,4e0193ff9e,Brass,Nickel,0,0.5720950685015644
4e01,0e45,4e0193ff9e,0e45ff7118,Nickel,Brass,0,0.5718982930718481
0e45,2d95,0e45ff7118,2d95605114,Brass,Brass,0,0.48952431185357487
2d95,0e45,2d95605114,0e45ff7118,Brass,Brass,0,0.48935697092774133
0e45,8410,0e45ff7118,84106ae247,Brass,Nickel,0,0.6524076414361517
8410,0e45,84106ae247,0e45ff7118,Nickel,Brass,0,0.6518207207577877
0e45,eb35,0e45ff7118,eb358a4d60,Brass,Brass,0,0.6394862667511114
eb35,0e45,eb358a4d60,0e45ff7118,Brass,Brass,0,0.6394862667511115
0e45,5d25,0e45ff7118,5d25cd3446,Brass,Nickel,0,0.5216895510043206
5d25,0e45,5d25cd3446,0e45ff7118,Nickel,Brass,0,0.5221397716789897
0e45,5b23,0e45ff7118,5b23b59131,Brass,Brass,0,0.5893802885594757
5b23,0e45,5b23b59131,0e45ff7118,Brass,Brass,0,0.5976864161135972
0e45,a672,0e45ff7118,a672c8a1fa,Brass,Brass,0,0.6030723589971532
a672,0e45,a672c8a1fa,0e45ff7118,Brass,Brass,0,0.6031736788080323
0e45,2479,0e45ff7118,247918f662,Brass,Nickel,0,0.5873663705660616
2479,0e45,247918f662,0e45ff7118,Nickel,Brass,0,0.5880403938600653
c208,4e01,c2081b71be,4e0193ff9e,Nickel,Nickel,0,0.49648633457724395
4e01,c208,4e0193ff9e,c2081b71be,Nickel,Nickel,0,0.49726771932001423
c208,2d95,c2081b71be,2d95605114,Nickel,Brass,0,0.6902916956015847
2d95,c208,2d95605114,c2081b71be,Brass,Nickel,0,0.6908824372477548
c208,8410,c2081b71be,84106ae247,Nickel,Nickel,0,0.5098489055604113
8410,c208,84106ae247,c2081b71be,Nickel,Nickel,0,0.5120385348815847
c208,eb35,c2081b71be,eb358a4d60,Nickel,Brass,0,0.6378599970722739
eb35,c208,eb358a4d60,c2081b71be,Brass,Nickel,0,0.6377538410002112
c208,5d25,c2081b71be,5d25cd3446,Nickel,Nickel,0,0.5137063701171939
5d25,c208,5d25cd3446,c2081b71be,Nickel,Nickel,0,0.5133550267196608
c208,5b23,c2081b71be,5b23b59131,Nickel,Brass,0,0.5472162899720822
5b23,c208,5b23b59131,c2081b71be,Brass,Nickel,0,0.5474029163941594
c208,a672,c2081b71be,a672c8a1fa,Nickel,Brass,0,0.5431140628090273
a672,c208,a672c8a1fa,c2081b71be,Brass,Nickel,0,0.5746008971394538
c208,2479,c2081b71be,247918f662,Nickel,Nickel,0,0.4984040672415108
2479,c208,247918f662,c2081b71be,Nickel,Nickel,0,0.49853480863550936
4e01,2d95,4e0193ff9e,2d95605114,Nickel,Brass,0,0.4722623740552511
2d95,4e01,2d95605114,4e0193ff9e,Brass,Nickel,0,0.47206302050532395
4e01,8410,4e0193ff9e,84106ae247,Nickel,Nickel,0,0.7173986487368346
8410,4e01,84106ae247,4e0193ff9e,Nickel,Nickel,0,0.71747796514658
4e01,eb35,4e0193ff9e,eb358a4d60,Nickel,Brass,0,0.5800115613164211
eb35,4e01,eb358a4d60,4e0193ff9e,Brass,Nickel,0,0.5800691530521609
4e01,5d25,4e0193ff9e,5d25cd3446,Nickel,Nickel,0,0.4997738763798024
5d25,4e01,5d25cd3446,4e0193ff9e,Nickel,Nickel,0,0.49973170716165516
4e01,5b23,4e0193ff9e,5b23b59131,Nickel,Brass,0,0.5434900480691344
5b23,4e01,5b23b59131,4e0193ff9e,Brass,Nickel,0,0.5428891657144699
4e01,a672,4e0193ff9e,a672c8a1fa,Nickel,Brass,0,0.5220740904207588
a672,4e01,a672c8a1fa,4e0193ff9e,Brass,Nickel,0,0.5220740904207587
4e01,2479,4e0193ff9e,247918f662,Nickel,Nickel,0,0.5728633125090088
2479,4e01,247918f662,4e0193ff9e,Nickel,Nickel,0,0.5728633125090088
2d95,8410,2d95605114,84106ae247,Brass,Nickel,0,0.5902248926140162
8410,2d95,84106ae247,2d95605114,Nickel,Brass,0,0.5902248926140161
2d95,eb35,2d95605114,eb358a4d60,Brass,Brass,0,0.5800037910982334
eb35,2d95,eb358a4d60,2d95605114,Brass,Brass,0,0.5792781955530715
2d95,5d25,2d95605114,5d25cd3446,Brass,Nickel,0,0.5947087222343302
5d25,2d95,5d25cd3446,2d95605114,Nickel,Brass,0,0.5946499231049469
2d95,5b23,2d95605114,5b23b59131,Brass,Brass,0,0.744209849570367
5b23,2d95,5b23b59131,2d95605114,Brass,Brass,0,0.7452436663766216
2d95,a672,2d95605114,a672c8a1fa,Brass,Brass,0,0.5152581077878792
a672,2d95,a672c8a1fa,2d95605114,Brass,Brass,0,0.5152581077878792
2d95,2479,2d95605114,247918f662,Brass,Nickel,0,0.5012730674043069
2479,2d95,247918f662,2d95605114,Nickel,Brass,0,0.5013423235869019
8410,eb35,84106ae247,eb358a4d60,Nickel,Brass,0,0.5342227145897905
eb35,8410,eb358a4d60,84106ae247,Brass,Nickel,0,0.5336590042011107
8410,5d25,84106ae247,5d25cd3446,Nickel,Nickel,0,0.5665929960330464
5d25,8410,5d25cd3446,84106ae247,Nickel,Nickel,0,0.5643251338523603
8410,5b23,84106ae247,5b23b59131,Nickel,Brass,0,0.42081699904358955
5b23,8410,5b23b59131,84106ae247,Brass,Nickel,0,0.42081699904358966
8410,a672,84106ae247,a672c8a1fa,Nickel,Brass,0,0.6181742894067196
a672,8410,a672c8a1fa,84106ae247,Brass,Nickel,0,0.6180788326670135
8410,2479,84106ae247,247918f662,Nickel,Nickel,0,0.5350289048085654
2479,8410,247918f662,84106ae247,Nickel,Nickel,0,0.5357120406688349
eb35,5d25,eb358a4d60,5d25cd3446,Brass,Nickel,0,0.5384587195753627
5d25,eb35,5d25cd3446,eb358a4d60,Nickel,Brass,0,0.5383521607557676
eb35,5b23,eb358a4d60,5b23b59131,Brass,Brass,0,0.5505781038686266
5b23,eb35,5b23b59131,eb358a4d60,Brass,Brass,0,0.5505781038686265
eb35,a672,eb358a4d60,a672c8a1fa,Brass,Brass,0,0.5414023611969248
a672,eb35,a672c8a1fa,eb358a4d60,Brass,Brass,0,0.5415217642116263
eb35,2479,eb358a4d60,247918f662,Brass,Nickel,0,0.3686557775858104
2479,eb35,247918f662,eb358a4d60,Nickel,Brass,0,0.368870183428316
5d25,5b23,5d25cd3446,5b23b59131,Nickel,Brass,0,0.4885240864494706
5b23,5d25,5b23b59131,5d25cd3446,Brass,Nickel,0,0.4885157203996913
5d25,a672,5d25cd3446,a672c8a1fa,Nickel,Brass,0,0.5991531455568232
a672,5d25,a672c8a1fa,5d25cd3446,Brass,Nickel,0,0.5990477012284172
5d25,2479,5d25cd3446,247918f662,Nickel,Nickel,0,0.7253134201332567
2479,5d25,247918f662,5d25cd3446,Nickel,Nickel,0,0.7252196525284589
5b23,a672,5b23b59131,a672c8a1fa,Brass,Brass,0,0.5264260039688822
a672,5b23,a672c8a1fa,5b23b59131,Brass,Brass,0,0.5263508670719637
5b23,2479,5b23b59131,247918f662,Brass,Nickel,0,0.504603309573584
2479,5b23,247918f662,5b23b59131,Nickel,Brass,0,0.4716611337904825
a672,2479,a672c8a1fa,247918f662,Brass,Nickel,0,0.46689286452236034
2479,a672,247918f662,a672c8a1fa,Nickel,Brass,0,0.46693269594666725
d00b,41f1,d00bf582d1,41f1030655,Nickel,Nickel,0,0.39376163158375116
41f1,d00b,41f1030655,d00bf582d1,Nickel,Nickel,0,0.3942212931077417
d00b,cc6c,d00bf582d1,cc6c455419,Nickel,Nickel,0,0.5128785983872849
cc6c,d00b,cc6c455419,d00bf582d1,Nickel,Nickel,0,0.5128785983872844
d00b,3cad,d00bf582d1,3cadb33f2f,Nickel,Nickel,0,0.6743752406882243
3cad,d00b,3cadb33f2f,d00bf582d1,Nickel,Nickel,0,0.6743788205066581
d00b,5e80,d00bf582d1,5e80774246,Nickel,Nickel,0,0.4579763137518192
5e80,d00b,5e80774246,d00bf582d1,Nickel,Nickel,0,0.4576484088880472
d00b,2753,d00bf582d1,275310424a,Nickel,Nickel,0,0.3849991139568048
2753,d00b,275310424a,d00bf582d1,Nickel,Nickel,0,0.3834278144818546
d00b,b4f6,d00bf582d1,b4f6763191,Nickel,Nickel,0,0.49458351163639064
b4f6,d00b,b4f6763191,d00bf582d1,Nickel,Nickel,0,0.49422606933891766
d00b,797e,d00bf582d1,797ececd4d,Nickel,Nickel,0,0.454933645583186
797e,d00b,797ececd4d,d00bf582d1,Nickel,Nickel,0,0.45493364558318605
d00b,37d2,d00bf582d1,37d21f987c,Nickel,Nickel,0,0.5475044112110434
37d2,d00b,37d21f987c,d00bf582d1,Nickel,Nickel,0,0.5471081959452285
d00b,db9f,d00bf582d1,db9f861795,Nickel,Nickel,0,0.5071348956746952
db9f,d00b,db9f861795,d00bf582d1,Nickel,Nickel,0,0.5070680016389902
d00b,7471,d00bf582d1,74711b8750,Nickel,Nickel,0,0.4121099438033174
7471,d00b,74711b8750,d00bf582d1,Nickel,Nickel,0,0.4116381873081884
d00b,e139,d00bf582d1,e139e26428,Nickel,Nickel,0,0.7350890681936112
e139,d00b,e139e26428,d00bf582d1,Nickel,Nickel,0,0.735198059145208
d00b,633f,d00bf582d1,633fbb7de1,Nickel,Nickel,0,0.6192206194682157
633f,d00b,633fbb7de1,d00bf582d1,Nickel,Nickel,0,0.6077870144070894
d00b,0b78,d00bf582d1,0b782c3069,Nickel,Nickel,0,0.5426211999159711
0b78,d00b,0b782c3069,d00bf582d1,Nickel,Nickel,0,0.5428020400005072
d00b,7204,d00bf582d1,7204a1feeb,Nickel,Nickel,0,0.5419464125010195
7204,d00b,7204a1feeb,d00bf582d1,Nickel,Nickel,0,0.5434475468286881
d00b,ef4d,d00bf582d1,ef4d4aee2a,Nickel,Nickel,0,0.4276034573982135
ef4d,d00b,ef4d4aee2a,d00bf582d1,Nickel,Nickel,0,0.4276198926800826
d00b,8c82,d00bf582d1,8c82f237f9,Nickel,Nickel,0,0.41627934135383243
8c82,d00b,8c82f237f9,d00bf582d1,Nickel,Nickel,0,0.4162896980487448
d00b,d645,d00bf582d1,d64504718a,Nickel,Nickel,0,0.6143629552139408
d645,d00b,d64504718a,d00bf582d1,Nickel,Nickel,0,0.6133671854521597
d00b,6e46,d00bf582d1,6e46d2b898,Nickel,Nickel,0,0.4807534182676967
6e46,d00b,6e46d2b898,d00bf582d1,Nickel,Nickel,0,0.48075341826769663
d00b,8eda,d00bf582d1,8edaa51105,Nickel,Nickel,0,0.5338822696067339
8eda,d00b,8edaa51105,d00bf582d1,Nickel,Nickel,0,0.5339218403432697
d00b,1be7,d00bf582d1,1be78463d7,Nickel,Nickel,0,0.5182193008251498
1be7,d00b,1be78463d7,d00bf582d1,Nickel,Nickel,0,0.5184385381847575
d00b,8197,d00bf582d1,8197f401c9,Nickel,Nickel,0,0.5471334132652764
8197,d00b,8197f401c9,d00bf582d1,Nickel,Nickel,0,0.5475247730837428
d00b,803e,d00bf582d1,803e2e304c,Nickel,Nickel,0,0.49850389891451613
803e,d00b,803e2e304c,d00bf582d1,Nickel,Nickel,0,0.4984126104795228
d00b,07ff,d00bf582d1,07ffa2d44f,Nickel,Nickel,0,0.5416374037190829
07ff,d00b,07ffa2d44f,d00bf582d1,Nickel,Nickel,0,0.5416621975032252
d00b,114a,d00bf582d1,114a81160d,Nickel,Nickel,0,0.48921061356280376
114a,d00b,114a81160d,d00bf582d1,Nickel,Nickel,0,0.4907031040428792
d00b,7db9,d00bf582d1,7db9fa3fdc,Nickel,Nickel,0,0.5388665316048439
7db9,d00b,7db9fa3fdc,d00bf582d1,Nickel,Nickel,0,0.5370573830680266
d00b,bd89,d00bf582d1,bd89ab2453,Nickel,Nickel,0,0.5559514922816692
bd89,d00b,bd89ab2453,d00bf582d1,Nickel,Nickel,0,0.5563035152450054
d00b,1f25,d00bf582d1,1f2544214d,Nickel,Nickel,0,0.40629479616941133
1f25,d00b,1f2544214d,d00bf582d1,Nickel,Nickel,0,0.4056451026584195
d00b,c208,d00bf582d1,c2081b71be,Nickel,Nickel,0,0.5088525037926579
c208,d00b,c2081b71be,d00bf582d1,Nickel,Nickel,0,0.5088507498709297
d00b,a404,d00bf582d1,a404412c4e,Nickel,Nickel,0,0.43987156669326205
a404,d00b,a404412c4e,d00bf582d1,Nickel,Nickel,0,0.4415278444389166
d00b,ff11,d00bf582d1,ff11e3e39e,Nickel,Nickel,0,0.3926856765434994
ff11,d00b,ff11e3e39e,d00bf582d1,Nickel,Nickel,0,0.39228253097314564
d00b,88c2,d00bf582d1,88c293654f,Nickel,Nickel,0,0.5141764720256329
88c2,d00b,88c293654f,d00bf582d1,Nickel,Nickel,0,0.5148496097100849
d00b,ae9b,d00bf582d1,ae9b0acf0b,Nickel,Nickel,0,0.5158092309059178
ae9b,d00b,ae9b0acf0b,d00bf582d1,Nickel,Nickel,0,0.5152600072935277
d00b,a3b1,d00bf582d1,a3b1085bea,Nickel,Nickel,0,0.43305975722068324
a3b1,d00b,a3b1085bea,d00bf582d1,Nickel,Nickel,0,0.4330855214931015
d00b,f366,d00bf582d1,f366f00cde,Nickel,Nickel,0,0.502993455634143
f366,d00b,f366f00cde,d00bf582d1,Nickel,Nickel,0,0.5029710871189665
d00b,81bb,d00bf582d1,81bb3cb084,Nickel,Nickel,0,0.4826790347923526
81bb,d00b,81bb3cb084,d00bf582d1,Nickel,Nickel,0,0.4814283419813604
d00b,326b,d00bf582d1,326bd7053d,Nickel,Nickel,0,0.5495147420336517
326b,d00b,326bd7053d,d00bf582d1,Nickel,Nickel,0,0.5500134421464645
d00b,867e,d00bf582d1,867e742682,Nickel,Nickel,0,0.5244971303106617
867e,d00b,867e742682,d00bf582d1,Nickel,Nickel,0,0.523165647063905
d00b,9c65,d00bf582d1,9c6504e345,Nickel,Nickel,0,0.5476952837382616
9c65,d00b,9c6504e345,d00bf582d1,Nickel,Nickel,0,0.5471179015685703
d00b,27c0,d00bf582d1,27c03bf211,Nickel,Nickel,0,0.5453961354243795
27c0,d00b,27c03bf211,d00bf582d1,Nickel,Nickel,0,0.5456174484538967
d00b,ef85,d00bf582d1,ef85c2ef6b,Nickel,Nickel,0,0.6213474890044636
ef85,d00b,ef85c2ef6b,d00bf582d1,Nickel,Nickel,0,0.6209757134398463
d00b,9b00,d00bf582d1,9b00c4c264,Nickel,Nickel,0,0.529732723320023
9b00,d00b,9b00c4c264,d00bf582d1,Nickel,Nickel,0,0.529627150094736
d00b,93f6,d00bf582d1,93f6afc25d,Nickel,Nickel,0,0.4674916151370487
93f6,d00b,93f6afc25d,d00bf582d1,Nickel,Nickel,0,0.4668375054153249
d00b,a54c,d00bf582d1,a54ce43a84,Nickel,Nickel,0,0.4911072804446525
a54c,d00b,a54ce43a84,d00bf582d1,Nickel,Nickel,0,0.4916604576096894
d00b,218a,d00bf582d1,218ae10a65,Nickel,Nickel,0,0.41332679485453067
218a,d00b,218ae10a65,d00bf582d1,Nickel,Nickel,0,0.5949581192875889
d00b,9645,d00bf582d1,9645e12969,Nickel,Nickel,0,0.5513938148376321
9645,d00b,9645e12969,d00bf582d1,Nickel,Nickel,0,0.5514862156327778
d00b,0db0,d00bf582d1,0db08b7f9e,Nickel,Nickel,0,0.5295978695982505
0db0,d00b,0db08b7f9e,d00bf582d1,Nickel,Nickel,0,0.5295189007025443
d00b,fc6e,d00bf582d1,fc6e345a87,Nickel,Nickel,0,0.4394613275282748
fc6e,d00b,fc6e345a87,d00bf582d1,Nickel,Nickel,0,0.4394929751233507
d00b,5187,d00bf582d1,5187134316,Nickel,Nickel,0,0.547656632000802
5187,d00b,5187134316,d00bf582d1,Nickel,Nickel,0,0.5476310444796888
d00b,9fbb,d00bf582d1,9fbbe4fcae,Nickel,Nickel,0,0.49735364160548207
9fbb,d00b,9fbbe4fcae,d00bf582d1,Nickel,Nickel,0,0.49734190317687677
d00b,744a,d00bf582d1,744a7e7690,Nickel,Nickel,0,0.44537598879853135
744a,d00b,744a7e7690,d00bf582d1,Nickel,Nickel,0,0.4453759887985314
d00b,9f5c,d00bf582d1,9f5cee2a11,Nickel,Nickel,0,0.546495972428337
9f5c,d00b,9f5cee2a11,d00bf582d1,Nickel,Nickel,0,0.5460995572441972
d00b,3443,d00bf582d1,3443ea5ba5,Nickel,Nickel,0,0.45133685500988474
3443,d00b,3443ea5ba5,d00bf582d1,Nickel,Nickel,0,0.4516958781501141
d00b,fa65,d00bf582d1,fa6595462f,Nickel,Nickel,0,0.45696435277297004
fa65,d00b,fa6595462f,d00bf582d1,Nickel,Nickel,0,0.4569643527729701
d00b,d469,d00bf582d1,d469fc3f70,Nickel,Nickel,0,0.5357641178120481
d469,d00b,d469fc3f70,d00bf582d1,Nickel,Nickel,0,0.5356918324857938
d00b,0e45,d00bf582d1,0e45ff7118,Nickel,Nickel,0,0.5156522273666737
0e45,d00b,0e45ff7118,d00bf582d1,Nickel,Nickel,0,0.5152960942539494
d00b,a80b,d00bf582d1,a80b46b6d1,Nickel,Nickel,0,0.5212797210018248
a80b,d00b,a80b46b6d1,d00bf582d1,Nickel,Nickel,0,0.5213222258422192
d00b,1ed3,d00bf582d1,1ed3442cfa,Nickel,Nickel,0,0.594522717982426
1ed3,d00b,1ed3442cfa,d00bf582d1,Nickel,Nickel,0,0.5952740771279237
d00b,db48,d00bf582d1,db4804f266,Nickel,Nickel,0,0.4866722943376153
db48,d00b,db4804f266,d00bf582d1,Nickel,Nickel,0,0.4867561229427723
d00b,bf77,d00bf582d1,bf77a5ca9b,Nickel,Nickel,0,0.560967453314255
bf77,d00b,bf77a5ca9b,d00bf582d1,Nickel,Nickel,0,0.5610720564138754
d00b,1318,d00bf582d1,13189e401d,Nickel,Nickel,0,0.7452884718867381
1318,d00b,13189e401d,d00bf582d1,Nickel,Nickel,0,0.7630465657574341
d00b,d507,d00bf582d1,d5070cee0f,Nickel,Nickel,0,0.47339590774133944
d507,d00b,d5070cee0f,d00bf582d1,Nickel,Nickel,0,0.4818442503360906
d00b,27c4,d00bf582d1,27c44d34a4,Nickel,Nickel,0,0.6186418590812528
27c4,d00b,27c44d34a4,d00bf582d1,Nickel,Nickel,0,0.5528843482280709
d00b,4e01,d00bf582d1,4e0193ff9e,Nickel,Nickel,0,0.4372017556239919
4e01,d00b,4e0193ff9e,d00bf582d1,Nickel,Nickel,0,0.4233162649065178
d00b,3c68,d00bf582d1,3c6819beb9,Nickel,Nickel,0,0.5442121573492009
3c68,d00b,3c6819beb9,d00bf582d1,Nickel,Nickel,0,0.5426815321274591
d00b,3a2a,d00bf582d1,3a2a75a851,Nickel,Nickel,0,0.5058400034449618
3a2a,d00b,3a2a75a851,d00bf582d1,Nickel,Nickel,0,0.5050657780573101
d00b,0d99,d00bf582d1,0d991a198f,Nickel,Nickel,0,0.6225009950912157
0d99,d00b,0d991a198f,d00bf582d1,Nickel,Nickel,0,0.6219324566517072
41f1,cc6c,41f1030655,cc6c455419,Nickel,Nickel,0,0.5998213172859461
cc6c,41f1,cc6c455419,41f1030655,Nickel,Nickel,0,0.6003147569183876
41f1,3cad,41f1030655,3cadb33f2f,Nickel,Nickel,0,0.46352714476863927
3cad,41f1,3cadb33f2f,41f1030655,Nickel,Nickel,0,0.4636316850603485
41f1,5e80,41f1030655,5e80774246,Nickel,Nickel,0,0.7419568761987824
5e80,41f1,5e80774246,41f1030655,Nickel,Nickel,0,0.741853750456426
41f1,2753,41f1030655,275310424a,Nickel,Nickel,0,0.5369281604233025
2753,41f1,275310424a,41f1030655,Nickel,Nickel,0,0.5370146347001986
41f1,797e,41f1030655,797ececd4d,Nickel,Nickel,0,0.6204441487485192
797e,41f1,797ececd4d,41f1030655,Nickel,Nickel,0,0.6203663976810441
41f1,37d2,41f1030655,37d21f987c,Nickel,Nickel,0,0.5474188442394823
37d2,41f1,37d21f987c,41f1030655,Nickel,Nickel,0,0.5468116512532654
41f1,db9f,41f1030655,db9f861795,Nickel,Nickel,0,0.44372641335949536
db9f,41f1,db9f861795,41f1030655,Nickel,Nickel,0,0.44414000510731555
41f1,7471,41f1030655,74711b8750,Nickel,Nickel,0,0.7948701957840845
7471,41f1,74711b8750,41f1030655,Nickel,Nickel,0,0.795327077575836
41f1,e139,41f1030655,e139e26428,Nickel,Nickel,0,0.5620447030262519
e139,41f1,e139e26428,41f1030655,Nickel,Nickel,0,0.5629600974249513
41f1,633f,41f1030655,633fbb7de1,Nickel,Nickel,0,0.5456376287983339
633f,41f1,633fbb7de1,41f1030655,Nickel,Nickel,0,0.5456424384885441
41f1,0b78,41f1030655,0b782c3069,Nickel,Nickel,0,0.6638416374735359
0b78,41f1,0b782c3069,41f1030655,Nickel,Nickel,0,0.6638416374735358
41f1,7204,41f1030655,7204a1feeb,Nickel,Nickel,0,0.5296787732117767
7204,41f1,7204a1feeb,41f1030655,Nickel,Nickel,0,0.5304953221251979
41f1,ef4d,41f1030655,ef4d4aee2a,Nickel,Nickel,0,0.6607029869136821
ef4d,41f1,ef4d4aee2a,41f1030655,Nickel,Nickel,0,0.6608480224837132
41f1,8c82,41f1030655,8c82f237f9,Nickel,Nickel,0,0.5671057842142195
8c82,41f1,8c82f237f9,41f1030655,Nickel,Nickel,0,0.5670793234810454
41f1,d645,41f1030655,d64504718a,Nickel,Nickel,0,0.6385148760134861
d645,41f1,d64504718a,41f1030655,Nickel,Nickel,0,0.6391316921775413
41f1,6e46,41f1030655,6e46d2b898,Nickel,Nickel,0,0.5887470639104342
6e46,41f1,6e46d2b898,41f1030655,Nickel,Nickel,0,0.588977866402125
41f1,8eda,41f1030655,8edaa51105,Nickel,Nickel,0,0.619301058317741
8eda,41f1,8edaa51105,41f1030655,Nickel,Nickel,0,0.7057798986656314
41f1,1be7,41f1030655,1be78463d7,Nickel,Nickel,0,0.5732509033145682
1be7,41f1,1be78463d7,41f1030655,Nickel,Nickel,0,0.5731000079572239
41f1,07ff,41f1030655,07ffa2d44f,Nickel,Nickel,0,0.4687441848476583
07ff,41f1,07ffa2d44f,41f1030655,Nickel,Nickel,0,0.4685953303579352
41f1,114a,41f1030655,114a81160d,Nickel,Nickel,0,0.6247862293237322
114a,41f1,114a81160d,41f1030655,Nickel,Nickel,0,0.6253158451457871
41f1,7db9,41f1030655,7db9fa3fdc,Nickel,Nickel,0,0.5984701219176426
7db9,41f1,7db9fa3fdc,41f1030655,Nickel,Nickel,0,0.5986350434195329
41f1,bd89,41f1030655,bd89ab2453,Nickel,Nickel,0,0.5436363038007465
bd89,41f1,bd89ab2453,41f1030655,Nickel,Nickel,0,0.5437797697510889
41f1,a404,41f1030655,a404412c4e,Nickel,Nickel,0,0.5482437616099521
a404,41f1,a404412c4e,41f1030655,Nickel,Nickel,0,0.548264532109067
41f1,a3b1,41f1030655,a3b1085bea,Nickel,Nickel,0,0.5965411282373689
a3b1,41f1,a3b1085bea,41f1030655,Nickel,Nickel,0,0.597149355718669
41f1,f366,41f1030655,f366f00cde,Nickel,Nickel,0,0.64312270721988
f366,41f1,f366f00cde,41f1030655,Nickel,Nickel,0,0.6954570002426916
41f1,81bb,41f1030655,81bb3cb084,Nickel,Nickel,0,0.503815857004348
81bb,41f1,81bb3cb084,41f1030655,Nickel,Nickel,0,0.503492602920529
41f1,326b,41f1030655,326bd7053d,Nickel,Nickel,0,0.5147626390401778
326b,41f1,326bd7053d,41f1030655,Nickel,Nickel,0,0.5146701759842814
41f1,9c65,41f1030655,9c6504e345,Nickel,Nickel,0,0.5428714495547929
9c65,41f1,9c6504e345,41f1030655,Nickel,Nickel,0,0.5431792536617062
41f1,ef85,41f1030655,ef85c2ef6b,Nickel,Nickel,0,0.5289671065888482
ef85,41f1,ef85c2ef6b,41f1030655,Nickel,Nickel,0,0.528942746016439
41f1,9b00,41f1030655,9b00c4c264,Nickel,Nickel,0,0.6136461837703654
9b00,41f1,9b00c4c264,41f1030655,Nickel,Nickel,0,0.6463977521708157
41f1,218a,41f1030655,218ae10a65,Nickel,Nickel,0,0.7212703337587854
218a,41f1,218ae10a65,41f1030655,Nickel,Nickel,0,0.721392720233462
41f1,9645,41f1030655,9645e12969,Nickel,Nickel,0,0.4886782280755375
9645,41f1,9645e12969,41f1030655,Nickel,Nickel,0,0.48870392723686923
41f1,fc6e,41f1030655,fc6e345a87,Nickel,Nickel,0,0.5586010985589199
fc6e,41f1,fc6e345a87,41f1030655,Nickel,Nickel,0,0.5582867105157796
41f1,5187,41f1030655,5187134316,Nickel,Nickel,0,0.6456129617488588
5187,41f1,5187134316,41f1030655,Nickel,Nickel,0,0.6490710132349812
41f1,9fbb,41f1030655,9fbbe4fcae,Nickel,Nickel,0,0.5819045521411338
9fbb,41f1,9fbbe4fcae,41f1030655,Nickel,Nickel,0,0.5824392748691847
41f1,3443,41f1030655,3443ea5ba5,Nickel,Nickel,0,0.6539150832948414
3443,41f1,3443ea5ba5,41f1030655,Nickel,Nickel,0,0.6539150832948414
41f1,fa65,41f1030655,fa6595462f,Nickel,Nickel,0,0.5764820614852251
fa65,41f1,fa6595462f,41f1030655,Nickel,Nickel,0,0.5766248603564212
41f1,d469,41f1030655,d469fc3f70,Nickel,Nickel,0,0.5598018348838292
d469,41f1,d469fc3f70,41f1030655,Nickel,Nickel,0,0.5602534676391109
41f1,0e45,41f1030655,0e45ff7118,Nickel,Nickel,0,0.5310311913430392
0e45,41f1,0e45ff7118,41f1030655,Nickel,Nickel,0,0.5313379849439704
41f1,a80b,41f1030655,a80b46b6d1,Nickel,Nickel,0,0.6133264920919235
a80b,41f1,a80b46b6d1,41f1030655,Nickel,Nickel,0,0.6132389556438594
41f1,db48,41f1030655,db4804f266,Nickel,Nickel,0,0.5406284294859849
db48,41f1,db4804f266,41f1030655,Nickel,Nickel,0,0.5415193014113913
41f1,bf77,41f1030655,bf77a5ca9b,Nickel,Nickel,0,0.5085348865097218
bf77,41f1,bf77a5ca9b,41f1030655,Nickel,Nickel,0,0.5083652000277069
41f1,1318,41f1030655,13189e401d,Nickel,Nickel,0,0.4892762318537089
1318,41f1,13189e401d,41f1030655,Nickel,Nickel,0,0.6032035597533802
41f1,27c4,41f1030655,27c44d34a4,Nickel,Nickel,0,0.6881326046686309
27c4,41f1,27c44d34a4,41f1030655,Nickel,Nickel,0,0.6881008912977047
41f1,3c68,41f1030655,3c6819beb9,Nickel,Nickel,0,0.6916314550062038
3c68,41f1,3c6819beb9,41f1030655,Nickel,Nickel,0,0.7202393216138658
41f1,3a2a,41f1030655,3a2a75a851,Nickel,Nickel,0,0.4651299495079955
3a2a,41f1,3a2a75a851,41f1030655,Nickel,Nickel,0,0.4640981153490004
41f1,0d99,41f1030655,0d991a198f,Nickel,Nickel,0,0.5701742663996999
0d99,41f1,0d991a198f,41f1030655,Nickel,Nickel,0,0.612104101608
cc6c,3cad,cc6c455419,3cadb33f2f,Nickel,Nickel,0,0.781561784947439
3cad,cc6c,3cadb33f2f,cc6c455419,Nickel,Nickel,0,0.782484171020529
cc6c,5e80,cc6c455419,5e80774246,Nickel,Nickel,0,0.5097129192352765
5e80,cc6c,5e80774246,cc6c455419,Nickel,Nickel,0,0.5091400520310958
cc6c,2753,cc6c455419,275310424a,Nickel,Nickel,0,0.5571306123643429
2753,cc6c,275310424a,cc6c455419,Nickel,Nickel,0,0.5573972757833907
cc6c,b4f6,cc6c455419,b4f6763191,Nickel,Nickel,0,0.5370014824337406
b4f6,cc6c,b4f6763191,cc6c455419,Nickel,Nickel,0,0.5371492660275831
cc6c,797e,cc6c455419,797ececd4d,Nickel,Nickel,0,0.596546516712439
797e,cc6c,797ececd4d,cc6c455419,Nickel,Nickel,0,0.5961989516435249
cc6c,37d2,cc6c455419,37d21f987c,Nickel,Nickel,0,0.5696766023378534
37d2,cc6c,37d21f987c,cc6c455419,Nickel,Nickel,0,0.5683403885630252
cc6c,db9f,cc6c455419,db9f861795,Nickel,Nickel,0,0.4817408493167612
db9f,cc6c,db9f861795,cc6c455419,Nickel,Nickel,0,0.515615204779192
cc6c,7471,cc6c455419,74711b8750,Nickel,Nickel,0,0.4271998208367695
7471,cc6c,74711b8750,cc6c455419,Nickel,Nickel,0,0.42767520488669836
cc6c,e139,cc6c455419,e139e26428,Nickel,Nickel,0,0.4836226110133931
e139,cc6c,e139e26428,cc6c455419,Nickel,Nickel,0,0.4833664909485133
cc6c,633f,cc6c455419,633fbb7de1,Nickel,Nickel,0,0.8106319123856971
633f,cc6c,633fbb7de1,cc6c455419,Nickel,Nickel,0,0.8058818694488245
cc6c,0b78,cc6c455419,0b782c3069,Nickel,Nickel,0,0.47779231147587303
0b78,cc6c,0b782c3069,cc6c455419,Nickel,Nickel,0,0.47779231147587314
cc6c,7204,cc6c455419,7204a1feeb,Nickel,Nickel,0,0.5201077447609997
7204,cc6c,7204a1feeb,cc6c455419,Nickel,Nickel,0,0.519768381014114
cc6c,ef4d,cc6c455419,ef4d4aee2a,Nickel,Nickel,0,0.5682981835032095
ef4d,cc6c,ef4d4aee2a,cc6c455419,Nickel,Nickel,0,0.5680277641730479
cc6c,8c82,cc6c455419,8c82f237f9,Nickel,Nickel,0,0.5793323222987401
8c82,cc6c,8c82f237f9,cc6c455419,Nickel,Nickel,0,0.5790132865519845
cc6c,d645,cc6c455419,d64504718a,Nickel,Nickel,0,0.7919830960776081
d645,cc6c,d64504718a,cc6c455419,Nickel,Nickel,0,0.8541106593522019
cc6c,6e46,cc6c455419,6e46d2b898,Nickel,Nickel,0,0.6206181149840945
6e46,cc6c,6e46d2b898,cc6c455419,Nickel,Nickel,0,0.6206183772006914
cc6c,8eda,cc6c455419,8edaa51105,Nickel,Nickel,0,0.5556663862418056
8eda,cc6c,8edaa51105,cc6c455419,Nickel,Nickel,0,0.5554513208891766
cc6c,1be7,cc6c455419,1be78463d7,Nickel,Nickel,0,0.49802302814199684
1be7,cc6c,1be78463d7,cc6c455419,Nickel,Nickel,0,0.4975787815375525
cc6c,8197,cc6c455419,8197f401c9,Nickel,Nickel,0,0.40552123151081254
8197,cc6c,8197f401c9,cc6c455419,Nickel,Nickel,0,0.4052783625608177
cc6c,803e,cc6c455419,803e2e304c,Nickel,Nickel,0,0.5643041351255899
803e,cc6c,803e2e304c,cc6c455419,Nickel,Nickel,0,0.56352129300107
cc6c,07ff,cc6c455419,07ffa2d44f,Nickel,Nickel,0,0.6094071534502139
07ff,cc6c,07ffa2d44f,cc6c455419,Nickel,Nickel,0,0.7192659552098682
cc6c,114a,cc6c455419,114a81160d,Nickel,Nickel,0,0.6995740843275652
114a,cc6c,114a81160d,cc6c455419,Nickel,Nickel,0,0.7001303870119118
cc6c,7db9,cc6c455419,7db9fa3fdc,Nickel,Nickel,0,0.6621612684191139
7db9,cc6c,7db9fa3fdc,cc6c455419,Nickel,Nickel,0,0.6614186877539723
cc6c,bd89,cc6c455419,bd89ab2453,Nickel,Nickel,0,0.5593384536650043
bd89,cc6c,bd89ab2453,cc6c455419,Nickel,Nickel,0,0.558690434980474
cc6c,1f25,cc6c455419,1f2544214d,Nickel,Nickel,0,0.6712813775974148
1f25,cc6c,1f2544214d,cc6c455419,Nickel,Nickel,0,0.6713321234257371
cc6c,c208,cc6c455419,c2081b71be,Nickel,Nickel,0,0.6949470997675887
c208,cc6c,c2081b71be,cc6c455419,Nickel,Nickel,0,0.6946993472036882
cc6c,a404,cc6c455419,a404412c4e,Nickel,Nickel,0,0.5469848258561981
a404,cc6c,a404412c4e,cc6c455419,Nickel,Nickel,0,0.5476019119552545
cc6c,ff11,cc6c455419,ff11e3e39e,Nickel,Nickel,0,0.463532467061397
ff11,cc6c,ff11e3e39e,cc6c455419,Nickel,Nickel,0,0.46194114574137574
cc6c,88c2,cc6c455419,88c293654f,Nickel,Nickel,0,0.588889750871066
88c2,cc6c,88c293654f,cc6c455419,Nickel,Nickel,0,0.5890501316940299
cc6c,ae9b,cc6c455419,ae9b0acf0b,Nickel,Nickel,0,0.623807226421048
ae9b,cc6c,ae9b0acf0b,cc6c455419,Nickel,Nickel,0,0.6246654271381747
cc6c,a3b1,cc6c455419,a3b1085bea,Nickel,Nickel,0,0.6500587240002945
a3b1,cc6c,a3b1085bea,cc6c455419,Nickel,Nickel,0,0.6502937463122168
cc6c,f366,cc6c455419,f366f00cde,Nickel,Nickel,0,0.7233571009991739
f366,cc6c,f366f00cde,cc6c455419,Nickel,Nickel,0,0.723729084271563
cc6c,81bb,cc6c455419,81bb3cb084,Nickel,Nickel,0,0.42187535058389064
81bb,cc6c,81bb3cb084,cc6c455419,Nickel,Nickel,0,0.42198196293038
cc6c,326b,cc6c455419,326bd7053d,Nickel,Nickel,0,0.5186015253173408
326b,cc6c,326bd7053d,cc6c455419,Nickel,Nickel,0,0.576509133166081
cc6c,867e,cc6c455419,867e742682,Nickel,Nickel,0,0.7091209189754778
867e,cc6c,867e742682,cc6c455419,Nickel,Nickel,0,0.7091248426853568
cc6c,9c65,cc6c455419,9c6504e345,Nickel,Nickel,0,0.7299916699567615
9c65,cc6c,9c6504e345,cc6c455419,Nickel,Nickel,0,0.7299095584756207
cc6c,27c0,cc6c455419,27c03bf211,Nickel,Nickel,0,0.6617521669395527
27c0,cc6c,27c03bf211,cc6c455419,Nickel,Nickel,0,0.6620062724724914
cc6c,ef85,cc6c455419,ef85c2ef6b,Nickel,Nickel,0,0.5304095864887287
ef85,cc6c,ef85c2ef6b,cc6c455419,Nickel,Nickel,0,0.5295009136861691
cc6c,9b00,cc6c455419,9b00c4c264,Nickel,Nickel,0,0.48038802359838145
9b00,cc6c,9b00c4c264,cc6c455419,Nickel,Nickel,0,0.4801875611306652
cc6c,93f6,cc6c455419,93f6afc25d,Nickel,Nickel,0,0.5342190733543946
93f6,cc6c,93f6afc25d,cc6c455419,Nickel,Nickel,0,0.5482305518697761
cc6c,a54c,cc6c455419,a54ce43a84,Nickel,Nickel,0,0.7273913068800296
a54c,cc6c,a54ce43a84,cc6c455419,Nickel,Nickel,0,0.7264048643598593
cc6c,218a,cc6c455419,218ae10a65,Nickel,Nickel,0,0.5748179273247357
218a,cc6c,218ae10a65,cc6c455419,Nickel,Nickel,0,0.5749440530062752
cc6c,9645,cc6c455419,9645e12969,Nickel,Nickel,0,0.4497190296803939
9645,cc6c,9645e12969,cc6c455419,Nickel,Nickel,0,0.4499398697186382
cc6c,0db0,cc6c455419,0db08b7f9e,Nickel,Nickel,0,0.6135198364261996
0db0,cc6c,0db08b7f9e,cc6c455419,Nickel,Nickel,0,0.6138651114959668
cc6c,fc6e,cc6c455419,fc6e345a87,Nickel,Nickel,0,0.4353846741863578
fc6e,cc6c,fc6e345a87,cc6c455419,Nickel,Nickel,0,0.4356811650279669
cc6c,5187,cc6c455419,5187134316,Nickel,Nickel,0,0.7473514166983739
5187,cc6c,5187134316,cc6c455419,Nickel,Nickel,0,0.7472634798990886
cc6c,9fbb,cc6c455419,9fbbe4fcae,Nickel,Nickel,0,0.6324217675829137
9fbb,cc6c,9fbbe4fcae,cc6c455419,Nickel,Nickel,0,0.6318598354398719
cc6c,744a,cc6c455419,744a7e7690,Nickel,Nickel,0,0.6969283318504023
744a,cc6c,744a7e7690,cc6c455419,Nickel,Nickel,0,0.6950590967557678
cc6c,9f5c,cc6c455419,9f5cee2a11,Nickel,Nickel,0,0.7773553258531427
9f5c,cc6c,9f5cee2a11,cc6c455419,Nickel,Nickel,0,0.7778692192223051
cc6c,3443,cc6c455419,3443ea5ba5,Nickel,Nickel,0,0.5672076809170361
3443,cc6c,3443ea5ba5,cc6c455419,Nickel,Nickel,0,0.5675840330961823
cc6c,fa65,cc6c455419,fa6595462f,Nickel,Nickel,0,0.5241630160536042
fa65,cc6c,fa6595462f,cc6c455419,Nickel,Nickel,0,0.5245631102872284
cc6c,d469,cc6c455419,d469fc3f70,Nickel,Nickel,0,0.5275059446720388
d469,cc6c,d469fc3f70,cc6c455419,Nickel,Nickel,0,0.526854741987197
cc6c,0e45,cc6c455419,0e45ff7118,Nickel,Nickel,0,0.5336766261629006
0e45,cc6c,0e45ff7118,cc6c455419,Nickel,Nickel,0,0.5339067115462935
cc6c,a80b,cc6c455419,a80b46b6d1,Nickel,Nickel,0,0.6106328794362105
a80b,cc6c,a80b46b6d1,cc6c455419,Nickel,Nickel,0,0.6297659773820963
cc6c,1ed3,cc6c455419,1ed3442cfa,Nickel,Nickel,0,0.5534630872243087
1ed3,cc6c,1ed3442cfa,cc6c455419,Nickel,Nickel,0,0.553301892845211
cc6c,db48,cc6c455419,db4804f266,Nickel,Nickel,0,0.4670662445721885
db48,cc6c,db4804f266,cc6c455419,Nickel,Nickel,0,0.46700467682881214
cc6c,bf77,cc6c455419,bf77a5ca9b,Nickel,Nickel,0,0.5345394295367772
bf77,cc6c,bf77a5ca9b,cc6c455419,Nickel,Nickel,0,0.532640638691894
cc6c,1318,cc6c455419,13189e401d,Nickel,Nickel,0,0.7477354611886744
1318,cc6c,13189e401d,cc6c455419,Nickel,Nickel,0,0.747808554832013
cc6c,d507,cc6c455419,d5070cee0f,Nickel,Nickel,0,0.39584628859941123
d507,cc6c,d5070cee0f,cc6c455419,Nickel,Nickel,0,0.39450407561998263
cc6c,27c4,cc6c455419,27c44d34a4,Nickel,Nickel,0,0.46614778147226105
27c4,cc6c,27c44d34a4,cc6c455419,Nickel,Nickel,0,0.4660925963538409
cc6c,4e01,cc6c455419,4e0193ff9e,Nickel,Nickel,0,0.48126868309466964
4e01,cc6c,4e0193ff9e,cc6c455419,Nickel,Nickel,0,0.47982760994188667
cc6c,3c68,cc6c455419,3c6819beb9,Nickel,Nickel,0,0.631244279149017
3c68,cc6c,3c6819beb9,cc6c455419,Nickel,Nickel,0,0.6311386590766861
cc6c,3a2a,cc6c455419,3a2a75a851,Nickel,Nickel,0,0.6132138836357177
3a2a,cc6c,3a2a75a851,cc6c455419,Nickel,Nickel,0,0.613179722755172
cc6c,0d99,cc6c455419,0d991a198f,Nickel,Nickel,0,0.5901017489440267
0d99,cc6c,0d991a198f,cc6c455419,Nickel,Nickel,0,0.5900612496736501
3cad,5e80,3cadb33f2f,5e80774246,Nickel,Nickel,0,0.7418287793644843
5e80,3cad,5e80774246,3cadb33f2f,Nickel,Nickel,0,0.7416436205418462
3cad,2753,3cadb33f2f,275310424a,Nickel,Nickel,0,0.5953010979914265
2753,3cad,275310424a,3cadb33f2f,Nickel,Nickel,0,0.5953150793220068
3cad,b4f6,3cadb33f2f,b4f6763191,Nickel,Nickel,0,0.5878434964741379
b4f6,3cad,b4f6763191,3cadb33f2f,Nickel,Nickel,0,0.5880276997470888
3cad,797e,3cadb33f2f,797ececd4d,Nickel,Nickel,0,0.5447536677215428
797e,3cad,797ececd4d,3cadb33f2f,Nickel,Nickel,0,0.544667538431405
3cad,37d2,3cadb33f2f,37d21f987c,Nickel,Nickel,0,0.6654283495826403
37d2,3cad,37d21f987c,3cadb33f2f,Nickel,Nickel,0,0.6650407280553676
3cad,db9f,3cadb33f2f,db9f861795,Nickel,Nickel,0,0.4722679685732261
db9f,3cad,db9f861795,3cadb33f2f,Nickel,Nickel,0,0.47246941729071706
3cad,7471,3cadb33f2f,74711b8750,Nickel,Nickel,0,0.6261422277165668
7471,3cad,74711b8750,3cadb33f2f,Nickel,Nickel,0,0.6260907067392816
3cad,e139,3cadb33f2f,e139e26428,Nickel,Nickel,0,0.7052362679552775
e139,3cad,e139e26428,3cadb33f2f,Nickel,Nickel,0,0.7052362679552775
3cad,633f,3cadb33f2f,633fbb7de1,Nickel,Nickel,0,0.5940632476203234
633f,3cad,633fbb7de1,3cadb33f2f,Nickel,Nickel,0,0.594450947305128
3cad,0b78,3cadb33f2f,0b782c3069,Nickel,Nickel,0,0.46738669437443536
0b78,3cad,0b782c3069,3cadb33f2f,Nickel,Nickel,0,0.4663839891802638
3cad,7204,3cadb33f2f,7204a1feeb,Nickel,Nickel,0,0.6207483917749708
7204,3cad,7204a1feeb,3cadb33f2f,Nickel,Nickel,0,0.6209267092850499
3cad,ef4d,3cadb33f2f,ef4d4aee2a,Nickel,Nickel,0,0.584896796395629
ef4d,3cad,ef4d4aee2a,3cadb33f2f,Nickel,Nickel,0,0.5848967963956292
3cad,8c82,3cadb33f2f,8c82f237f9,Nickel,Nickel,0,0.44194762587801845
8c82,3cad,8c82f237f9,3cadb33f2f,Nickel,Nickel,0,0.44145063638651366
3cad,d645,3cadb33f2f,d64504718a,Nickel,Nickel,0,0.6339809269724174
d645,3cad,d64504718a,3cadb33f2f,Nickel,Nickel,0,0.6339155014856411
3cad,6e46,3cadb33f2f,6e46d2b898,Nickel,Nickel,0,0.4731756972634828
6e46,3cad,6e46d2b898,3cadb33f2f,Nickel,Nickel,0,0.47337084399750945
3cad,8eda,3cadb33f2f,8edaa51105,Nickel,Nickel,0,0.8222949996624312
8eda,3cad,8edaa51105,3cadb33f2f,Nickel,Nickel,0,0.8223364297842822
3cad,1be7,3cadb33f2f,1be78463d7,Nickel,Nickel,0,0.46923071293975993
1be7,3cad,1be78463d7,3cadb33f2f,Nickel,Nickel,0,0.46923071293976
3cad,8197,3cadb33f2f,8197f401c9,Nickel,Nickel,0,0.5183971109231856
8197,3cad,8197f401c9,3cadb33f2f,Nickel,Nickel,0,0.47985588245751876
3cad,803e,3cadb33f2f,803e2e304c,Nickel,Nickel,0,0.6080795053131316
803e,3cad,803e2e304c,3cadb33f2f,Nickel,Nickel,0,0.6079590862298038
3cad,07ff,3cadb33f2f,07ffa2d44f,Nickel,Nickel,0,0.6531899482247545
07ff,3cad,07ffa2d44f,3cadb33f2f,Nickel,Nickel,0,0.6528086323225947
3cad,114a,3cadb33f2f,114a81160d,Nickel,Nickel,0,0.4919234553859026
114a,3cad,114a81160d,3cadb33f2f,Nickel,Nickel,0,0.5724705313703387
3cad,7db9,3cadb33f2f,7db9fa3fdc,Nickel,Nickel,0,0.5422299688678857
7db9,3cad,7db9fa3fdc,3cadb33f2f,Nickel,Nickel,0,0.5421908044212479
3cad,bd89,3cadb33f2f,bd89ab2453,Nickel,Nickel,0,0.6966885208396745
bd89,3cad,bd89ab2453,3cadb33f2f,Nickel,Nickel,0,0.6962870402347217
3cad,1f25,3cadb33f2f,1f2544214d,Nickel,Nickel,0,0.5682417331047496
1f25,3cad,1f2544214d,3cadb33f2f,Nickel,Nickel,0,0.5673611355277264
3cad,c208,3cadb33f2f,c2081b71be,Nickel,Nickel,0,0.5569012126633658
c208,3cad,c2081b71be,3cadb33f2f,Nickel,Nickel,0,0.556861891088984
3cad,a404,3cadb33f2f,a404412c4e,Nickel,Nickel,0,0.6274883057760939
a404,3cad,a404412c4e,3cadb33f2f,Nickel,Nickel,0,0.6274883057760939
3cad,ff11,3cadb33f2f,ff11e3e39e,Nickel,Nickel,0,0.5611386968377663
ff11,3cad,ff11e3e39e,3cadb33f2f,Nickel,Nickel,0,0.5610002072336936
3cad,88c2,3cadb33f2f,88c293654f,Nickel,Nickel,0,0.7771914616804924
88c2,3cad,88c293654f,3cadb33f2f,Nickel,Nickel,0,0.7771107468179292
3cad,ae9b,3cadb33f2f,ae9b0acf0b,Nickel,Nickel,0,0.4997979571160328
ae9b,3cad,ae9b0acf0b,3cadb33f2f,Nickel,Nickel,0,0.49979795711603286
3cad,a3b1,3cadb33f2f,a3b1085bea,Nickel,Nickel,0,0.6393540582921707
a3b1,3cad,a3b1085bea,3cadb33f2f,Nickel,Nickel,0,0.6392537877041513
3cad,f366,3cadb33f2f,f366f00cde,Nickel,Nickel,0,0.4445348796461106
f366,3cad,f366f00cde,3cadb33f2f,Nickel,Nickel,0,0.44461300687659777
3cad,81bb,3cadb33f2f,81bb3cb084,Nickel,Nickel,0,0.5883595701616445
81bb,3cad,81bb3cb084,3cadb33f2f,Nickel,Nickel,0,0.5883595701616443
3cad,326b,3cadb33f2f,326bd7053d,Nickel,Nickel,0,0.7178091803849387
326b,3cad,326bd7053d,3cadb33f2f,Nickel,Nickel,0,0.7172168706566096
3cad,867e,3cadb33f2f,867e742682,Nickel,Nickel,0,0.45852154894346714
867e,3cad,867e742682,3cadb33f2f,Nickel,Nickel,0,0.45903583052235064
3cad,9c65,3cadb33f2f,9c6504e345,Nickel,Nickel,0,0.49899896165008145
9c65,3cad,9c6504e345,3cadb33f2f,Nickel,Nickel,0,0.49802089000636834
3cad,27c0,3cadb33f2f,27c03bf211,Nickel,Nickel,0,0.6973141009037581
27c0,3cad,27c03bf211,3cadb33f2f,Nickel,Nickel,0,0.6976476877545275
3cad,ef85,3cadb33f2f,ef85c2ef6b,Nickel,Nickel,0,0.5427989666639342
ef85,3cad,ef85c2ef6b,3cadb33f2f,Nickel,Nickel,0,0.5429308177116011
3cad,9b00,3cadb33f2f,9b00c4c264,Nickel,Nickel,0,0.8125792983975628
9b00,3cad,9b00c4c264,3cadb33f2f,Nickel,Nickel,0,0.8124297444363846
3cad,93f6,3cadb33f2f,93f6afc25d,Nickel,Nickel,0,0.5837787582691847
93f6,3cad,93f6afc25d,3cadb33f2f,Nickel,Nickel,0,0.5834289931575618
3cad,a54c,3cadb33f2f,a54ce43a84,Nickel,Nickel,0,0.5373705075786753
a54c,3cad,a54ce43a84,3cadb33f2f,Nickel,Nickel,0,0.5376357294652482
3cad,218a,3cadb33f2f,218ae10a65,Nickel,Nickel,0,0.6266677461202851
218a,3cad,218ae10a65,3cadb33f2f,Nickel,Nickel,0,0.48552276468686634
3cad,9645,3cadb33f2f,9645e12969,Nickel,Nickel,0,0.521654690859868
9645,3cad,9645e12969,3cadb33f2f,Nickel,Nickel,0,0.5211946480227065
3cad,0db0,3cadb33f2f,0db08b7f9e,Nickel,Nickel,0,0.6727821776731602
0db0,3cad,0db08b7f9e,3cadb33f2f,Nickel,Nickel,0,0.672976897471362
3cad,fc6e,3cadb33f2f,fc6e345a87,Nickel,Nickel,0,0.456276149258395
fc6e,3cad,fc6e345a87,3cadb33f2f,Nickel,Nickel,0,0.4565681349680855
3cad,5187,3cadb33f2f,5187134316,Nickel,Nickel,0,0.6522050322997767
5187,3cad,5187134316,3cadb33f2f,Nickel,Nickel,0,0.6521748780551812
3cad,9fbb,3cadb33f2f,9fbbe4fcae,Nickel,Nickel,0,0.6450394118466256
9fbb,3cad,9fbbe4fcae,3cadb33f2f,Nickel,Nickel,0,0.644899277487109
3cad,744a,3cadb33f2f,744a7e7690,Nickel,Nickel,0,0.5749633306064373
744a,3cad,744a7e7690,3cadb33f2f,Nickel,Nickel,0,0.5749352077419753
3cad,9f5c,3cadb33f2f,9f5cee2a11,Nickel,Nickel,0,0.5897504527509584
9f5c,3cad,9f5cee2a11,3cadb33f2f,Nickel,Nickel,0,0.5896237572123338
3cad,3443,3cadb33f2f,3443ea5ba5,Nickel,Nickel,0,0.557270330879571
3443,3cad,3443ea5ba5,3cadb33f2f,Nickel,Nickel,0,0.5559698207078343
3cad,fa65,3cadb33f2f,fa6595462f,Nickel,Nickel,0,0.5612842611308095
fa65,3cad,fa6595462f,3cadb33f2f,Nickel,Nickel,0,0.5611118148657617
3cad,d469,3cadb33f2f,d469fc3f70,Nickel,Nickel,0,0.6295397638822964
d469,3cad,d469fc3f70,3cadb33f2f,Nickel,Nickel,0,0.6295397638822964
3cad,0e45,3cadb33f2f,0e45ff7118,Nickel,Nickel,0,0.5416116801846
0e45,3cad,0e45ff7118,3cadb33f2f,Nickel,Nickel,0,0.5419004314715663
3cad,a80b,3cadb33f2f,a80b46b6d1,Nickel,Nickel,0,0.625113420560693
a80b,3cad,a80b46b6d1,3cadb33f2f,Nickel,Nickel,0,0.6247131775968131
3cad,1ed3,3cadb33f2f,1ed3442cfa,Nickel,Nickel,0,0.5083028464671236
1ed3,3cad,1ed3442cfa,3cadb33f2f,Nickel,Nickel,0,0.5084366874224626
3cad,db48,3cadb33f2f,db4804f266,Nickel,Nickel,0,0.614249255555762
db48,3cad,db4804f266,3cadb33f2f,Nickel,Nickel,0,0.6139182450899496
3cad,bf77,3cadb33f2f,bf77a5ca9b,Nickel,Nickel,0,0.5909289038664339
bf77,3cad,bf77a5ca9b,3cadb33f2f,Nickel,Nickel,0,0.58989578678378
3cad,1318,3cadb33f2f,13189e401d,Nickel,Nickel,0,0.4710296022744627
1318,3cad,13189e401d,3cadb33f2f,Nickel,Nickel,0,0.46884797270799405
3cad,d507,3cadb33f2f,d5070cee0f,Nickel,Nickel,0,0.5476018106520929
d507,3cad,d5070cee0f,3cadb33f2f,Nickel,Nickel,0,0.546606506786826
3cad,27c4,3cadb33f2f,27c44d34a4,Nickel,Nickel,0,0.5877515634125132
27c4,3cad,27c44d34a4,3cadb33f2f,Nickel,Nickel,0,0.5878744190484887
3cad,4e01,3cadb33f2f,4e0193ff9e,Nickel,Nickel,0,0.5250829332620536
4e01,3cad,4e0193ff9e,3cadb33f2f,Nickel,Nickel,0,0.5253882702542496
3cad,3c68,3cadb33f2f,3c6819beb9,Nickel,Nickel,0,0.5819241983051389
3c68,3cad,3c6819beb9,3cadb33f2f,Nickel,Nickel,0,0.5818589488146308
3cad,3a2a,3cadb33f2f,3a2a75a851,Nickel,Nickel,0,0.7073525423724883
3a2a,3cad,3a2a75a851,3cadb33f2f,Nickel,Nickel,0,0.7073525423724883
3cad,0d99,3cadb33f2f,0d991a198f,Nickel,Nickel,0,0.6110119450123778
0d99,3cad,0d991a198f,3cadb33f2f,Nickel,Nickel,0,0.6097823523117785
5e80,2753,5e80774246,275310424a,Nickel,Nickel,0,0.7438866493648676
2753,5e80,275310424a,5e80774246,Nickel,Nickel,0,0.7437066276306212
5e80,b4f6,5e80774246,b4f6763191,Nickel,Nickel,0,0.5522061127038145
b4f6,5e80,b4f6763191,5e80774246,Nickel,Nickel,0,0.5481364454714497
5e80,797e,5e80774246,797ececd4d,Nickel,Nickel,0,0.6341714584819355
797e,5e80,797ececd4d,5e80774246,Nickel,Nickel,0,0.6341831864279208
5e80,37d2,5e80774246,37d21f987c,Nickel,Nickel,0,0.42358450862423797
37d2,5e80,37d21f987c,5e80774246,Nickel,Nickel,0,0.4230007946011971
5e80,db9f,5e80774246,db9f861795,Nickel,Nickel,0,0.5449638325456229
db9f,5e80,db9f861795,5e80774246,Nickel,Nickel,0,0.5439509116310889
5e80,7471,5e80774246,74711b8750,Nickel,Nickel,0,0.4608790853391192
7471,5e80,74711b8750,5e80774246,Nickel,Nickel,0,0.4604096508042037
5e80,e139,5e80774246,e139e26428,Nickel,Nickel,0,0.4354718128232534
e139,5e80,e139e26428,5e80774246,Nickel,Nickel,0,0.4357673824005329
5e80,633f,5e80774246,633fbb7de1,Nickel,Nickel,0,0.48067111312686045
633f,5e80,633fbb7de1,5e80774246,Nickel,Nickel,0,0.4808719692466317
5e80,0b78,5e80774246,0b782c3069,Nickel,Nickel,0,0.6170455953389498
0b78,5e80,0b782c3069,5e80774246,Nickel,Nickel,0,0.6180892729383608
5e80,7204,5e80774246,7204a1feeb,Nickel,Nickel,0,0.4985083122374128
7204,5e80,7204a1feeb,5e80774246,Nickel,Nickel,0,0.49906170967750985
5e80,ef4d,5e80774246,ef4d4aee2a,Nickel,Nickel,0,0.4015604858253736
ef4d,5e80,ef4d4aee2a,5e80774246,Nickel,Nickel,0,0.40150683115469316
5e80,8c82,5e80774246,8c82f237f9,Nickel,Nickel,0,0.471925064435657
8c82,5e80,8c82f237f9,5e80774246,Nickel,Nickel,0,0.42195776251996675
5e80,d645,5e80774246,d64504718a,Nickel,Nickel,0,0.5605795239861976
d645,5e80,d64504718a,5e80774246,Nickel,Nickel,0,0.559559819994325
5e80,6e46,5e80774246,6e46d2b898,Nickel,Nickel,0,0.6137614065667026
6e46,5e80,6e46d2b898,5e80774246,Nickel,Nickel,0,0.6140107190126293
5e80,8eda,5e80774246,8edaa51105,Nickel,Nickel,0,0.5108452610943044
8eda,5e80,8edaa51105,5e80774246,Nickel,Nickel,0,0.5123827605392273
5e80,1be7,5e80774246,1be78463d7,Nickel,Nickel,0,0.512860548826546
1be7,5e80,1be78463d7,5e80774246,Nickel,Nickel,0,0.5128579632564877
5e80,8197,5e80774246,8197f401c9,Nickel,Nickel,0,0.48515112642722447
8197,5e80,8197f401c9,5e80774246,Nickel,Nickel,0,0.48552262825439274
5e80,803e,5e80774246,803e2e304c,Nickel,Nickel,0,0.5124754134546273
803e,5e80,803e2e304c,5e80774246,Nickel,Nickel,0,0.5123937050568793
5e80,07ff,5e80774246,07ffa2d44f,Nickel,Nickel,0,0.67659718045615
07ff,5e80,07ffa2d44f,5e80774246,Nickel,Nickel,0,0.6707401312143728
5e80,114a,5e80774246,114a81160d,Nickel,Nickel,0,0.563788653256521
114a,5e80,114a81160d,5e80774246,Nickel,Nickel,0,0.564701580154674
5e80,7db9,5e80774246,7db9fa3fdc,Nickel,Nickel,0,0.6956136062165579
7db9,5e80,7db9fa3fdc,5e80774246,Nickel,Nickel,0,0.6236282361587825
5e80,bd89,5e80774246,bd89ab2453,Nickel,Nickel,0,0.7212219998715931
bd89,5e80,bd89ab2453,5e80774246,Nickel,Nickel,0,0.7208247848280238
5e80,1f25,5e80774246,1f2544214d,Nickel,Nickel,0,0.4021407032438339
1f25,5e80,1f2544214d,5e80774246,Nickel,Nickel,0,0.4019062444774399
5e80,c208,5e80774246,c2081b71be,Nickel,Nickel,0,0.5163380220303464
c208,5e80,c2081b71be,5e80774246,Nickel,Nickel,0,0.515886898431605
5e80,a404,5e80774246,a404412c4e,Nickel,Nickel,0,0.7055384946706453
a404,5e80,a404412c4e,5e80774246,Nickel,Nickel,0,0.705468843901885
5e80,ff11,5e80774246,ff11e3e39e,Nickel,Nickel,0,0.5305590485649959
ff11,5e80,ff11e3e39e,5e80774246,Nickel,Nickel,0,0.5306323397260571
5e80,88c2,5e80774246,88c293654f,Nickel,Nickel,0,0.5939322305036102
88c2,5e80,88c293654f,5e80774246,Nickel,Nickel,0,0.594282318724534
5e80,ae9b,5e80774246,ae9b0acf0b,Nickel,Nickel,0,0.5678039585769687
ae9b,5e80,ae9b0acf0b,5e80774246,Nickel,Nickel,0,0.5680518791094222
5e80,a3b1,5e80774246,a3b1085bea,Nickel,Nickel,0,0.6356527606492803
a3b1,5e80,a3b1085bea,5e80774246,Nickel,Nickel,0,0.636123630523616
5e80,f366,5e80774246,f366f00cde,Nickel,Nickel,0,0.5200631021401522
f366,5e80,f366f00cde,5e80774246,Nickel,Nickel,0,0.5203865720131144
5e80,81bb,5e80774246,81bb3cb084,Nickel,Nickel,0,0.44031254798241043
81bb,5e80,81bb3cb084,5e80774246,Nickel,Nickel,0,0.44031886465934567
5e80,326b,5e80774246,326bd7053d,Nickel,Nickel,0,0.5298596503499655
326b,5e80,326bd7053d,5e80774246,Nickel,Nickel,0,0.5286922580368332
5e80,867e,5e80774246,867e742682,Nickel,Nickel,0,0.5996391038397466
867e,5e80,867e742682,5e80774246,Nickel,Nickel,0,0.5774810516007362
5e80,9c65,5e80774246,9c6504e345,Nickel,Nickel,0,0.6299950922274726
9c65,5e80,9c6504e345,5e80774246,Nickel,Nickel,0,0.630030049361591
5e80,27c0,5e80774246,27c03bf211,Nickel,Nickel,0,0.4724603744821982
27c0,5e80,27c03bf211,5e80774246,Nickel,Nickel,0,0.47246705236330616
5e80,ef85,5e80774246,ef85c2ef6b,Nickel,Nickel,0,0.5021276123385094
ef85,5e80,ef85c2ef6b,5e80774246,Nickel,Nickel,0,0.5011274330137535
5e80,9b00,5e80774246,9b00c4c264,Nickel,Nickel,0,0.4272432545758098
9b00,5e80,9b00c4c264,5e80774246,Nickel,Nickel,0,0.427332586496353
5e80,93f6,5e80774246,93f6afc25d,Nickel,Nickel,0,0.6532890717327521
93f6,5e80,93f6afc25d,5e80774246,Nickel,Nickel,0,0.653289071732752
5e80,a54c,5e80774246,a54ce43a84,Nickel,Nickel,0,0.6197646271075963
a54c,5e80,a54ce43a84,5e80774246,Nickel,Nickel,0,0.6192379355307538
5e80,218a,5e80774246,218ae10a65,Nickel,Nickel,0,0.47113686246884073
218a,5e80,218ae10a65,5e80774246,Nickel,Nickel,0,0.4712950047414778
5e80,9645,5e80774246,9645e12969,Nickel,Nickel,0,0.4084510317558425
9645,5e80,9645e12969,5e80774246,Nickel,Nickel,0,0.4095297515712293
5e80,0db0,5e80774246,0db08b7f9e,Nickel,Nickel,0,0.5898607633603768
0db0,5e80,0db08b7f9e,5e80774246,Nickel,Nickel,0,0.5905394841691216
5e80,fc6e,5e80774246,fc6e345a87,Nickel,Nickel,0,0.4631685654730612
fc6e,5e80,fc6e345a87,5e80774246,Nickel,Nickel,0,0.4631527262706096
5e80,5187,5e80774246,5187134316,Nickel,Nickel,0,0.5548660006842971
5187,5e80,5187134316,5e80774246,Nickel,Nickel,0,0.5699096643710784
5e80,9fbb,5e80774246,9fbbe4fcae,Nickel,Nickel,0,0.4570670178451106
9fbb,5e80,9fbbe4fcae,5e80774246,Nickel,Nickel,0,0.5626047460345527
5e80,744a,5e80774246,744a7e7690,Nickel,Nickel,0,0.5339842240123276
744a,5e80,744a7e7690,5e80774246,Nickel,Nickel,0,0.5343064014894038
5e80,9f5c,5e80774246,9f5cee2a11,Nickel,Nickel,0,0.5315477958858772
9f5c,5e80,9f5cee2a11,5e80774246,Nickel,Nickel,0,0.5315652646650392
5e80,3443,5e80774246,3443ea5ba5,Nickel,Nickel,0,0.4825180019533691
3443,5e80,3443ea5ba5,5e80774246,Nickel,Nickel,0,0.4698454720563828
5e80,fa65,5e80774246,fa6595462f,Nickel,Nickel,0,0.5734461607303194
fa65,5e80,fa6595462f,5e80774246,Nickel,Nickel,0,0.5732658654491621
5e80,d469,5e80774246,d469fc3f70,Nickel,Nickel,0,0.5083150612917651
d469,5e80,d469fc3f70,5e80774246,Nickel,Nickel,0,0.507574310575833
5e80,0e45,5e80774246,0e45ff7118,Nickel,Nickel,0,0.577022619172526
0e45,5e80,0e45ff7118,5e80774246,Nickel,Nickel,0,0.5773119124283765
5e80,a80b,5e80774246,a80b46b6d1,Nickel,Nickel,0,0.49439871132769864
a80b,5e80,a80b46b6d1,5e80774246,Nickel,Nickel,0,0.4949494167024852
5e80,1ed3,5e80774246,1ed3442cfa,Nickel,Nickel,0,0.47260563691931884
1ed3,5e80,1ed3442cfa,5e80774246,Nickel,Nickel,0,0.47252091433344023
5e80,db48,5e80774246,db4804f266,Nickel,Nickel,0,0.5421658744544708
db48,5e80,db4804f266,5e80774246,Nickel,Nickel,0,0.5429010247713909
5e80,bf77,5e80774246,bf77a5ca9b,Nickel,Nickel,0,0.43031934873587957
bf77,5e80,bf77a5ca9b,5e80774246,Nickel,Nickel,0,0.43006343702269567
5e80,1318,5e80774246,13189e401d,Nickel,Nickel,0,0.5285151889191481
1318,5e80,13189e401d,5e80774246,Nickel,Nickel,0,0.528507479406487
5e80,d507,5e80774246,d5070cee0f,Nickel,Nickel,0,0.6207623422293809
d507,5e80,d5070cee0f,5e80774246,Nickel,Nickel,0,0.6211666055022274
5e80,27c4,5e80774246,27c44d34a4,Nickel,Nickel,0,0.48964019047653135
27c4,5e80,27c44d34a4,5e80774246,Nickel,Nickel,0,0.48943624974331335
5e80,4e01,5e80774246,4e0193ff9e,Nickel,Nickel,0,0.4041296358504639
4e01,5e80,4e0193ff9e,5e80774246,Nickel,Nickel,0,0.40422924141958133
5e80,3c68,5e80774246,3c6819beb9,Nickel,Nickel,0,0.608802554498554
3c68,5e80,3c6819beb9,5e80774246,Nickel,Nickel,0,0.608485701609155
5e80,3a2a,5e80774246,3a2a75a851,Nickel,Nickel,0,0.4600090734414128
3a2a,5e80,3a2a75a851,5e80774246,Nickel,Nickel,0,0.4599417412057806
5e80,0d99,5e80774246,0d991a198f,Nickel,Nickel,0,0.47203593327713494
0d99,5e80,0d991a198f,5e80774246,Nickel,Nickel,0,0.47158952799433507
2753,b4f6,275310424a,b4f6763191,Nickel,Nickel,0,0.6810401446532515
b4f6,2753,b4f6763191,275310424a,Nickel,Nickel,0,0.6814123059450226
2753,797e,275310424a,797ececd4d,Nickel,Nickel,0,0.6468175107128972
797e,2753,797ececd4d,275310424a,Nickel,Nickel,0,0.6470853388361247
2753,37d2,275310424a,37d21f987c,Nickel,Nickel,0,0.5808068696421006
37d2,2753,37d21f987c,275310424a,Nickel,Nickel,0,0.5807181500249434
2753,db9f,275310424a,db9f861795,Nickel,Nickel,0,0.5897426193679955
db9f,2753,db9f861795,275310424a,Nickel,Nickel,0,0.5901558491796178
2753,7471,275310424a,74711b8750,Nickel,Nickel,0,0.5221891314418232
7471,2753,74711b8750,275310424a,Nickel,Nickel,0,0.5425836877998277
2753,e139,275310424a,e139e26428,Nickel,Nickel,0,0.6839029474054004
e139,2753,e139e26428,275310424a,Nickel,Nickel,0,0.683717551066068
2753,633f,275310424a,633fbb7de1,Nickel,Nickel,0,0.6312952669527128
633f,2753,633fbb7de1,275310424a,Nickel,Nickel,0,0.631260831164215
2753,0b78,275310424a,0b782c3069,Nickel,Nickel,0,0.4852829976752977
0b78,2753,0b782c3069,275310424a,Nickel,Nickel,0,0.4852829976752977
2753,7204,275310424a,7204a1feeb,Nickel,Nickel,0,0.5713270554213875
7204,2753,7204a1feeb,275310424a,Nickel,Nickel,0,0.5714458296752198
2753,ef4d,275310424a,ef4d4aee2a,Nickel,Nickel,0,0.6869979641057349
ef4d,2753,ef4d4aee2a,275310424a,Nickel,Nickel,0,0.6864856225481081
2753,8c82,275310424a,8c82f237f9,Nickel,Nickel,0,0.49649821527084936
8c82,2753,8c82f237f9,275310424a,Nickel,Nickel,0,0.49840223645215126
2753,d645,275310424a,d64504718a,Nickel,Nickel,0,0.5783333270914978
d645,2753,d64504718a,275310424a,Nickel,Nickel,0,0.6283340916227145
2753,6e46,275310424a,6e46d2b898,Nickel,Nickel,0,0.6540961762298179
6e46,2753,6e46d2b898,275310424a,Nickel,Nickel,0,0.6540536569123984
2753,8eda,275310424a,8edaa51105,Nickel,Nickel,0,0.6210880492339131
8eda,2753,8edaa51105,275310424a,Nickel,Nickel,0,0.6196895581332758
2753,1be7,275310424a,1be78463d7,Nickel,Nickel,0,0.554587763163537
1be7,2753,1be78463d7,275310424a,Nickel,Nickel,0,0.5547835334765064
2753,8197,275310424a,8197f401c9,Nickel,Nickel,0,0.43676108554105675
8197,2753,8197f401c9,275310424a,Nickel,Nickel,0,0.43849270531845613
2753,803e,275310424a,803e2e304c,Nickel,Nickel,0,0.4984033062923839
803e,2753,803e2e304c,275310424a,Nickel,Nickel,0,0.5014103946013593
2753,07ff,275310424a,07ffa2d44f,Nickel,Nickel,0,0.5479381671209981
07ff,2753,07ffa2d44f,275310424a,Nickel,Nickel,0,0.5485960134216467
2753,114a,275310424a,114a81160d,Nickel,Nickel,0,0.5117752012276213
114a,2753,114a81160d,275310424a,Nickel,Nickel,0,0.5118849774080116
2753,7db9,275310424a,7db9fa3fdc,Nickel,Nickel,0,0.5609606071664234
7db9,2753,7db9fa3fdc,275310424a,Nickel,Nickel,0,0.5609349519318886
2753,bd89,275310424a,bd89ab2453,Nickel,Nickel,0,0.6258320115930578
bd89,2753,bd89ab2453,275310424a,Nickel,Nickel,0,0.6236505276243257
2753,1f25,275310424a,1f2544214d,Nickel,Nickel,0,0.5627225548952607
1f25,2753,1f2544214d,275310424a,Nickel,Nickel,0,0.5626612665420914
2753,c208,275310424a,c2081b71be,Nickel,Nickel,0,0.6337230446716305
c208,2753,c2081b71be,275310424a,Nickel,Nickel,0,0.633871676544298
2753,a404,275310424a,a404412c4e,Nickel,Nickel,0,0.6240236050444763
a404,2753,a404412c4e,275310424a,Nickel,Nickel,0,0.6270668249943709
2753,ff11,275310424a,ff11e3e39e,Nickel,Nickel,0,0.5499533179466146
ff11,2753,ff11e3e39e,275310424a,Nickel,Nickel,0,0.5497553367984235
2753,88c2,275310424a,88c293654f,Nickel,Nickel,0,0.551475096441258
88c2,2753,88c293654f,275310424a,Nickel,Nickel,0,0.5514920782968525
2753,ae9b,275310424a,ae9b0acf0b,Nickel,Nickel,0,0.48640551397057435
ae9b,2753,ae9b0acf0b,275310424a,Nickel,Nickel,0,0.4863080767655266
2753,a3b1,275310424a,a3b1085bea,Nickel,Nickel,0,0.7034762586765911
a3b1,2753,a3b1085bea,275310424a,Nickel,Nickel,0,0.7034870949098451
2753,f366,275310424a,f366f00cde,Nickel,Nickel,0,0.6096026994781045
f366,2753,f366f00cde,275310424a,Nickel,Nickel,0,0.609273620073746
2753,81bb,275310424a,81bb3cb084,Nickel,Nickel,0,0.49999324827139924
81bb,2753,81bb3cb084,275310424a,Nickel,Nickel,0,0.5000899820353709
2753,326b,275310424a,326bd7053d,Nickel,Nickel,0,0.4882923111424297
326b,2753,326bd7053d,275310424a,Nickel,Nickel,0,0.4879661523324573
2753,867e,275310424a,867e742682,Nickel,Nickel,0,0.4756915485488533
867e,2753,867e742682,275310424a,Nickel,Nickel,0,0.47433147756400973
2753,9c65,275310424a,9c6504e345,Nickel,Nickel,0,0.5526769287722718
9c65,2753,9c6504e345,275310424a,Nickel,Nickel,0,0.5528596545848524
2753,27c0,275310424a,27c03bf211,Nickel,Nickel,0,0.7352865994978175
27c0,2753,27c03bf211,275310424a,Nickel,Nickel,0,0.7347206135860365
2753,ef85,275310424a,ef85c2ef6b,Nickel,Nickel,0,0.8575751134458155
ef85,2753,ef85c2ef6b,275310424a,Nickel,Nickel,0,0.85756721467127
2753,9b00,275310424a,9b00c4c264,Nickel,Nickel,0,0.5030372108581769
9b00,2753,9b00c4c264,275310424a,Nickel,Nickel,0,0.5015559780753672
2753,93f6,275310424a,93f6afc25d,Nickel,Nickel,0,0.5629935695013557
93f6,2753,93f6afc25d,275310424a,Nickel,Nickel,0,0.5630756178738349
2753,a54c,275310424a,a54ce43a84,Nickel,Nickel,0,0.6567885376762055
a54c,2753,a54ce43a84,275310424a,Nickel,Nickel,0,0.6567335468138683
2753,218a,275310424a,218ae10a65,Nickel,Nickel,0,0.742976108171121
218a,2753,218ae10a65,275310424a,Nickel,Nickel,0,0.7427851695586032
2753,9645,275310424a,9645e12969,Nickel,Nickel,0,0.6057479428136067
9645,2753,9645e12969,275310424a,Nickel,Nickel,0,0.6057479428136069
2753,0db0,275310424a,0db08b7f9e,Nickel,Nickel,0,0.6477658826935798
0db0,2753,0db08b7f9e,275310424a,Nickel,Nickel,0,0.6476300077696754
2753,fc6e,275310424a,fc6e345a87,Nickel,Nickel,0,0.42138354182022786
fc6e,2753,fc6e345a87,275310424a,Nickel,Nickel,0,0.4212835836889244
2753,5187,275310424a,5187134316,Nickel,Nickel,0,0.7083539118019816
5187,2753,5187134316,275310424a,Nickel,Nickel,0,0.7118347784164348
2753,9fbb,275310424a,9fbbe4fcae,Nickel,Nickel,0,0.6219613465545428
9fbb,2753,9fbbe4fcae,275310424a,Nickel,Nickel,0,0.6220391218310974
2753,744a,275310424a,744a7e7690,Nickel,Nickel,0,0.5431512626763171
744a,2753,744a7e7690,275310424a,Nickel,Nickel,0,0.5432332230324107
2753,9f5c,275310424a,9f5cee2a11,Nickel,Nickel,0,0.7014311211343641
9f5c,2753,9f5cee2a11,275310424a,Nickel,Nickel,0,0.7016183080744862
2753,3443,275310424a,3443ea5ba5,Nickel,Nickel,0,0.6090182158444631
3443,2753,3443ea5ba5,275310424a,Nickel,Nickel,0,0.6132923332727976
2753,fa65,275310424a,fa6595462f,Nickel,Nickel,0,0.6515361245071504
fa65,2753,fa6595462f,275310424a,Nickel,Nickel,0,0.651610464353989
2753,d469,275310424a,d469fc3f70,Nickel,Nickel,0,0.6026799790005476
d469,2753,d469fc3f70,275310424a,Nickel,Nickel,0,0.602867943879887
2753,0e45,275310424a,0e45ff7118,Nickel,Nickel,0,0.4870007783781895
0e45,2753,0e45ff7118,275310424a,Nickel,Nickel,0,0.4870159089799929
2753,a80b,275310424a,a80b46b6d1,Nickel,Nickel,0,0.6065274390221017
a80b,2753,a80b46b6d1,275310424a,Nickel,Nickel,0,0.6068284211924813
2753,1ed3,275310424a,1ed3442cfa,Nickel,Nickel,0,0.5455674189631432
1ed3,2753,1ed3442cfa,275310424a,Nickel,Nickel,0,0.546290325140165
2753,db48,275310424a,db4804f266,Nickel,Nickel,0,0.6108849025492058
db48,2753,db4804f266,275310424a,Nickel,Nickel,0,0.6140324634404373
2753,bf77,275310424a,bf77a5ca9b,Nickel,Nickel,0,0.6007645001707493
bf77,2753,bf77a5ca9b,275310424a,Nickel,Nickel,0,0.6000704157522851
2753,1318,275310424a,13189e401d,Nickel,Nickel,0,0.7133715512365051
1318,2753,13189e401d,275310424a,Nickel,Nickel,0,0.7127743286761452
2753,d507,275310424a,d5070cee0f,Nickel,Nickel,0,0.6545296887003405
d507,2753,d5070cee0f,275310424a,Nickel,Nickel,0,0.6544961515892134
2753,27c4,275310424a,27c44d34a4,Nickel,Nickel,0,0.5490235802228977
27c4,2753,27c44d34a4,275310424a,Nickel,Nickel,0,0.5469491308884951
2753,4e01,275310424a,4e0193ff9e,Nickel,Nickel,0,0.46659644732090216
4e01,2753,4e0193ff9e,275310424a,Nickel,Nickel,0,0.4668889452360705
2753,3c68,275310424a,3c6819beb9,Nickel,Nickel,0,0.6214211806353873
3c68,2753,3c6819beb9,275310424a,Nickel,Nickel,0,0.6217560523567164
2753,3a2a,275310424a,3a2a75a851,Nickel,Nickel,0,0.5133214528719615
3a2a,2753,3a2a75a851,275310424a,Nickel,Nickel,0,0.5185428499725877
2753,0d99,275310424a,0d991a198f,Nickel,Nickel,0,0.5320636552541217
0d99,2753,0d991a198f,275310424a,Nickel,Nickel,0,0.5320309561851971
b4f6,797e,b4f6763191,797ececd4d,Nickel,Nickel,0,0.6741631399205195
797e,b4f6,797ececd4d,b4f6763191,Nickel,Nickel,0,0.6743213593906646
b4f6,37d2,b4f6763191,37d21f987c,Nickel,Nickel,0,0.5360231858480387
37d2,b4f6,37d21f987c,b4f6763191,Nickel,Nickel,0,0.5367549123608649
b4f6,db9f,b4f6763191,db9f861795,Nickel,Nickel,0,0.5328121800841297
db9f,b4f6,db9f861795,b4f6763191,Nickel,Nickel,0,0.5327238463722646
b4f6,7471,b4f6763191,74711b8750,Nickel,Nickel,0,0.567698001843582
7471,b4f6,74711b8750,b4f6763191,Nickel,Nickel,0,0.5676980018435821
b4f6,e139,b4f6763191,e139e26428,Nickel,Nickel,0,0.7016649052911925
e139,b4f6,e139e26428,b4f6763191,Nickel,Nickel,0,0.7018066266660055
b4f6,633f,b4f6763191,633fbb7de1,Nickel,Nickel,0,0.7015963090617688
633f,b4f6,633fbb7de1,b4f6763191,Nickel,Nickel,0,0.7015963090617687
b4f6,0b78,b4f6763191,0b782c3069,Nickel,Nickel,0,0.5743494013305469
0b78,b4f6,0b782c3069,b4f6763191,Nickel,Nickel,0,0.5733703202287502
b4f6,7204,b4f6763191,7204a1feeb,Nickel,Nickel,0,0.5410132795397792
7204,b4f6,7204a1feeb,b4f6763191,Nickel,Nickel,0,0.5416489784008328
b4f6,ef4d,b4f6763191,ef4d4aee2a,Nickel,Nickel,0,0.6716184408834126
ef4d,b4f6,ef4d4aee2a,b4f6763191,Nickel,Nickel,0,0.6716184408834122
b4f6,8c82,b4f6763191,8c82f237f9,Nickel,Nickel,0,0.508314894583815
8c82,b4f6,8c82f237f9,b4f6763191,Nickel,Nickel,0,0.5080383431403305
b4f6,d645,b4f6763191,d64504718a,Nickel,Nickel,0,0.4636997357267219
d645,b4f6,d64504718a,b4f6763191,Nickel,Nickel,0,0.4636102429123378
b4f6,6e46,b4f6763191,6e46d2b898,Nickel,Nickel,0,0.7143959741818363
6e46,b4f6,6e46d2b898,b4f6763191,Nickel,Nickel,0,0.714534465567486
b4f6,8eda,b4f6763191,8edaa51105,Nickel,Nickel,0,0.7753066084811198
8eda,b4f6,8edaa51105,b4f6763191,Nickel,Nickel,0,0.774544605780605
b4f6,1be7,b4f6763191,1be78463d7,Nickel,Nickel,0,0.6037773037567387
1be7,b4f6,1be78463d7,b4f6763191,Nickel,Nickel,0,0.6037492018425203
b4f6,07ff,b4f6763191,07ffa2d44f,Nickel,Nickel,0,0.586649088787614
07ff,b4f6,07ffa2d44f,b4f6763191,Nickel,Nickel,0,0.5871354099459439
b4f6,114a,b4f6763191,114a81160d,Nickel,Nickel,0,0.4976915863924204
114a,b4f6,114a81160d,b4f6763191,Nickel,Nickel,0,0.49604675213998023
b4f6,7db9,b4f6763191,7db9fa3fdc,Nickel,Nickel,0,0.5713945183635678
7db9,b4f6,7db9fa3fdc,b4f6763191,Nickel,Nickel,0,0.5716162365487326
b4f6,bd89,b4f6763191,bd89ab2453,Nickel,Nickel,0,0.6694359809948078
bd89,b4f6,bd89ab2453,b4f6763191,Nickel,Nickel,0,0.6686372241332802
b4f6,a404,b4f6763191,a404412c4e,Nickel,Nickel,0,0.7243340303520336
a404,b4f6,a404412c4e,b4f6763191,Nickel,Nickel,0,0.6982466042001384
b4f6,a3b1,b4f6763191,a3b1085bea,Nickel,Nickel,0,0.5088126780418791
a3b1,b4f6,a3b1085bea,b4f6763191,Nickel,Nickel,0,0.5085769434621565
b4f6,f366,b4f6763191,f366f00cde,Nickel,Nickel,0,0.6340704434873964
f366,b4f6,f366f00cde,b4f6763191,Nickel,Nickel,0,0.6341056051005862
b4f6,81bb,b4f6763191,81bb3cb084,Nickel,Nickel,0,0.5333129963865145
81bb,b4f6,81bb3cb084,b4f6763191,Nickel,Nickel,0,0.5335433315148019
b4f6,326b,b4f6763191,326bd7053d,Nickel,Nickel,0,0.5999246484843387
326b,b4f6,326bd7053d,b4f6763191,Nickel,Nickel,0,0.5987050963824452
b4f6,9c65,b4f6763191,9c6504e345,Nickel,Nickel,0,0.5332566783981085
9c65,b4f6,9c6504e345,b4f6763191,Nickel,Nickel,0,0.5330811219166537
b4f6,ef85,b4f6763191,ef85c2ef6b,Nickel,Nickel,0,0.5721520000453401
ef85,b4f6,ef85c2ef6b,b4f6763191,Nickel,Nickel,0,0.5716329550407181
b4f6,9b00,b4f6763191,9b00c4c264,Nickel,Nickel,0,0.5448403221602449
9b00,b4f6,9b00c4c264,b4f6763191,Nickel,Nickel,0,0.5440301286785463
b4f6,218a,b4f6763191,218ae10a65,Nickel,Nickel,0,0.5035229157562736
218a,b4f6,218ae10a65,b4f6763191,Nickel,Nickel,0,0.5034327340537736
b4f6,9645,b4f6763191,9645e12969,Nickel,Nickel,0,0.5336228642263195
9645,b4f6,9645e12969,b4f6763191,Nickel,Nickel,0,0.5342128674619511
b4f6,fc6e,b4f6763191,fc6e345a87,Nickel,Nickel,0,0.5200333106740554
fc6e,b4f6,fc6e345a87,b4f6763191,Nickel,Nickel,0,0.5200333106740551
b4f6,5187,b4f6763191,5187134316,Nickel,Nickel,0,0.5406395142436361
5187,b4f6,5187134316,b4f6763191,Nickel,Nickel,0,0.540639514243636
b4f6,9fbb,b4f6763191,9fbbe4fcae,Nickel,Nickel,0,0.6011911644582745
9fbb,b4f6,9fbbe4fcae,b4f6763191,Nickel,Nickel,0,0.601011872404663
b4f6,3443,b4f6763191,3443ea5ba5,Nickel,Nickel,0,0.47492782289195545
3443,b4f6,3443ea5ba5,b4f6763191,Nickel,Nickel,0,0.4747058496852479
b4f6,fa65,b4f6763191,fa6595462f,Nickel,Nickel,0,0.6299605128589003
fa65,b4f6,fa6595462f,b4f6763191,Nickel,Nickel,0,0.6293995085716548
b4f6,d469,b4f6763191,d469fc3f70,Nickel,Nickel,0,0.6849470302792529
d469,b4f6,d469fc3f70,b4f6763191,Nickel,Nickel,0,0.6842065745902479
b4f6,0e45,b4f6763191,0e45ff7118,Nickel,Nickel,0,0.6579876516442343
0e45,b4f6,0e45ff7118,b4f6763191,Nickel,Nickel,0,0.6580941092368885
b4f6,a80b,b4f6763191,a80b46b6d1,Nickel,Nickel,0,0.5637292667640345
a80b,b4f6,a80b46b6d1,b4f6763191,Nickel,Nickel,0,0.5632330259873113
b4f6,db48,b4f6763191,db4804f266,Nickel,Nickel,0,0.4400054193044155
db48,b4f6,db4804f266,b4f6763191,Nickel,Nickel,0,0.44000541930441534
b4f6,bf77,b4f6763191,bf77a5ca9b,Nickel,Nickel,0,0.6786003280723908
bf77,b4f6,bf77a5ca9b,b4f6763191,Nickel,Nickel,0,0.678596408068335
b4f6,1318,b4f6763191,13189e401d,Nickel,Nickel,0,0.7836950356442804
1318,b4f6,13189e401d,b4f6763191,Nickel,Nickel,0,0.783963244613532
b4f6,27c4,b4f6763191,27c44d34a4,Nickel,Nickel,0,0.5819013959960007
27c4,b4f6,27c44d34a4,b4f6763191,Nickel,Nickel,0,0.5821555190473244
b4f6,3c68,b4f6763191,3c6819beb9,Nickel,Nickel,0,0.5505379786593274
3c68,b4f6,3c6819beb9,b4f6763191,Nickel,Nickel,0,0.541701853155931
b4f6,3a2a,b4f6763191,3a2a75a851,Nickel,Nickel,0,0.6666668194640663
3a2a,b4f6,3a2a75a851,b4f6763191,Nickel,Nickel,0,0.6660801860680478
b4f6,0d99,b4f6763191,0d991a198f,Nickel,Nickel,0,0.5787608996868562
0d99,b4f6,0d991a198f,b4f6763191,Nickel,Nickel,0,0.5788554940860091
797e,37d2,797ececd4d,37d21f987c,Nickel,Nickel,0,0.5286126797833474
37d2,797e,37d21f987c,797ececd4d,Nickel,Nickel,0,0.5294076537926864
797e,db9f,797ececd4d,db9f861795,Nickel,Nickel,0,0.4515447263614953
db9f,797e,db9f861795,797ececd4d,Nickel,Nickel,0,0.45166379972666515
797e,7471,797ececd4d,74711b8750,Nickel,Nickel,0,0.6305207329810045
7471,797e,74711b8750,797ececd4d,Nickel,Nickel,0,0.6303871172093709
797e,e139,797ececd4d,e139e26428,Nickel,Nickel,0,0.46894562157305236
e139,797e,e139e26428,797ececd4d,Nickel,Nickel,0,0.46942865415492085
797e,633f,797ececd4d,633fbb7de1,Nickel,Nickel,0,0.4919858383735177
633f,797e,633fbb7de1,797ececd4d,Nickel,Nickel,0,0.4922674461768332
797e,0b78,797ececd4d,0b782c3069,Nickel,Nickel,0,0.4795824460719738
0b78,797e,0b782c3069,797ececd4d,Nickel,Nickel,0,0.4793016131853162
797e,7204,797ececd4d,7204a1feeb,Nickel,Nickel,0,0.616559040884408
7204,797e,7204a1feeb,797ececd4d,Nickel,Nickel,0,0.7015664984750571
797e,ef4d,797ececd4d,ef4d4aee2a,Nickel,Nickel,0,0.6045323934732054
ef4d,797e,ef4d4aee2a,797ececd4d,Nickel,Nickel,0,0.6036820065426401
797e,8c82,797ececd4d,8c82f237f9,Nickel,Nickel,0,0.4488494165629111
8c82,797e,8c82f237f9,797ececd4d,Nickel,Nickel,0,0.4484532748847006
797e,d645,797ececd4d,d64504718a,Nickel,Nickel,0,0.6532571229030286
d645,797e,d64504718a,797ececd4d,Nickel,Nickel,0,0.6532328584441964
797e,6e46,797ececd4d,6e46d2b898,Nickel,Nickel,0,0.6738238865992031
6e46,797e,6e46d2b898,797ececd4d,Nickel,Nickel,0,0.6174719879313749
797e,8eda,797ececd4d,8edaa51105,Nickel,Nickel,0,0.472290948281929
8eda,797e,8edaa51105,797ececd4d,Nickel,Nickel,0,0.4704914277103761
797e,1be7,797ececd4d,1be78463d7,Nickel,Nickel,0,0.5852429582452465
1be7,797e,1be78463d7,797ececd4d,Nickel,Nickel,0,0.5850107628760602
797e,8197,797ececd4d,8197f401c9,Nickel,Nickel,0,0.39762829754479817
8197,797e,8197f401c9,797ececd4d,Nickel,Nickel,0,0.39769043654468356
797e,803e,797ececd4d,803e2e304c,Nickel,Nickel,0,0.5443381891895821
803e,797e,803e2e304c,797ececd4d,Nickel,Nickel,0,0.5445390948776822
797e,07ff,797ececd4d,07ffa2d44f,Nickel,Nickel,0,0.6091420357944013
07ff,797e,07ffa2d44f,797ececd4d,Nickel,Nickel,0,0.6090277493046596
797e,114a,797ececd4d,114a81160d,Nickel,Nickel,0,0.5573117828405576
114a,797e,114a81160d,797ececd4d,Nickel,Nickel,0,0.5562334738584142
797e,7db9,797ececd4d,7db9fa3fdc,Nickel,Nickel,0,0.5746576106963331
7db9,797e,7db9fa3fdc,797ececd4d,Nickel,Nickel,0,0.5744587643790765
797e,bd89,797ececd4d,bd89ab2453,Nickel,Nickel,0,0.5901221197613385
bd89,797e,bd89ab2453,797ececd4d,Nickel,Nickel,0,0.5902786825720833
797e,1f25,797ececd4d,1f2544214d,Nickel,Nickel,0,0.5179591041946052
1f25,797e,1f2544214d,797ececd4d,Nickel,Nickel,0,0.517568493337645
797e,c208,797ececd4d,c2081b71be,Nickel,Nickel,0,0.6575031769117196
c208,797e,c2081b71be,797ececd4d,Nickel,Nickel,0,0.6336257696019694
797e,a404,797ececd4d,a404412c4e,Nickel,Nickel,0,0.4987204126719889
a404,797e,a404412c4e,797ececd4d,Nickel,Nickel,0,0.49885261165513506
797e,ff11,797ececd4d,ff11e3e39e,Nickel,Nickel,0,0.46749383925963683
ff11,797e,ff11e3e39e,797ececd4d,Nickel,Nickel,0,0.46693614050242377
797e,88c2,797ececd4d,88c293654f,Nickel,Nickel,0,0.633310348229075
88c2,797e,88c293654f,797ececd4d,Nickel,Nickel,0,0.6328418099777892
797e,ae9b,797ececd4d,ae9b0acf0b,Nickel,Nickel,0,0.6920803000843243
ae9b,797e,ae9b0acf0b,797ececd4d,Nickel,Nickel,0,0.6919518902683842
797e,a3b1,797ececd4d,a3b1085bea,Nickel,Nickel,0,0.6021136135662973
a3b1,797e,a3b1085bea,797ececd4d,Nickel,Nickel,0,0.6020928153721828
797e,f366,797ececd4d,f366f00cde,Nickel,Nickel,0,0.5906653449299555
f366,797e,f366f00cde,797ececd4d,Nickel,Nickel,0,0.5906496024923891
797e,81bb,797ececd4d,81bb3cb084,Nickel,Nickel,0,0.6373350216905047
81bb,797e,81bb3cb084,797ececd4d,Nickel,Nickel,0,0.6269300717522153
797e,326b,797ececd4d,326bd7053d,Nickel,Nickel,0,0.566726367584957
326b,797e,326bd7053d,797ececd4d,Nickel,Nickel,0,0.566207018800503
797e,867e,797ececd4d,867e742682,Nickel,Nickel,0,0.46452321481344183
867e,797e,867e742682,797ececd4d,Nickel,Nickel,0,0.4637734744770228
797e,9c65,797ececd4d,9c6504e345,Nickel,Nickel,0,0.8003196551929943
9c65,797e,9c6504e345,797ececd4d,Nickel,Nickel,0,0.7999781120622567
797e,27c0,797ececd4d,27c03bf211,Nickel,Nickel,0,0.5211139049504169
27c0,797e,27c03bf211,797ececd4d,Nickel,Nickel,0,0.5208385412323423
797e,ef85,797ececd4d,ef85c2ef6b,Nickel,Nickel,0,0.6355204467593383
ef85,797e,ef85c2ef6b,797ececd4d,Nickel,Nickel,0,0.6508013947573205
797e,9b00,797ececd4d,9b00c4c264,Nickel,Nickel,0,0.4680024790213805
9b00,797e,9b00c4c264,797ececd4d,Nickel,Nickel,0,0.4679972697377794
797e,93f6,797ececd4d,93f6afc25d,Nickel,Nickel,0,0.5135107006661424
93f6,797e,93f6afc25d,797ececd4d,Nickel,Nickel,0,0.5135417638454247
797e,a54c,797ececd4d,a54ce43a84,Nickel,Nickel,0,0.6772824737682457
a54c,797e,a54ce43a84,797ececd4d,Nickel,Nickel,0,0.6774132317600421
797e,218a,797ececd4d,218ae10a65,Nickel,Nickel,0,0.8650148317924267
218a,797e,218ae10a65,797ececd4d,Nickel,Nickel,0,0.8650636719770354
797e,9645,797ececd4d,9645e12969,Nickel,Nickel,0,0.5775698099375964
9645,797e,9645e12969,797ececd4d,Nickel,Nickel,0,0.577737148758918
797e,0db0,797ececd4d,0db08b7f9e,Nickel,Nickel,0,0.8082770196412664
0db0,797e,0db08b7f9e,797ececd4d,Nickel,Nickel,0,0.728953877109745
797e,fc6e,797ececd4d,fc6e345a87,Nickel,Nickel,0,0.5057660385255979
fc6e,797e,fc6e345a87,797ececd4d,Nickel,Nickel,0,0.508656794996674
797e,5187,797ececd4d,5187134316,Nickel,Nickel,0,0.5420549658362227
5187,797e,5187134316,797ececd4d,Nickel,Nickel,0,0.5421344596659025
797e,9fbb,797ececd4d,9fbbe4fcae,Nickel,Nickel,0,0.7118434348624206
9fbb,797e,9fbbe4fcae,797ececd4d,Nickel,Nickel,0,0.7792120079551123
797e,744a,797ececd4d,744a7e7690,Nickel,Nickel,0,0.6235274708085295
744a,797e,744a7e7690,797ececd4d,Nickel,Nickel,0,0.6224098399245301
797e,9f5c,797ececd4d,9f5cee2a11,Nickel,Nickel,0,0.5989085271698857
9f5c,797e,9f5cee2a11,797ececd4d,Nickel,Nickel,0,0.5989260865553601
797e,3443,797ececd4d,3443ea5ba5,Nickel,Nickel,0,0.46453153737098657
3443,797e,3443ea5ba5,797ececd4d,Nickel,Nickel,0,0.4639043843979108
797e,fa65,797ececd4d,fa6595462f,Nickel,Nickel,0,0.6420933990477744
fa65,797e,fa6595462f,797ececd4d,Nickel,Nickel,0,0.6428779375428392
797e,d469,797ececd4d,d469fc3f70,Nickel,Nickel,0,0.6246626799148913
d469,797e,d469fc3f70,797ececd4d,Nickel,Nickel,0,0.6247088529247425
797e,0e45,797ececd4d,0e45ff7118,Nickel,Nickel,0,0.5656144486612287
0e45,797e,0e45ff7118,797ececd4d,Nickel,Nickel,0,0.5658714109906338
797e,a80b,797ececd4d,a80b46b6d1,Nickel,Nickel,0,0.4862882127930153
a80b,797e,a80b46b6d1,797ececd4d,Nickel,Nickel,0,0.48627936612032846
797e,1ed3,797ececd4d,1ed3442cfa,Nickel,Nickel,0,0.6510383884950235
1ed3,797e,1ed3442cfa,797ececd4d,Nickel,Nickel,0,0.65129179014628
797e,db48,797ececd4d,db4804f266,Nickel,Nickel,0,0.6533937393071034
db48,797e,db4804f266,797ececd4d,Nickel,Nickel,0,0.6532187165801077
797e,bf77,797ececd4d,bf77a5ca9b,Nickel,Nickel,0,0.5512143133542922
bf77,797e,bf77a5ca9b,797ececd4d,Nickel,Nickel,0,0.5511101576479761
797e,1318,797ececd4d,13189e401d,Nickel,Nickel,0,0.5274472561224858
1318,797e,13189e401d,797ececd4d,Nickel,Nickel,0,0.5272312648285604
797e,d507,797ececd4d,d5070cee0f,Nickel,Nickel,0,0.5263548866344538
d507,797e,d5070cee0f,797ececd4d,Nickel,Nickel,0,0.5260095600112566
797e,27c4,797ececd4d,27c44d34a4,Nickel,Nickel,0,0.5768290264337043
27c4,797e,27c44d34a4,797ececd4d,Nickel,Nickel,0,0.5765237935308775
797e,4e01,797ececd4d,4e0193ff9e,Nickel,Nickel,0,0.5048617346636989
4e01,797e,4e0193ff9e,797ececd4d,Nickel,Nickel,0,0.505244406232989
797e,3c68,797ececd4d,3c6819beb9,Nickel,Nickel,0,0.4879416786355758
3c68,797e,3c6819beb9,797ececd4d,Nickel,Nickel,0,0.4879416786355758
797e,3a2a,797ececd4d,3a2a75a851,Nickel,Nickel,0,0.5078955443575388
3a2a,797e,3a2a75a851,797ececd4d,Nickel,Nickel,0,0.5078388518740082
797e,0d99,797ececd4d,0d991a198f,Nickel,Nickel,0,0.6554272504418457
0d99,797e,0d991a198f,797ececd4d,Nickel,Nickel,0,0.6554272504418457
37d2,db9f,37d21f987c,db9f861795,Nickel,Nickel,0,0.5072988439669265
db9f,37d2,db9f861795,37d21f987c,Nickel,Nickel,0,0.5072081907260344
37d2,7471,37d21f987c,74711b8750,Nickel,Nickel,0,0.46703886915066434
7471,37d2,74711b8750,37d21f987c,Nickel,Nickel,0,0.46771583837327685
37d2,e139,37d21f987c,e139e26428,Nickel,Nickel,0,0.7125988980506203
e139,37d2,e139e26428,37d21f987c,Nickel,Nickel,0,0.7126171971425433
37d2,633f,37d21f987c,633fbb7de1,Nickel,Nickel,0,0.6073233357748526
633f,37d2,633fbb7de1,37d21f987c,Nickel,Nickel,0,0.6077372553383124
37d2,0b78,37d21f987c,0b782c3069,Nickel,Nickel,0,0.39846399567463486
0b78,37d2,0b782c3069,37d21f987c,Nickel,Nickel,0,0.3984810145464246
37d2,7204,37d21f987c,7204a1feeb,Nickel,Nickel,0,0.5948253372972919
7204,37d2,7204a1feeb,37d21f987c,Nickel,Nickel,0,0.5947497826662839
37d2,ef4d,37d21f987c,ef4d4aee2a,Nickel,Nickel,0,0.460807624961582
ef4d,37d2,ef4d4aee2a,37d21f987c,Nickel,Nickel,0,0.460807624961582
37d2,8c82,37d21f987c,8c82f237f9,Nickel,Nickel,0,0.5238652140199566
8c82,37d2,8c82f237f9,37d21f987c,Nickel,Nickel,0,0.4913629434982065
37d2,d645,37d21f987c,d64504718a,Nickel,Nickel,0,0.663762473525307
d645,37d2,d64504718a,37d21f987c,Nickel,Nickel,0,0.6637937973234493
37d2,6e46,37d21f987c,6e46d2b898,Nickel,Nickel,0,0.5645846428796931
6e46,37d2,6e46d2b898,37d21f987c,Nickel,Nickel,0,0.5696002837560685
37d2,8eda,37d21f987c,8edaa51105,Nickel,Nickel,0,0.5645111573032652
8eda,37d2,8edaa51105,37d21f987c,Nickel,Nickel,0,0.5632939230182215
37d2,1be7,37d21f987c,1be78463d7,Nickel,Nickel,0,0.4722709801007387
1be7,37d2,1be78463d7,37d21f987c,Nickel,Nickel,0,0.47188689200094247
37d2,8197,37d21f987c,8197f401c9,Nickel,Nickel,0,0.42217592664956016
8197,37d2,8197f401c9,37d21f987c,Nickel,Nickel,0,0.4250711067046042
37d2,803e,37d21f987c,803e2e304c,Nickel,Nickel,0,0.5057352053090514
803e,37d2,803e2e304c,37d21f987c,Nickel,Nickel,0,0.5057544583721509
37d2,07ff,37d21f987c,07ffa2d44f,Nickel,Nickel,0,0.5362929616426573
07ff,37d2,07ffa2d44f,37d21f987c,Nickel,Nickel,0,0.535662350181271
37d2,114a,37d21f987c,114a81160d,Nickel,Nickel,0,0.510444112766301
114a,37d2,114a81160d,37d21f987c,Nickel,Nickel,0,0.51129339886606
37d2,7db9,37d21f987c,7db9fa3fdc,Nickel,Nickel,0,0.6127453539758617
7db9,37d2,7db9fa3fdc,37d21f987c,Nickel,Nickel,0,0.5850730686274743
37d2,bd89,37d21f987c,bd89ab2453,Nickel,Nickel,0,0.5874584159662862
bd89,37d2,bd89ab2453,37d21f987c,Nickel,Nickel,0,0.6179701142222751
37d2,1f25,37d21f987c,1f2544214d,Nickel,Nickel,0,0.5868986244575256
1f25,37d2,1f2544214d,37d21f987c,Nickel,Nickel,0,0.5868986244575257
37d2,c208,37d21f987c,c2081b71be,Nickel,Nickel,0,0.6998348611793682
c208,37d2,c2081b71be,37d21f987c,Nickel,Nickel,0,0.6229441859465259
37d2,a404,37d21f987c,a404412c4e,Nickel,Nickel,0,0.5309356249126387
a404,37d2,a404412c4e,37d21f987c,Nickel,Nickel,0,0.5294878705107395
37d2,ff11,37d21f987c,ff11e3e39e,Nickel,Nickel,0,0.4252383583506123
ff11,37d2,ff11e3e39e,37d21f987c,Nickel,Nickel,0,0.42541095104186866
37d2,88c2,37d21f987c,88c293654f,Nickel,Nickel,0,0.561254142826439
88c2,37d2,88c293654f,37d21f987c,Nickel,Nickel,0,0.5611522180717903
37d2,ae9b,37d21f987c,ae9b0acf0b,Nickel,Nickel,0,0.5291465259429283
ae9b,37d2,ae9b0acf0b,37d21f987c,Nickel,Nickel,0,0.5290548797938878
37d2,a3b1,37d21f987c,a3b1085bea,Nickel,Nickel,0,0.512574134405795
a3b1,37d2,a3b1085bea,37d21f987c,Nickel,Nickel,0,0.512501319041693
37d2,f366,37d21f987c,f366f00cde,Nickel,Nickel,0,0.529028246941715
f366,37d2,f366f00cde,37d21f987c,Nickel,Nickel,0,0.5287593217087028
37d2,81bb,37d21f987c,81bb3cb084,Nickel,Nickel,0,0.4647650278652127
81bb,37d2,81bb3cb084,37d21f987c,Nickel,Nickel,0,0.4646350321259101
37d2,326b,37d21f987c,326bd7053d,Nickel,Nickel,0,0.5394750152964468
326b,37d2,326bd7053d,37d21f987c,Nickel,Nickel,0,0.539661893640151
37d2,867e,37d21f987c,867e742682,Nickel,Nickel,0,0.6854702056616793
867e,37d2,867e742682,37d21f987c,Nickel,Nickel,0,0.6816750071493652
37d2,9c65,37d21f987c,9c6504e345,Nickel,Nickel,0,0.7217402391424368
9c65,37d2,9c6504e345,37d21f987c,Nickel,Nickel,0,0.7217366059107548
37d2,27c0,37d21f987c,27c03bf211,Nickel,Nickel,0,0.6976223114832046
27c0,37d2,27c03bf211,37d21f987c,Nickel,Nickel,0,0.6980619459268456
37d2,ef85,37d21f987c,ef85c2ef6b,Nickel,Nickel,0,0.5953094633989828
ef85,37d2,ef85c2ef6b,37d21f987c,Nickel,Nickel,0,0.5951275783092711
37d2,9b00,37d21f987c,9b00c4c264,Nickel,Nickel,0,0.4605972421459469
9b00,37d2,9b00c4c264,37d21f987c,Nickel,Nickel,0,0.45867470142290323
37d2,93f6,37d21f987c,93f6afc25d,Nickel,Nickel,0,0.5755804438887587
93f6,37d2,93f6afc25d,37d21f987c,Nickel,Nickel,0,0.5753232742001175
37d2,a54c,37d21f987c,a54ce43a84,Nickel,Nickel,0,0.5874284407466727
a54c,37d2,a54ce43a84,37d21f987c,Nickel,Nickel,0,0.598612830958051
37d2,218a,37d21f987c,218ae10a65,Nickel,Nickel,0,0.6384029715249036
218a,37d2,218ae10a65,37d21f987c,Nickel,Nickel,0,0.6383553439276377
37d2,9645,37d21f987c,9645e12969,Nickel,Nickel,0,0.4859346125843395
9645,37d2,9645e12969,37d21f987c,Nickel,Nickel,0,0.48566926099578756
37d2,0db0,37d21f987c,0db08b7f9e,Nickel,Nickel,0,0.5740312615309855
0db0,37d2,0db08b7f9e,37d21f987c,Nickel,Nickel,0,0.5739482717475574
37d2,fc6e,37d21f987c,fc6e345a87,Nickel,Nickel,0,0.43307262207364455
fc6e,37d2,fc6e345a87,37d21f987c,Nickel,Nickel,0,0.43307262207364455
37d2,5187,37d21f987c,5187134316,Nickel,Nickel,0,0.5286818019190881
5187,37d2,5187134316,37d21f987c,Nickel,Nickel,0,0.5755010382466992
37d2,9fbb,37d21f987c,9fbbe4fcae,Nickel,Nickel,0,0.7340649599400304
9fbb,37d2,9fbbe4fcae,37d21f987c,Nickel,Nickel,0,0.684250870687579
37d2,744a,37d21f987c,744a7e7690,Nickel,Nickel,0,0.5077373371347204
744a,37d2,744a7e7690,37d21f987c,Nickel,Nickel,0,0.5075553509086201
37d2,9f5c,37d21f987c,9f5cee2a11,Nickel,Nickel,0,0.5390453644083391
9f5c,37d2,9f5cee2a11,37d21f987c,Nickel,Nickel,0,0.5345711269800711
37d2,3443,37d21f987c,3443ea5ba5,Nickel,Nickel,0,0.529635097347319
3443,37d2,3443ea5ba5,37d21f987c,Nickel,Nickel,0,0.5282769577468076
37d2,fa65,37d21f987c,fa6595462f,Nickel,Nickel,0,0.6597372682046875
fa65,37d2,fa6595462f,37d21f987c,Nickel,Nickel,0,0.6594179114960145
37d2,d469,37d21f987c,d469fc3f70,Nickel,Nickel,0,0.5871446074246224
d469,37d2,d469fc3f70,37d21f987c,Nickel,Nickel,0,0.5876903091517091
37d2,0e45,37d21f987c,0e45ff7118,Nickel,Nickel,0,0.5655357808418663
0e45,37d2,0e45ff7118,37d21f987c,Nickel,Nickel,0,0.5688618532711529
37d2,a80b,37d21f987c,a80b46b6d1,Nickel,Nickel,0,0.5062961239181321
a80b,37d2,a80b46b6d1,37d21f987c,Nickel,Nickel,0,0.5059380477717837
37d2,1ed3,37d21f987c,1ed3442cfa,Nickel,Nickel,0,0.722920637009743
1ed3,37d2,1ed3442cfa,37d21f987c,Nickel,Nickel,0,0.7232589633222787
37d2,db48,37d21f987c,db4804f266,Nickel,Nickel,0,0.6421986943405071
db48,37d2,db4804f266,37d21f987c,Nickel,Nickel,0,0.6420385940476034
37d2,bf77,37d21f987c,bf77a5ca9b,Nickel,Nickel,0,0.5690737671877093
bf77,37d2,bf77a5ca9b,37d21f987c,Nickel,Nickel,0,0.5691151746435952
37d2,1318,37d21f987c,13189e401d,Nickel,Nickel,0,0.7029595048928341
1318,37d2,13189e401d,37d21f987c,Nickel,Nickel,0,0.7033073874706781
37d2,d507,37d21f987c,d5070cee0f,Nickel,Nickel,0,0.5256527437849802
d507,37d2,d5070cee0f,37d21f987c,Nickel,Nickel,0,0.5260669642967505
37d2,27c4,37d21f987c,27c44d34a4,Nickel,Nickel,0,0.57360276273179
27c4,37d2,27c44d34a4,37d21f987c,Nickel,Nickel,0,0.5735495823589581
37d2,4e01,37d21f987c,4e0193ff9e,Nickel,Nickel,0,0.514546075426954
4e01,37d2,4e0193ff9e,37d21f987c,Nickel,Nickel,0,0.5141993139236187
37d2,3c68,37d21f987c,3c6819beb9,Nickel,Nickel,0,0.4424201560794893
3c68,37d2,3c6819beb9,37d21f987c,Nickel,Nickel,0,0.44214579412934496
37d2,3a2a,37d21f987c,3a2a75a851,Nickel,Nickel,0,0.41041044163563706
3a2a,37d2,3a2a75a851,37d21f987c,Nickel,Nickel,0,0.4098500569741152
37d2,0d99,37d21f987c,0d991a198f,Nickel,Nickel,0,0.5704026534231785
0d99,37d2,0d991a198f,37d21f987c,Nickel,Nickel,0,0.5690371272901529
db9f,7471,db9f861795,74711b8750,Nickel,Nickel,0,0.6638088010333515
7471,db9f,74711b8750,db9f861795,Nickel,Nickel,0,0.6630581598363838
db9f,e139,db9f861795,e139e26428,Nickel,Nickel,0,0.4893563045233479
e139,db9f,e139e26428,db9f861795,Nickel,Nickel,0,0.48947779987690304
db9f,633f,db9f861795,633fbb7de1,Nickel,Nickel,0,0.5493673200676896
633f,db9f,633fbb7de1,db9f861795,Nickel,Nickel,0,0.5511709339379347
db9f,0b78,db9f861795,0b782c3069,Nickel,Nickel,0,0.6010719908426753
0b78,db9f,0b782c3069,db9f861795,Nickel,Nickel,0,0.6001718767132816
db9f,7204,db9f861795,7204a1feeb,Nickel,Nickel,0,0.6056652996186221
7204,db9f,7204a1feeb,db9f861795,Nickel,Nickel,0,0.6064955922851156
db9f,ef4d,db9f861795,ef4d4aee2a,Nickel,Nickel,0,0.5672975886983785
ef4d,db9f,ef4d4aee2a,db9f861795,Nickel,Nickel,0,0.5672888718949747
db9f,8c82,db9f861795,8c82f237f9,Nickel,Nickel,0,0.4025002831757755
8c82,db9f,8c82f237f9,db9f861795,Nickel,Nickel,0,0.4023869375026619
db9f,d645,db9f861795,d64504718a,Nickel,Nickel,0,0.549950489971775
d645,db9f,d64504718a,db9f861795,Nickel,Nickel,0,0.5490342779314337
db9f,6e46,db9f861795,6e46d2b898,Nickel,Nickel,0,0.5898784158977127
6e46,db9f,6e46d2b898,db9f861795,Nickel,Nickel,0,0.5898784158977125
db9f,8eda,db9f861795,8edaa51105,Nickel,Nickel,0,0.5795005177725447
8eda,db9f,8edaa51105,db9f861795,Nickel,Nickel,0,0.5792617944384876
db9f,1be7,db9f861795,1be78463d7,Nickel,Nickel,0,0.5487395838106934
1be7,db9f,1be78463d7,db9f861795,Nickel,Nickel,0,0.5487929499817361
db9f,8197,db9f861795,8197f401c9,Nickel,Nickel,0,0.5950382955134889
8197,db9f,8197f401c9,db9f861795,Nickel,Nickel,0,0.5951918296223345
db9f,803e,db9f861795,803e2e304c,Nickel,Nickel,0,0.5047292299507511
803e,db9f,803e2e304c,db9f861795,Nickel,Nickel,0,0.5053847374874187
db9f,07ff,db9f861795,07ffa2d44f,Nickel,Nickel,0,0.5337310625487639
07ff,db9f,07ffa2d44f,db9f861795,Nickel,Nickel,0,0.5339002756985272
db9f,114a,db9f861795,114a81160d,Nickel,Nickel,0,0.5796616479417294
114a,db9f,114a81160d,db9f861795,Nickel,Nickel,0,0.5798460443575156
db9f,7db9,db9f861795,7db9fa3fdc,Nickel,Nickel,0,0.5978387933204752
7db9,db9f,7db9fa3fdc,db9f861795,Nickel,Nickel,0,0.5973903282027703
db9f,bd89,db9f861795,bd89ab2453,Nickel,Nickel,0,0.6235660542412139
bd89,db9f,bd89ab2453,db9f861795,Nickel,Nickel,0,0.6237504329796195
db9f,1f25,db9f861795,1f2544214d,Nickel,Nickel,0,0.48715297524504914
1f25,db9f,1f2544214d,db9f861795,Nickel,Nickel,0,0.4885620228574105
db9f,c208,db9f861795,c2081b71be,Nickel,Nickel,0,0.6051649844519147
c208,db9f,c2081b71be,db9f861795,Nickel,Nickel,0,0.6036016115799515
db9f,a404,db9f861795,a404412c4e,Nickel,Nickel,0,0.37295101461288144
a404,db9f,a404412c4e,db9f861795,Nickel,Nickel,0,0.3729510146128816
db9f,ff11,db9f861795,ff11e3e39e,Nickel,Nickel,0,0.5099502643647045
ff11,db9f,ff11e3e39e,db9f861795,Nickel,Nickel,0,0.5108167795950224
db9f,88c2,db9f861795,88c293654f,Nickel,Nickel,0,0.5190534158838149
88c2,db9f,88c293654f,db9f861795,Nickel,Nickel,0,0.5192943909129997
db9f,ae9b,db9f861795,ae9b0acf0b,Nickel,Nickel,0,0.5842356715133303
ae9b,db9f,ae9b0acf0b,db9f861795,Nickel,Nickel,0,0.5840719505566379
db9f,a3b1,db9f861795,a3b1085bea,Nickel,Nickel,0,0.5978320500762766
a3b1,db9f,a3b1085bea,db9f861795,Nickel,Nickel,0,0.5980269668780606
db9f,f366,db9f861795,f366f00cde,Nickel,Nickel,0,0.6663115397852021
f366,db9f,f366f00cde,db9f861795,Nickel,Nickel,0,0.6557680059136277
db9f,81bb,db9f861795,81bb3cb084,Nickel,Nickel,0,0.3980612492408224
81bb,db9f,81bb3cb084,db9f861795,Nickel,Nickel,0,0.39753219099068193
db9f,326b,db9f861795,326bd7053d,Nickel,Nickel,0,0.6568793534536461
326b,db9f,326bd7053d,db9f861795,Nickel,Nickel,0,0.6569749540105962
db9f,867e,db9f861795,867e742682,Nickel,Nickel,0,0.4677254403189167
867e,db9f,867e742682,db9f861795,Nickel,Nickel,0,0.4671291102696169
db9f,9c65,db9f861795,9c6504e345,Nickel,Nickel,0,0.5006361659774118
9c65,db9f,9c6504e345,db9f861795,Nickel,Nickel,0,0.5007460565772225
db9f,27c0,db9f861795,27c03bf211,Nickel,Nickel,0,0.5172033824434711
27c0,db9f,27c03bf211,db9f861795,Nickel,Nickel,0,0.5176396462977726
db9f,ef85,db9f861795,ef85c2ef6b,Nickel,Nickel,0,0.4547830598567973
ef85,db9f,ef85c2ef6b,db9f861795,Nickel,Nickel,0,0.454723382340801
db9f,9b00,db9f861795,9b00c4c264,Nickel,Nickel,0,0.5561799327439524
9b00,db9f,9b00c4c264,db9f861795,Nickel,Nickel,0,0.5562098650897349
db9f,93f6,db9f861795,93f6afc25d,Nickel,Nickel,0,0.4292139235957693
93f6,db9f,93f6afc25d,db9f861795,Nickel,Nickel,0,0.42918347771776083
db9f,a54c,db9f861795,a54ce43a84,Nickel,Nickel,0,0.46183943125222415
a54c,db9f,a54ce43a84,db9f861795,Nickel,Nickel,0,0.4618394312522238
db9f,218a,db9f861795,218ae10a65,Nickel,Nickel,0,0.5812142951129872
218a,db9f,218ae10a65,db9f861795,Nickel,Nickel,0,0.5811207946429278
db9f,9645,db9f861795,9645e12969,Nickel,Nickel,0,0.4491649438053961
9645,db9f,9645e12969,db9f861795,Nickel,Nickel,0,0.4490394673278798
db9f,0db0,db9f861795,0db08b7f9e,Nickel,Nickel,0,0.48167517139772287
0db0,db9f,0db08b7f9e,db9f861795,Nickel,Nickel,0,0.48232275883327524
db9f,fc6e,db9f861795,fc6e345a87,Nickel,Nickel,0,0.4811344989108985
fc6e,db9f,fc6e345a87,db9f861795,Nickel,Nickel,0,0.48100509943267183
db9f,5187,db9f861795,5187134316,Nickel,Nickel,0,0.5513514585675665
5187,db9f,5187134316,db9f861795,Nickel,Nickel,0,0.5518396224790322
db9f,9fbb,db9f861795,9fbbe4fcae,Nickel,Nickel,0,0.5527737001370218
9fbb,db9f,9fbbe4fcae,db9f861795,Nickel,Nickel,0,0.5530015183537238
db9f,744a,db9f861795,744a7e7690,Nickel,Nickel,0,0.5638881085341825
744a,db9f,744a7e7690,db9f861795,Nickel,Nickel,0,0.563829305175166
db9f,9f5c,db9f861795,9f5cee2a11,Nickel,Nickel,0,0.5817877169724615
9f5c,db9f,9f5cee2a11,db9f861795,Nickel,Nickel,0,0.5817877169724617
db9f,3443,db9f861795,3443ea5ba5,Nickel,Nickel,0,0.5379987968290412
3443,db9f,3443ea5ba5,db9f861795,Nickel,Nickel,0,0.5380235747324296
db9f,fa65,db9f861795,fa6595462f,Nickel,Nickel,0,0.5452386428982093
fa65,db9f,fa6595462f,db9f861795,Nickel,Nickel,0,0.5451470980633331
db9f,d469,db9f861795,d469fc3f70,Nickel,Nickel,0,0.5895500515805417
d469,db9f,d469fc3f70,db9f861795,Nickel,Nickel,0,0.5894561077644587
db9f,0e45,db9f861795,0e45ff7118,Nickel,Nickel,0,0.6990700607715647
0e45,db9f,0e45ff7118,db9f861795,Nickel,Nickel,0,0.6992901837333425
db9f,a80b,db9f861795,a80b46b6d1,Nickel,Nickel,0,0.5458831020346508
a80b,db9f,a80b46b6d1,db9f861795,Nickel,Nickel,0,0.545492440275539
db9f,1ed3,db9f861795,1ed3442cfa,Nickel,Nickel,0,0.657469011658112
1ed3,db9f,1ed3442cfa,db9f861795,Nickel,Nickel,0,0.6583043515572151
db9f,db48,db9f861795,db4804f266,Nickel,Nickel,0,0.5537999283452985
db48,db9f,db4804f266,db9f861795,Nickel,Nickel,0,0.5537999283452989
db9f,bf77,db9f861795,bf77a5ca9b,Nickel,Nickel,0,0.604846348523069
bf77,db9f,bf77a5ca9b,db9f861795,Nickel,Nickel,0,0.6052963426447722
db9f,1318,db9f861795,13189e401d,Nickel,Nickel,0,0.7208956719833419
1318,db9f,13189e401d,db9f861795,Nickel,Nickel,0,0.7265051195660647
db9f,d507,db9f861795,d5070cee0f,Nickel,Nickel,0,0.4892675270485891
d507,db9f,d5070cee0f,db9f861795,Nickel,Nickel,0,0.49007470018079313
db9f,27c4,db9f861795,27c44d34a4,Nickel,Nickel,0,0.44275618361315977
27c4,db9f,27c44d34a4,db9f861795,Nickel,Nickel,0,0.4427666438142373
db9f,4e01,db9f861795,4e0193ff9e,Nickel,Nickel,0,0.44501289865836036
4e01,db9f,4e0193ff9e,db9f861795,Nickel,Nickel,0,0.44796898353542924
db9f,3c68,db9f861795,3c6819beb9,Nickel,Nickel,0,0.5122710381626266
3c68,db9f,3c6819beb9,db9f861795,Nickel,Nickel,0,0.5120915307581656
db9f,3a2a,db9f861795,3a2a75a851,Nickel,Nickel,0,0.44623778342456577
3a2a,db9f,3a2a75a851,db9f861795,Nickel,Nickel,0,0.4490736034317118
db9f,0d99,db9f861795,0d991a198f,Nickel,Nickel,0,0.72641270646722
0d99,db9f,0d991a198f,db9f861795,Nickel,Nickel,0,0.634795347894941
7471,e139,74711b8750,e139e26428,Nickel,Nickel,0,0.4537251074242666
e139,7471,e139e26428,74711b8750,Nickel,Nickel,0,0.4541875644188484
7471,633f,74711b8750,633fbb7de1,Nickel,Nickel,0,0.5462376622695542
633f,7471,633fbb7de1,74711b8750,Nickel,Nickel,0,0.5465652002734891
7471,0b78,74711b8750,0b782c3069,Nickel,Nickel,0,0.42344978275406187
0b78,7471,0b782c3069,74711b8750,Nickel,Nickel,0,0.42324020568009757
7471,7204,74711b8750,7204a1feeb,Nickel,Nickel,0,0.5070383380289425
7204,7471,7204a1feeb,74711b8750,Nickel,Nickel,0,0.5070127672580931
7471,ef4d,74711b8750,ef4d4aee2a,Nickel,Nickel,0,0.5265591877624559
ef4d,7471,ef4d4aee2a,74711b8750,Nickel,Nickel,0,0.5266642985741504
7471,8c82,74711b8750,8c82f237f9,Nickel,Nickel,0,0.5832301943906048
8c82,7471,8c82f237f9,74711b8750,Nickel,Nickel,0,0.5833192601490845
7471,d645,74711b8750,d64504718a,Nickel,Nickel,0,0.7298614123354558
d645,7471,d64504718a,74711b8750,Nickel,Nickel,0,0.7297402359525723
7471,6e46,74711b8750,6e46d2b898,Nickel,Nickel,0,0.6408971641999337
6e46,7471,6e46d2b898,74711b8750,Nickel,Nickel,0,0.6416791648110824
7471,8eda,74711b8750,8edaa51105,Nickel,Nickel,0,0.46323689775912735
8eda,7471,8edaa51105,74711b8750,Nickel,Nickel,0,0.46375197456469774
7471,1be7,74711b8750,1be78463d7,Nickel,Nickel,0,0.5308097381452254
1be7,7471,1be78463d7,74711b8750,Nickel,Nickel,0,0.531141300065011
7471,8197,74711b8750,8197f401c9,Nickel,Nickel,0,0.48627829972352293
8197,7471,8197f401c9,74711b8750,Nickel,Nickel,0,0.48653563863493465
7471,803e,74711b8750,803e2e304c,Nickel,Nickel,0,0.5644038827416666
803e,7471,803e2e304c,74711b8750,Nickel,Nickel,0,0.564403882741667
7471,07ff,74711b8750,07ffa2d44f,Nickel,Nickel,0,0.5046601627368544
07ff,7471,07ffa2d44f,74711b8750,Nickel,Nickel,0,0.464475056404288
7471,114a,74711b8750,114a81160d,Nickel,Nickel,0,0.6656586674836769
114a,7471,114a81160d,74711b8750,Nickel,Nickel,0,0.6678096149512233
7471,7db9,74711b8750,7db9fa3fdc,Nickel,Nickel,0,0.4866372670872745
7db9,7471,7db9fa3fdc,74711b8750,Nickel,Nickel,0,0.4870641954626318
7471,bd89,74711b8750,bd89ab2453,Nickel,Nickel,0,0.5704878546965455
bd89,7471,bd89ab2453,74711b8750,Nickel,Nickel,0,0.5686822232726316
7471,1f25,74711b8750,1f2544214d,Nickel,Nickel,0,0.6607068375354592
1f25,7471,1f2544214d,74711b8750,Nickel,Nickel,0,0.6609893356076048
7471,c208,74711b8750,c2081b71be,Nickel,Nickel,0,0.32926221045305176
c208,7471,c2081b71be,74711b8750,Nickel,Nickel,0,0.3292371538738568
7471,a404,74711b8750,a404412c4e,Nickel,Nickel,0,0.46900720591593115
a404,7471,a404412c4e,74711b8750,Nickel,Nickel,0,0.4688145100355817
7471,ff11,74711b8750,ff11e3e39e,Nickel,Nickel,0,0.6225666616917184
ff11,7471,ff11e3e39e,74711b8750,Nickel,Nickel,0,0.6220655880530106
7471,88c2,74711b8750,88c293654f,Nickel,Nickel,0,0.4088832337887738
88c2,7471,88c293654f,74711b8750,Nickel,Nickel,0,0.4087334961966997
7471,ae9b,74711b8750,ae9b0acf0b,Nickel,Nickel,0,0.4929084652394943
ae9b,7471,ae9b0acf0b,74711b8750,Nickel,Nickel,0,0.5619883290384937
7471,a3b1,74711b8750,a3b1085bea,Nickel,Nickel,0,0.4940496752257445
a3b1,7471,a3b1085bea,74711b8750,Nickel,Nickel,0,0.4935600113633649
7471,f366,74711b8750,f366f00cde,Nickel,Nickel,0,0.514623070468147
f366,7471,f366f00cde,74711b8750,Nickel,Nickel,0,0.5145856032175716
7471,81bb,74711b8750,81bb3cb084,Nickel,Nickel,0,0.4579209719486515
81bb,7471,81bb3cb084,74711b8750,Nickel,Nickel,0,0.3704829052002686
7471,326b,74711b8750,326bd7053d,Nickel,Nickel,0,0.532967881020717
326b,7471,326bd7053d,74711b8750,Nickel,Nickel,0,0.4463580491088076
7471,867e,74711b8750,867e742682,Nickel,Nickel,0,0.6035442311352561
867e,7471,867e742682,74711b8750,Nickel,Nickel,0,0.6032081175700882
7471,9c65,74711b8750,9c6504e345,Nickel,Nickel,0,0.533358751521837
9c65,7471,9c6504e345,74711b8750,Nickel,Nickel,0,0.5299521377260393
7471,27c0,74711b8750,27c03bf211,Nickel,Nickel,0,0.5797247301258489
27c0,7471,27c03bf211,74711b8750,Nickel,Nickel,0,0.5802018878837287
7471,ef85,74711b8750,ef85c2ef6b,Nickel,Nickel,0,0.6484665089436098
ef85,7471,ef85c2ef6b,74711b8750,Nickel,Nickel,0,0.6484360372090169
7471,9b00,74711b8750,9b00c4c264,Nickel,Nickel,0,0.5294266087432552
9b00,7471,9b00c4c264,74711b8750,Nickel,Nickel,0,0.529447144294411
7471,93f6,74711b8750,93f6afc25d,Nickel,Nickel,0,0.47788897468742414
93f6,7471,93f6afc25d,74711b8750,Nickel,Nickel,0,0.4778406213969854
7471,a54c,74711b8750,a54ce43a84,Nickel,Nickel,0,0.5173364128043713
a54c,7471,a54ce43a84,74711b8750,Nickel,Nickel,0,0.5174833653377777
7471,218a,74711b8750,218ae10a65,Nickel,Nickel,0,0.5444961031999073
218a,7471,218ae10a65,74711b8750,Nickel,Nickel,0,0.5439519656755488
7471,9645,74711b8750,9645e12969,Nickel,Nickel,0,0.5503924996581321
9645,7471,9645e12969,74711b8750,Nickel,Nickel,0,0.5503772390168894
7471,0db0,74711b8750,0db08b7f9e,Nickel,Nickel,0,0.5601680401747077
0db0,7471,0db08b7f9e,74711b8750,Nickel,Nickel,0,0.5605323299234657
7471,fc6e,74711b8750,fc6e345a87,Nickel,Nickel,0,0.4457602434385642
fc6e,7471,fc6e345a87,74711b8750,Nickel,Nickel,0,0.4457602434385639
7471,5187,74711b8750,5187134316,Nickel,Nickel,0,0.48208404195675253
5187,7471,5187134316,74711b8750,Nickel,Nickel,0,0.48111717883404925
7471,9fbb,74711b8750,9fbbe4fcae,Nickel,Nickel,0,0.38970319641052786
9fbb,7471,9fbbe4fcae,74711b8750,Nickel,Nickel,0,0.3887576781740005
7471,744a,74711b8750,744a7e7690,Nickel,Nickel,0,0.5717264335169924
744a,7471,744a7e7690,74711b8750,Nickel,Nickel,0,0.5688731516819759
7471,9f5c,74711b8750,9f5cee2a11,Nickel,Nickel,0,0.5367625479715902
9f5c,7471,9f5cee2a11,74711b8750,Nickel,Nickel,0,0.5370068673708402
7471,3443,74711b8750,3443ea5ba5,Nickel,Nickel,0,0.537826512362146
3443,7471,3443ea5ba5,74711b8750,Nickel,Nickel,0,0.5375111229550839
7471,fa65,74711b8750,fa6595462f,Nickel,Nickel,0,0.5902931721242055
fa65,7471,fa6595462f,74711b8750,Nickel,Nickel,0,0.5884461440122508
7471,d469,74711b8750,d469fc3f70,Nickel,Nickel,0,0.5119012142027486
d469,7471,d469fc3f70,74711b8750,Nickel,Nickel,0,0.5114512557420212
7471,0e45,74711b8750,0e45ff7118,Nickel,Nickel,0,0.5230417138265685
0e45,7471,0e45ff7118,74711b8750,Nickel,Nickel,0,0.5230417138265683
7471,a80b,74711b8750,a80b46b6d1,Nickel,Nickel,0,0.4906532912089554
a80b,7471,a80b46b6d1,74711b8750,Nickel,Nickel,0,0.48898730523565115
7471,1ed3,74711b8750,1ed3442cfa,Nickel,Nickel,0,0.4861103845947454
1ed3,7471,1ed3442cfa,74711b8750,Nickel,Nickel,0,0.5430172487982082
7471,db48,74711b8750,db4804f266,Nickel,Nickel,0,0.4573313165963886
db48,7471,db4804f266,74711b8750,Nickel,Nickel,0,0.4565883424966928
7471,bf77,74711b8750,bf77a5ca9b,Nickel,Nickel,0,0.5147719046715699
bf77,7471,bf77a5ca9b,74711b8750,Nickel,Nickel,0,0.5148906002357528
7471,1318,74711b8750,13189e401d,Nickel,Nickel,0,0.42630010231565524
1318,7471,13189e401d,74711b8750,Nickel,Nickel,0,0.42630010231565535
7471,d507,74711b8750,d5070cee0f,Nickel,Nickel,0,0.6670693835877978
d507,7471,d5070cee0f,74711b8750,Nickel,Nickel,0,0.6663284260938273
7471,27c4,74711b8750,27c44d34a4,Nickel,Nickel,0,0.5116085499911976
27c4,7471,27c44d34a4,74711b8750,Nickel,Nickel,0,0.5117763727443714
7471,4e01,74711b8750,4e0193ff9e,Nickel,Nickel,0,0.6870808819790483
4e01,7471,4e0193ff9e,74711b8750,Nickel,Nickel,0,0.6877283661685007
7471,3c68,74711b8750,3c6819beb9,Nickel,Nickel,0,0.5055625034868869
3c68,7471,3c6819beb9,74711b8750,Nickel,Nickel,0,0.5060007531762649
7471,3a2a,74711b8750,3a2a75a851,Nickel,Nickel,0,0.7108533213425258
3a2a,7471,3a2a75a851,74711b8750,Nickel,Nickel,0,0.7117345441159466
7471,0d99,74711b8750,0d991a198f,Nickel,Nickel,0,0.5530600350127216
0d99,7471,0d991a198f,74711b8750,Nickel,Nickel,0,0.5534560394706795
e139,633f,e139e26428,633fbb7de1,Nickel,Nickel,0,0.6404890231313569
633f,e139,633fbb7de1,e139e26428,Nickel,Nickel,0,0.6404425850108961
e139,0b78,e139e26428,0b782c3069,Nickel,Nickel,0,0.4939324121455794
0b78,e139,0b782c3069,e139e26428,Nickel,Nickel,0,0.493591546821547
e139,7204,e139e26428,7204a1feeb,Nickel,Nickel,0,0.5624280160288225
7204,e139,7204a1feeb,e139e26428,Nickel,Nickel,0,0.5624279923476465
e139,ef4d,e139e26428,ef4d4aee2a,Nickel,Nickel,0,0.4908964547874373
ef4d,e139,ef4d4aee2a,e139e26428,Nickel,Nickel,0,0.4896594129384412
e139,8c82,e139e26428,8c82f237f9,Nickel,Nickel,0,0.5624173943559811
8c82,e139,8c82f237f9,e139e26428,Nickel,Nickel,0,0.5621626060272177
e139,d645,e139e26428,d64504718a,Nickel,Nickel,0,0.6284237084138177
d645,e139,d64504718a,e139e26428,Nickel,Nickel,0,0.6274684385333672
e139,6e46,e139e26428,6e46d2b898,Nickel,Nickel,0,0.6150535935496183
6e46,e139,6e46d2b898,e139e26428,Nickel,Nickel,0,0.614436377134338
e139,8eda,e139e26428,8edaa51105,Nickel,Nickel,0,0.5906462597351535
8eda,e139,8edaa51105,e139e26428,Nickel,Nickel,0,0.5906556707718718
e139,1be7,e139e26428,1be78463d7,Nickel,Nickel,0,0.7171323602894267
1be7,e139,1be78463d7,e139e26428,Nickel,Nickel,0,0.7101590741017771
e139,8197,e139e26428,8197f401c9,Nickel,Nickel,0,0.35172734303898845
8197,e139,8197f401c9,e139e26428,Nickel,Nickel,0,0.3521544403578747
e139,803e,e139e26428,803e2e304c,Nickel,Nickel,0,0.5465210788691292
803e,e139,803e2e304c,e139e26428,Nickel,Nickel,0,0.5464580684217638
e139,07ff,e139e26428,07ffa2d44f,Nickel,Nickel,0,0.5740073397339124
07ff,e139,07ffa2d44f,e139e26428,Nickel,Nickel,0,0.5710831539829404
e139,114a,e139e26428,114a81160d,Nickel,Nickel,0,0.6839611977230076
114a,e139,114a81160d,e139e26428,Nickel,Nickel,0,0.7287670788026993
e139,7db9,e139e26428,7db9fa3fdc,Nickel,Nickel,0,0.4922507329424351
7db9,e139,7db9fa3fdc,e139e26428,Nickel,Nickel,0,0.4923198653146748
e139,bd89,e139e26428,bd89ab2453,Nickel,Nickel,0,0.5777751690499492
bd89,e139,bd89ab2453,e139e26428,Nickel,Nickel,0,0.5774751369049526
e139,1f25,e139e26428,1f2544214d,Nickel,Nickel,0,0.737300711301279
1f25,e139,1f2544214d,e139e26428,Nickel,Nickel,0,0.7373007113012795
e139,c208,e139e26428,c2081b71be,Nickel,Nickel,0,0.5641615728689486
c208,e139,c2081b71be,e139e26428,Nickel,Nickel,0,0.6634499129847465
e139,a404,e139e26428,a404412c4e,Nickel,Nickel,0,0.7106173579066204
a404,e139,a404412c4e,e139e26428,Nickel,Nickel,0,0.7103909816504208
e139,ff11,e139e26428,ff11e3e39e,Nickel,Nickel,0,0.5276013505874938
ff11,e139,ff11e3e39e,e139e26428,Nickel,Nickel,0,0.5276013505874935
e139,88c2,e139e26428,88c293654f,Nickel,Nickel,0,0.5822909641000515
88c2,e139,88c293654f,e139e26428,Nickel,Nickel,0,0.5821836404133744
e139,ae9b,e139e26428,ae9b0acf0b,Nickel,Nickel,0,0.6510752974020945
ae9b,e139,ae9b0acf0b,e139e26428,Nickel,Nickel,0,0.6502138654318772
e139,a3b1,e139e26428,a3b1085bea,Nickel,Nickel,0,0.596226824946566
a3b1,e139,a3b1085bea,e139e26428,Nickel,Nickel,0,0.5963023266083591
e139,f366,e139e26428,f366f00cde,Nickel,Nickel,0,0.5459235125637877
f366,e139,f366f00cde,e139e26428,Nickel,Nickel,0,0.5455473101516353
e139,81bb,e139e26428,81bb3cb084,Nickel,Nickel,0,0.6405595674907699
81bb,e139,81bb3cb084,e139e26428,Nickel,Nickel,0,0.6404116836173558
e139,326b,e139e26428,326bd7053d,Nickel,Nickel,0,0.6146062286832022
326b,e139,326bd7053d,e139e26428,Nickel,Nickel,0,0.6144911202993397
e139,867e,e139e26428,867e742682,Nickel,Nickel,0,0.7245189034171337
867e,e139,867e742682,e139e26428,Nickel,Nickel,0,0.7310115400139945
e139,9c65,e139e26428,9c6504e345,Nickel,Nickel,0,0.6796642737114422
9c65,e139,9c6504e345,e139e26428,Nickel,Nickel,0,0.679345899773258
e139,27c0,e139e26428,27c03bf211,Nickel,Nickel,0,0.5817580769601308
27c0,e139,27c03bf211,e139e26428,Nickel,Nickel,0,0.5813932559193229
e139,ef85,e139e26428,ef85c2ef6b,Nickel,Nickel,0,0.6289149458429971
ef85,e139,ef85c2ef6b,e139e26428,Nickel,Nickel,0,0.6287125211341593
e139,9b00,e139e26428,9b00c4c264,Nickel,Nickel,0,0.6972796930670756
9b00,e139,9b00c4c264,e139e26428,Nickel,Nickel,0,0.6966045924672007
e139,93f6,e139e26428,93f6afc25d,Nickel,Nickel,0,0.5385246349024337
93f6,e139,93f6afc25d,e139e26428,Nickel,Nickel,0,0.5378477560717542
e139,a54c,e139e26428,a54ce43a84,Nickel,Nickel,0,0.6023208849020342
a54c,e139,a54ce43a84,e139e26428,Nickel,Nickel,0,0.6409156380132012
e139,218a,e139e26428,218ae10a65,Nickel,Nickel,0,0.5527801286739908
218a,e139,218ae10a65,e139e26428,Nickel,Nickel,0,0.5527801286739908
e139,9645,e139e26428,9645e12969,Nickel,Nickel,0,0.7137370126408691
9645,e139,9645e12969,e139e26428,Nickel,Nickel,0,0.7138894533921544
e139,0db0,e139e26428,0db08b7f9e,Nickel,Nickel,0,0.7044396186723599
0db0,e139,0db08b7f9e,e139e26428,Nickel,Nickel,0,0.7045421063316196
e139,fc6e,e139e26428,fc6e345a87,Nickel,Nickel,0,0.3744586154154861
fc6e,e139,fc6e345a87,e139e26428,Nickel,Nickel,0,0.3531842473717159
e139,5187,e139e26428,5187134316,Nickel,Nickel,0,0.6267792037545951
5187,e139,5187134316,e139e26428,Nickel,Nickel,0,0.6266082515551673
e139,9fbb,e139e26428,9fbbe4fcae,Nickel,Nickel,0,0.6847245587136428
9fbb,e139,9fbbe4fcae,e139e26428,Nickel,Nickel,0,0.6847539493005916
e139,744a,e139e26428,744a7e7690,Nickel,Nickel,0,0.5027205452312544
744a,e139,744a7e7690,e139e26428,Nickel,Nickel,0,0.48103000316632527
e139,9f5c,e139e26428,9f5cee2a11,Nickel,Nickel,0,0.5889998566266558
9f5c,e139,9f5cee2a11,e139e26428,Nickel,Nickel,0,0.61734453231803
e139,3443,e139e26428,3443ea5ba5,Nickel,Nickel,0,0.6161342679528381
3443,e139,3443ea5ba5,e139e26428,Nickel,Nickel,0,0.615234402978573
e139,fa65,e139e26428,fa6595462f,Nickel,Nickel,0,0.7372689353049522
fa65,e139,fa6595462f,e139e26428,Nickel,Nickel,0,0.727632149299481
e139,d469,e139e26428,d469fc3f70,Nickel,Nickel,0,0.4825038079799924
d469,e139,d469fc3f70,e139e26428,Nickel,Nickel,0,0.4822334405891436
e139,0e45,e139e26428,0e45ff7118,Nickel,Nickel,0,0.5426048759243616
0e45,e139,0e45ff7118,e139e26428,Nickel,Nickel,0,0.5425774638125618
e139,a80b,e139e26428,a80b46b6d1,Nickel,Nickel,0,0.5783686805880996
a80b,e139,a80b46b6d1,e139e26428,Nickel,Nickel,0,0.5784928053292407
e139,1ed3,e139e26428,1ed3442cfa,Nickel,Nickel,0,0.6490022614287211
1ed3,e139,1ed3442cfa,e139e26428,Nickel,Nickel,0,0.6489564846898831
e139,db48,e139e26428,db4804f266,Nickel,Nickel,0,0.741938707629032
db48,e139,db4804f266,e139e26428,Nickel,Nickel,0,0.7417597008193234
e139,bf77,e139e26428,bf77a5ca9b,Nickel,Nickel,0,0.4705696752407691
bf77,e139,bf77a5ca9b,e139e26428,Nickel,Nickel,0,0.47054964162471025
e139,1318,e139e26428,13189e401d,Nickel,Nickel,0,0.5337594701422108
1318,e139,13189e401d,e139e26428,Nickel,Nickel,0,0.5336357782212291
e139,d507,e139e26428,d5070cee0f,Nickel,Nickel,0,0.5121402503726334
d507,e139,d5070cee0f,e139e26428,Nickel,Nickel,0,0.5121147411501512
e139,27c4,e139e26428,27c44d34a4,Nickel,Nickel,0,0.5070362143365477
27c4,e139,27c44d34a4,e139e26428,Nickel,Nickel,0,0.50664978783484
e139,4e01,e139e26428,4e0193ff9e,Nickel,Nickel,0,0.6627811015167763
4e01,e139,4e0193ff9e,e139e26428,Nickel,Nickel,0,0.6622106976261168
e139,3c68,e139e26428,3c6819beb9,Nickel,Nickel,0,0.5338369214622212
3c68,e139,3c6819beb9,e139e26428,Nickel,Nickel,0,0.5337188745784213
e139,3a2a,e139e26428,3a2a75a851,Nickel,Nickel,0,0.5123501140294887
3a2a,e139,3a2a75a851,e139e26428,Nickel,Nickel,0,0.5126892535436592
e139,0d99,e139e26428,0d991a198f,Nickel,Nickel,0,0.5366320979272969
0d99,e139,0d991a198f,e139e26428,Nickel,Nickel,0,0.5364859719568229
633f,0b78,633fbb7de1,0b782c3069,Nickel,Nickel,0,0.6416433939446046
0b78,633f,0b782c3069,633fbb7de1,Nickel,Nickel,0,0.640731827800829
633f,7204,633fbb7de1,7204a1feeb,Nickel,Nickel,0,0.6449220081752588
7204,633f,7204a1feeb,633fbb7de1,Nickel,Nickel,0,0.652853850899879
633f,ef4d,633fbb7de1,ef4d4aee2a,Nickel,Nickel,0,0.690464877761476
ef4d,633f,ef4d4aee2a,633fbb7de1,Nickel,Nickel,0,0.8233701318980444
633f,8c82,633fbb7de1,8c82f237f9,Nickel,Nickel,0,0.5199981246870894
8c82,633f,8c82f237f9,633fbb7de1,Nickel,Nickel,0,0.47480565087478166
633f,d645,633fbb7de1,d64504718a,Nickel,Nickel,0,0.4962125271212865
d645,633f,d64504718a,633fbb7de1,Nickel,Nickel,0,0.49586226417839163
633f,6e46,633fbb7de1,6e46d2b898,Nickel,Nickel,0,0.45826974583013275
6e46,633f,6e46d2b898,633fbb7de1,Nickel,Nickel,0,0.4584217824338601
633f,8eda,633fbb7de1,8edaa51105,Nickel,Nickel,0,0.6160688836435328
8eda,633f,8edaa51105,633fbb7de1,Nickel,Nickel,0,0.61560282192204
633f,1be7,633fbb7de1,1be78463d7,Nickel,Nickel,0,0.38899957367861215
1be7,633f,1be78463d7,633fbb7de1,Nickel,Nickel,0,0.3889553507194012
633f,8197,633fbb7de1,8197f401c9,Nickel,Nickel,0,0.3507697496474819
8197,633f,8197f401c9,633fbb7de1,Nickel,Nickel,0,0.35076713733397735
633f,803e,633fbb7de1,803e2e304c,Nickel,Nickel,0,0.6003199540492231
803e,633f,803e2e304c,633fbb7de1,Nickel,Nickel,0,0.6124644505529202
633f,07ff,633fbb7de1,07ffa2d44f,Nickel,Nickel,0,0.5587523770334618
07ff,633f,07ffa2d44f,633fbb7de1,Nickel,Nickel,0,0.5582955554422702
633f,114a,633fbb7de1,114a81160d,Nickel,Nickel,0,0.7371878656118088
114a,633f,114a81160d,633fbb7de1,Nickel,Nickel,0,0.7369817253598807
633f,7db9,633fbb7de1,7db9fa3fdc,Nickel,Nickel,0,0.6692208416343173
7db9,633f,7db9fa3fdc,633fbb7de1,Nickel,Nickel,0,0.6692208416343169
633f,bd89,633fbb7de1,bd89ab2453,Nickel,Nickel,0,0.6773353295838874
bd89,633f,bd89ab2453,633fbb7de1,Nickel,Nickel,0,0.677054210288816
633f,1f25,633fbb7de1,1f2544214d,Nickel,Nickel,0,0.5481021566842529
1f25,633f,1f2544214d,633fbb7de1,Nickel,Nickel,0,0.5481759318603846
633f,c208,633fbb7de1,c2081b71be,Nickel,Nickel,0,0.7500548670361795
c208,633f,c2081b71be,633fbb7de1,Nickel,Nickel,0,0.749678431722369
633f,a404,633fbb7de1,a404412c4e,Nickel,Nickel,0,0.5350338105850189
a404,633f,a404412c4e,633fbb7de1,Nickel,Nickel,0,0.535329097385249
633f,ff11,633fbb7de1,ff11e3e39e,Nickel,Nickel,0,0.5509720822156645
ff11,633f,ff11e3e39e,633fbb7de1,Nickel,Nickel,0,0.5502693507257022
633f,88c2,633fbb7de1,88c293654f,Nickel,Nickel,0,0.7296002357264366
88c2,633f,88c293654f,633fbb7de1,Nickel,Nickel,0,0.4927413495224922
633f,ae9b,633fbb7de1,ae9b0acf0b,Nickel,Nickel,0,0.5383944208240831
ae9b,633f,ae9b0acf0b,633fbb7de1,Nickel,Nickel,0,0.5373425319817802
633f,a3b1,633fbb7de1,a3b1085bea,Nickel,Nickel,0,0.5569834231023995
a3b1,633f,a3b1085bea,633fbb7de1,Nickel,Nickel,0,0.5564868064766847
633f,f366,633fbb7de1,f366f00cde,Nickel,Nickel,0,0.6551462803411876
f366,633f,f366f00cde,633fbb7de1,Nickel,Nickel,0,0.6544122617556333
633f,81bb,633fbb7de1,81bb3cb084,Nickel,Nickel,0,0.6201254056679529
81bb,633f,81bb3cb084,633fbb7de1,Nickel,Nickel,0,0.6200854571143505
633f,326b,633fbb7de1,326bd7053d,Nickel,Nickel,0,0.6902142573187817
326b,633f,326bd7053d,633fbb7de1,Nickel,Nickel,0,0.7290314511031026
633f,867e,633fbb7de1,867e742682,Nickel,Nickel,0,0.5374045602585327
867e,633f,867e742682,633fbb7de1,Nickel,Nickel,0,0.5373695210770691
633f,9c65,633fbb7de1,9c6504e345,Nickel,Nickel,0,0.6282653007710834
9c65,633f,9c6504e345,633fbb7de1,Nickel,Nickel,0,0.6282653007710834
633f,27c0,633fbb7de1,27c03bf211,Nickel,Nickel,0,0.7324572592494841
27c0,633f,27c03bf211,633fbb7de1,Nickel,Nickel,0,0.7275642475559915
633f,ef85,633fbb7de1,ef85c2ef6b,Nickel,Nickel,0,0.6772361620842193
ef85,633f,ef85c2ef6b,633fbb7de1,Nickel,Nickel,0,0.6753943157784195
633f,9b00,633fbb7de1,9b00c4c264,Nickel,Nickel,0,0.5057514395246084
9b00,633f,9b00c4c264,633fbb7de1,Nickel,Nickel,0,0.5033082577490818
633f,93f6,633fbb7de1,93f6afc25d,Nickel,Nickel,0,0.6198071492481587
93f6,633f,93f6afc25d,633fbb7de1,Nickel,Nickel,0,0.6195448666350359
633f,a54c,633fbb7de1,a54ce43a84,Nickel,Nickel,0,0.5791072214334732
a54c,633f,a54ce43a84,633fbb7de1,Nickel,Nickel,0,0.5793361924587788
633f,218a,633fbb7de1,218ae10a65,Nickel,Nickel,0,0.6240805919123508
218a,633f,218ae10a65,633fbb7de1,Nickel,Nickel,0,0.6243349418622791
633f,9645,633fbb7de1,9645e12969,Nickel,Nickel,0,0.540169916228586
9645,633f,9645e12969,633fbb7de1,Nickel,Nickel,0,0.5405311177892193
633f,0db0,633fbb7de1,0db08b7f9e,Nickel,Nickel,0,0.576808535585635
0db0,633f,0db08b7f9e,633fbb7de1,Nickel,Nickel,0,0.5765120361076935
633f,fc6e,633fbb7de1,fc6e345a87,Nickel,Nickel,0,0.4135367684989077
fc6e,633f,fc6e345a87,633fbb7de1,Nickel,Nickel,0,0.41356795857598944
633f,5187,633fbb7de1,5187134316,Nickel,Nickel,0,0.6534671635756911
5187,633f,5187134316,633fbb7de1,Nickel,Nickel,0,0.6527630277672376
633f,9fbb,633fbb7de1,9fbbe4fcae,Nickel,Nickel,0,0.5528204306913215
9fbb,633f,9fbbe4fcae,633fbb7de1,Nickel,Nickel,0,0.5526314150057295
633f,744a,633fbb7de1,744a7e7690,Nickel,Nickel,0,0.46510354804162246
744a,633f,744a7e7690,633fbb7de1,Nickel,Nickel,0,0.4643311259692333
633f,9f5c,633fbb7de1,9f5cee2a11,Nickel,Nickel,0,0.6697065990680845
9f5c,633f,9f5cee2a11,633fbb7de1,Nickel,Nickel,0,0.6695969642008573
633f,3443,633fbb7de1,3443ea5ba5,Nickel,Nickel,0,0.5219429332078153
3443,633f,3443ea5ba5,633fbb7de1,Nickel,Nickel,0,0.5203038283389957
633f,fa65,633fbb7de1,fa6595462f,Nickel,Nickel,0,0.6478626588447535
fa65,633f,fa6595462f,633fbb7de1,Nickel,Nickel,0,0.6475280212840996
633f,d469,633fbb7de1,d469fc3f70,Nickel,Nickel,0,0.6242287872050879
d469,633f,d469fc3f70,633fbb7de1,Nickel,Nickel,0,0.6223949106468664
633f,0e45,633fbb7de1,0e45ff7118,Nickel,Nickel,0,0.6638708923899146
0e45,633f,0e45ff7118,633fbb7de1,Nickel,Nickel,0,0.6657825437548428
633f,a80b,633fbb7de1,a80b46b6d1,Nickel,Nickel,0,0.6111371593917256
a80b,633f,a80b46b6d1,633fbb7de1,Nickel,Nickel,0,0.6244416060159614
633f,1ed3,633fbb7de1,1ed3442cfa,Nickel,Nickel,0,0.44700568040509414
1ed3,633f,1ed3442cfa,633fbb7de1,Nickel,Nickel,0,0.4470056804050941
633f,db48,633fbb7de1,db4804f266,Nickel,Nickel,0,0.5117141276664912
db48,633f,db4804f266,633fbb7de1,Nickel,Nickel,0,0.5117141276664913
633f,bf77,633fbb7de1,bf77a5ca9b,Nickel,Nickel,0,0.6799750453571186
bf77,633f,bf77a5ca9b,633fbb7de1,Nickel,Nickel,0,0.679663516798428
633f,1318,633fbb7de1,13189e401d,Nickel,Nickel,0,0.6782610914038116
1318,633f,13189e401d,633fbb7de1,Nickel,Nickel,0,0.6782371916757348
633f,d507,633fbb7de1,d5070cee0f,Nickel,Nickel,0,0.4733015845240866
d507,633f,d5070cee0f,633fbb7de1,Nickel,Nickel,0,0.47348237666517645
633f,27c4,633fbb7de1,27c44d34a4,Nickel,Nickel,0,0.6650546674226991
27c4,633f,27c44d34a4,633fbb7de1,Nickel,Nickel,0,0.6650366900348593
633f,4e01,633fbb7de1,4e0193ff9e,Nickel,Nickel,0,0.4797933561190398
4e01,633f,4e0193ff9e,633fbb7de1,Nickel,Nickel,0,0.4793204421936727
633f,3c68,633fbb7de1,3c6819beb9,Nickel,Nickel,0,0.5752108909802699
3c68,633f,3c6819beb9,633fbb7de1,Nickel,Nickel,0,0.5752345378195132
633f,3a2a,633fbb7de1,3a2a75a851,Nickel,Nickel,0,0.6518174055699091
3a2a,633f,3a2a75a851,633fbb7de1,Nickel,Nickel,0,0.5662220434879991
633f,0d99,633fbb7de1,0d991a198f,Nickel,Nickel,0,0.7009674592868625
0d99,633f,0d991a198f,633fbb7de1,Nickel,Nickel,0,0.7009633512575073
0b78,7204,0b782c3069,7204a1feeb,Nickel,Nickel,0,0.5856587569166093
7204,0b78,7204a1feeb,0b782c3069,Nickel,Nickel,0,0.5867687864557557
0b78,ef4d,0b782c3069,ef4d4aee2a,Nickel,Nickel,0,0.5586517112011073
ef4d,0b78,ef4d4aee2a,0b782c3069,Nickel,Nickel,0,0.5585421489178161
0b78,8c82,0b782c3069,8c82f237f9,Nickel,Nickel,0,0.5082537026605899
8c82,0b78,8c82f237f9,0b782c3069,Nickel,Nickel,0,0.5077933735844736
0b78,d645,0b782c3069,d64504718a,Nickel,Nickel,0,0.5590437935879108
d645,0b78,d64504718a,0b782c3069,Nickel,Nickel,0,0.5582997416328845
0b78,6e46,0b782c3069,6e46d2b898,Nickel,Nickel,0,0.5138998650280627
6e46,0b78,6e46d2b898,0b782c3069,Nickel,Nickel,0,0.5139521506861936
0b78,8eda,0b782c3069,8edaa51105,Nickel,Nickel,0,0.5230241577846626
8eda,0b78,8edaa51105,0b782c3069,Nickel,Nickel,0,0.5235073040335159
0b78,1be7,0b782c3069,1be78463d7,Nickel,Nickel,0,0.6243253336671657
1be7,0b78,1be78463d7,0b782c3069,Nickel,Nickel,0,0.6245913848854439
0b78,8197,0b782c3069,8197f401c9,Nickel,Nickel,0,0.47882003896345804
8197,0b78,8197f401c9,0b782c3069,Nickel,Nickel,0,0.47916457930045464
0b78,803e,0b782c3069,803e2e304c,Nickel,Nickel,0,0.44870941697743427
803e,0b78,803e2e304c,0b782c3069,Nickel,Nickel,0,0.4522539612523462
0b78,07ff,0b782c3069,07ffa2d44f,Nickel,Nickel,0,0.5686302230999142
07ff,0b78,07ffa2d44f,0b782c3069,Nickel,Nickel,0,0.5685232313306733
0b78,114a,0b782c3069,114a81160d,Nickel,Nickel,0,0.6121526132360888
114a,0b78,114a81160d,0b782c3069,Nickel,Nickel,0,0.6135563873972951
0b78,7db9,0b782c3069,7db9fa3fdc,Nickel,Nickel,0,0.49323244857699383
7db9,0b78,7db9fa3fdc,0b782c3069,Nickel,Nickel,0,0.4932324485769938
0b78,bd89,0b782c3069,bd89ab2453,Nickel,Nickel,0,0.5522071855224848
bd89,0b78,bd89ab2453,0b782c3069,Nickel,Nickel,0,0.5532679664459731
0b78,1f25,0b782c3069,1f2544214d,Nickel,Nickel,0,0.589310470116085
1f25,0b78,1f2544214d,0b782c3069,Nickel,Nickel,0,0.5890775403284997
0b78,c208,0b782c3069,c2081b71be,Nickel,Nickel,0,0.4844500011254544
c208,0b78,c2081b71be,0b782c3069,Nickel,Nickel,0,0.4843338494083978
0b78,a404,0b782c3069,a404412c4e,Nickel,Nickel,0,0.687725898349553
a404,0b78,a404412c4e,0b782c3069,Nickel,Nickel,0,0.6879118349892186
0b78,ff11,0b782c3069,ff11e3e39e,Nickel,Nickel,0,0.5187995628472417
ff11,0b78,ff11e3e39e,0b782c3069,Nickel,Nickel,0,0.5186934159926068
0b78,88c2,0b782c3069,88c293654f,Nickel,Nickel,0,0.6512219081487911
88c2,0b78,88c293654f,0b782c3069,Nickel,Nickel,0,0.6509595018119546
0b78,ae9b,0b782c3069,ae9b0acf0b,Nickel,Nickel,0,0.5978768209346647
ae9b,0b78,ae9b0acf0b,0b782c3069,Nickel,Nickel,0,0.6072370587375979
0b78,a3b1,0b782c3069,a3b1085bea,Nickel,Nickel,0,0.5690396648069543
a3b1,0b78,a3b1085bea,0b782c3069,Nickel,Nickel,0,0.5694894299355143
0b78,f366,0b782c3069,f366f00cde,Nickel,Nickel,0,0.5184617669559232
f366,0b78,f366f00cde,0b782c3069,Nickel,Nickel,0,0.5184533089996869
0b78,81bb,0b782c3069,81bb3cb084,Nickel,Nickel,0,0.5312672217996312
81bb,0b78,81bb3cb084,0b782c3069,Nickel,Nickel,0,0.5310651423873755
0b78,326b,0b782c3069,326bd7053d,Nickel,Nickel,0,0.5299166874243268
326b,0b78,326bd7053d,0b782c3069,Nickel,Nickel,0,0.5298492074739568
0b78,867e,0b782c3069,867e742682,Nickel,Nickel,0,0.737981777217712
867e,0b78,867e742682,0b782c3069,Nickel,Nickel,0,0.7379408026475662
0b78,9c65,0b782c3069,9c6504e345,Nickel,Nickel,0,0.5777414900404866
9c65,0b78,9c6504e345,0b782c3069,Nickel,Nickel,0,0.5780244954482703
0b78,27c0,0b782c3069,27c03bf211,Nickel,Nickel,0,0.5479873153066693
27c0,0b78,27c03bf211,0b782c3069,Nickel,Nickel,0,0.547840056506043
0b78,ef85,0b782c3069,ef85c2ef6b,Nickel,Nickel,0,0.5307326703507023
ef85,0b78,ef85c2ef6b,0b782c3069,Nickel,Nickel,0,0.5308852669657171
0b78,9b00,0b782c3069,9b00c4c264,Nickel,Nickel,0,0.4578831521325437
9b00,0b78,9b00c4c264,0b782c3069,Nickel,Nickel,0,0.4579768423231651
0b78,93f6,0b782c3069,93f6afc25d,Nickel,Nickel,0,0.4798349329937517
93f6,0b78,93f6afc25d,0b782c3069,Nickel,Nickel,0,0.4797582333012724
0b78,a54c,0b782c3069,a54ce43a84,Nickel,Nickel,0,0.5426786817014295
a54c,0b78,a54ce43a84,0b782c3069,Nickel,Nickel,0,0.5427058547219131
0b78,218a,0b782c3069,218ae10a65,Nickel,Nickel,0,0.45718945712091824
218a,0b78,218ae10a65,0b782c3069,Nickel,Nickel,0,0.45698582164988244
0b78,9645,0b782c3069,9645e12969,Nickel,Nickel,0,0.3572958343323495
9645,0b78,9645e12969,0b782c3069,Nickel,Nickel,0,0.3581899664938974
0b78,0db0,0b782c3069,0db08b7f9e,Nickel,Nickel,0,0.6194819890759011
0db0,0b78,0db08b7f9e,0b782c3069,Nickel,Nickel,0,0.6203139239770271
0b78,fc6e,0b782c3069,fc6e345a87,Nickel,Nickel,0,0.5207413059563551
fc6e,0b78,fc6e345a87,0b782c3069,Nickel,Nickel,0,0.5215707909995568
0b78,5187,0b782c3069,5187134316,Nickel,Nickel,0,0.7129997215664431
5187,0b78,5187134316,0b782c3069,Nickel,Nickel,0,0.7139711388129821
0b78,9fbb,0b782c3069,9fbbe4fcae,Nickel,Nickel,0,0.4422548012062232
9fbb,0b78,9fbbe4fcae,0b782c3069,Nickel,Nickel,0,0.44274824506746785
0b78,744a,0b782c3069,744a7e7690,Nickel,Nickel,0,0.5407777447015462
744a,0b78,744a7e7690,0b782c3069,Nickel,Nickel,0,0.5414050253140487
0b78,9f5c,0b782c3069,9f5cee2a11,Nickel,Nickel,0,0.5101349049573605
9f5c,0b78,9f5cee2a11,0b782c3069,Nickel,Nickel,0,0.5246440468786928
0b78,3443,0b782c3069,3443ea5ba5,Nickel,Nickel,0,0.5308924004115556
3443,0b78,3443ea5ba5,0b782c3069,Nickel,Nickel,0,0.5309203189114408
0b78,fa65,0b782c3069,fa6595462f,Nickel,Nickel,0,0.7286180638797117
fa65,0b78,fa6595462f,0b782c3069,Nickel,Nickel,0,0.6537852223939487
0b78,d469,0b782c3069,d469fc3f70,Nickel,Nickel,0,0.49454062248564296
d469,0b78,d469fc3f70,0b782c3069,Nickel,Nickel,0,0.4945541601682123
0b78,0e45,0b782c3069,0e45ff7118,Nickel,Nickel,0,0.6091549839526084
0e45,0b78,0e45ff7118,0b782c3069,Nickel,Nickel,0,0.6093081789278033
0b78,a80b,0b782c3069,a80b46b6d1,Nickel,Nickel,0,0.5156189048307042
a80b,0b78,a80b46b6d1,0b782c3069,Nickel,Nickel,0,0.5155699133404703
0b78,1ed3,0b782c3069,1ed3442cfa,Nickel,Nickel,0,0.5178459821388057
1ed3,0b78,1ed3442cfa,0b782c3069,Nickel,Nickel,0,0.5189336774652251
0b78,db48,0b782c3069,db4804f266,Nickel,Nickel,0,0.6258466601381242
db48,0b78,db4804f266,0b782c3069,Nickel,Nickel,0,0.6278752732441721
0b78,bf77,0b782c3069,bf77a5ca9b,Nickel,Nickel,0,0.5206151076661591
bf77,0b78,bf77a5ca9b,0b782c3069,Nickel,Nickel,0,0.5205490912366483
0b78,1318,0b782c3069,13189e401d,Nickel,Nickel,0,0.6003840005855999
1318,0b78,13189e401d,0b782c3069,Nickel,Nickel,0,0.6001067689571428
0b78,d507,0b782c3069,d5070cee0f,Nickel,Nickel,0,0.5278569590380167
d507,0b78,d5070cee0f,0b782c3069,Nickel,Nickel,0,0.5302860028340034
0b78,27c4,0b782c3069,27c44d34a4,Nickel,Nickel,0,0.604170909662831
27c4,0b78,27c44d34a4,0b782c3069,Nickel,Nickel,0,0.6042064921428024
0b78,4e01,0b782c3069,4e0193ff9e,Nickel,Nickel,0,0.5758683644601794
4e01,0b78,4e0193ff9e,0b782c3069,Nickel,Nickel,0,0.5755371240508067
0b78,3c68,0b782c3069,3c6819beb9,Nickel,Nickel,0,0.366062446206586
3c68,0b78,3c6819beb9,0b782c3069,Nickel,Nickel,0,0.365898327771776
0b78,3a2a,0b782c3069,3a2a75a851,Nickel,Nickel,0,0.6331905345574101
3a2a,0b78,3a2a75a851,0b782c3069,Nickel,Nickel,0,0.633252905378395
0b78,0d99,0b782c3069,0d991a198f,Nickel,Nickel,0,0.575651914857261
0d99,0b78,0d991a198f,0b782c3069,Nickel,Nickel,0,0.5753493169980483
7204,ef4d,7204a1feeb,ef4d4aee2a,Nickel,Nickel,0,0.6682705283343724
ef4d,7204,ef4d4aee2a,7204a1feeb,Nickel,Nickel,0,0.6681926420237129
7204,8c82,7204a1feeb,8c82f237f9,Nickel,Nickel,0,0.5825353291058394
8c82,7204,8c82f237f9,7204a1feeb,Nickel,Nickel,0,0.5808731197905633
7204,d645,7204a1feeb,d64504718a,Nickel,Nickel,0,0.782550896093988
d645,7204,d64504718a,7204a1feeb,Nickel,Nickel,0,0.7812356607870286
7204,6e46,7204a1feeb,6e46d2b898,Nickel,Nickel,0,0.4962721275391422
6e46,7204,6e46d2b898,7204a1feeb,Nickel,Nickel,0,0.4951711804211185
7204,8eda,7204a1feeb,8edaa51105,Nickel,Nickel,0,0.7244142189306592
8eda,7204,8edaa51105,7204a1feeb,Nickel,Nickel,0,0.7234811067848581
7204,1be7,7204a1feeb,1be78463d7,Nickel,Nickel,0,0.6692218218440439
1be7,7204,1be78463d7,7204a1feeb,Nickel,Nickel,0,0.6288359300988854
7204,8197,7204a1feeb,8197f401c9,Nickel,Nickel,0,0.5006891126397658
8197,7204,8197f401c9,7204a1feeb,Nickel,Nickel,0,0.5004577685232633
7204,803e,7204a1feeb,803e2e304c,Nickel,Nickel,0,0.6636518445705247
803e,7204,803e2e304c,7204a1feeb,Nickel,Nickel,0,0.6640226974019025
7204,07ff,7204a1feeb,07ffa2d44f,Nickel,Nickel,0,0.5173686503199563
07ff,7204,07ffa2d44f,7204a1feeb,Nickel,Nickel,0,0.5163764142623868
7204,114a,7204a1feeb,114a81160d,Nickel,Nickel,0,0.6558886561855789
114a,7204,114a81160d,7204a1feeb,Nickel,Nickel,0,0.6552014731620633
7204,7db9,7204a1feeb,7db9fa3fdc,Nickel,Nickel,0,0.7066032960837485
7db9,7204,7db9fa3fdc,7204a1feeb,Nickel,Nickel,0,0.7062522924360117
7204,bd89,7204a1feeb,bd89ab2453,Nickel,Nickel,0,0.5043640914455746
bd89,7204,bd89ab2453,7204a1feeb,Nickel,Nickel,0,0.5024488720368516
7204,1f25,7204a1feeb,1f2544214d,Nickel,Nickel,0,0.4597388855383177
1f25,7204,1f2544214d,7204a1feeb,Nickel,Nickel,0,0.4595105610147058
7204,c208,7204a1feeb,c2081b71be,Nickel,Nickel,0,0.5246026784444001
c208,7204,c2081b71be,7204a1feeb,Nickel,Nickel,0,0.5246772971043968
7204,a404,7204a1feeb,a404412c4e,Nickel,Nickel,0,0.684382034699936
a404,7204,a404412c4e,7204a1feeb,Nickel,Nickel,0,0.6844198110118774
7204,ff11,7204a1feeb,ff11e3e39e,Nickel,Nickel,0,0.49201562796163456
ff11,7204,ff11e3e39e,7204a1feeb,Nickel,Nickel,0,0.4919794079193538
7204,88c2,7204a1feeb,88c293654f,Nickel,Nickel,0,0.6227602866926245
88c2,7204,88c293654f,7204a1feeb,Nickel,Nickel,0,0.622327095201791
7204,ae9b,7204a1feeb,ae9b0acf0b,Nickel,Nickel,0,0.5372839136911622
ae9b,7204,ae9b0acf0b,7204a1feeb,Nickel,Nickel,0,0.5370875894364672
7204,a3b1,7204a1feeb,a3b1085bea,Nickel,Nickel,0,0.547131688047152
a3b1,7204,a3b1085bea,7204a1feeb,Nickel,Nickel,0,0.5469732611505536
7204,f366,7204a1feeb,f366f00cde,Nickel,Nickel,0,0.6343945416565833
f366,7204,f366f00cde,7204a1feeb,Nickel,Nickel,0,0.634367919665491
7204,81bb,7204a1feeb,81bb3cb084,Nickel,Nickel,0,0.5172713383269228
81bb,7204,81bb3cb084,7204a1feeb,Nickel,Nickel,0,0.4711420854328318
7204,326b,7204a1feeb,326bd7053d,Nickel,Nickel,0,0.6687175526055755
326b,7204,326bd7053d,7204a1feeb,Nickel,Nickel,0,0.6687175526055756
7204,867e,7204a1feeb,867e742682,Nickel,Nickel,0,0.6222289436474889
867e,7204,867e742682,7204a1feeb,Nickel,Nickel,0,0.6211459157563701
7204,9c65,7204a1feeb,9c6504e345,Nickel,Nickel,0,0.7625515647226895
9c65,7204,9c6504e345,7204a1feeb,Nickel,Nickel,0,0.7623047912243662
7204,27c0,7204a1feeb,27c03bf211,Nickel,Nickel,0,0.5522827040452891
27c0,7204,27c03bf211,7204a1feeb,Nickel,Nickel,0,0.5526669632661095
7204,ef85,7204a1feeb,ef85c2ef6b,Nickel,Nickel,0,0.6879220308727312
ef85,7204,ef85c2ef6b,7204a1feeb,Nickel,Nickel,0,0.6881971975940488
7204,9b00,7204a1feeb,9b00c4c264,Nickel,Nickel,0,0.7579551837488482
9b00,7204,9b00c4c264,7204a1feeb,Nickel,Nickel,0,0.7566304944945844
7204,93f6,7204a1feeb,93f6afc25d,Nickel,Nickel,0,0.4147474133409377
93f6,7204,93f6afc25d,7204a1feeb,Nickel,Nickel,0,0.4145643607626043
7204,a54c,7204a1feeb,a54ce43a84,Nickel,Nickel,0,0.47048256129054816
a54c,7204,a54ce43a84,7204a1feeb,Nickel,Nickel,0,0.46776904713470513
7204,218a,7204a1feeb,218ae10a65,Nickel,Nickel,0,0.6617119649091248
218a,7204,218ae10a65,7204a1feeb,Nickel,Nickel,0,0.6615587885741051
7204,9645,7204a1feeb,9645e12969,Nickel,Nickel,0,0.341673066931777
9645,7204,9645e12969,7204a1feeb,Nickel,Nickel,0,0.3415243242952173
7204,0db0,7204a1feeb,0db08b7f9e,Nickel,Nickel,0,0.7067711893480214
0db0,7204,0db08b7f9e,7204a1feeb,Nickel,Nickel,0,0.7061727109528162
7204,fc6e,7204a1feeb,fc6e345a87,Nickel,Nickel,0,0.5304429544669124
fc6e,7204,fc6e345a87,7204a1feeb,Nickel,Nickel,0,0.5302856911853725
7204,5187,7204a1feeb,5187134316,Nickel,Nickel,0,0.6022536127541748
5187,7204,5187134316,7204a1feeb,Nickel,Nickel,0,0.6016324259536026
7204,9fbb,7204a1feeb,9fbbe4fcae,Nickel,Nickel,0,0.7183540938733513
9fbb,7204,9fbbe4fcae,7204a1feeb,Nickel,Nickel,0,0.718389735084195
7204,744a,7204a1feeb,744a7e7690,Nickel,Nickel,0,0.5842679096030077
744a,7204,744a7e7690,7204a1feeb,Nickel,Nickel,0,0.5847614984159277
7204,9f5c,7204a1feeb,9f5cee2a11,Nickel,Nickel,0,0.571668551897996
9f5c,7204,9f5cee2a11,7204a1feeb,Nickel,Nickel,0,0.5720367034614319
7204,3443,7204a1feeb,3443ea5ba5,Nickel,Nickel,0,0.5977906835387392
3443,7204,3443ea5ba5,7204a1feeb,Nickel,Nickel,0,0.597647400581083
7204,fa65,7204a1feeb,fa6595462f,Nickel,Nickel,0,0.614252835070524
fa65,7204,fa6595462f,7204a1feeb,Nickel,Nickel,0,0.6130385097855579
7204,d469,7204a1feeb,d469fc3f70,Nickel,Nickel,0,0.48976615928989226
d469,7204,d469fc3f70,7204a1feeb,Nickel,Nickel,0,0.4897769038768254
7204,0e45,7204a1feeb,0e45ff7118,Nickel,Nickel,0,0.5406998473381708
0e45,7204,0e45ff7118,7204a1feeb,Nickel,Nickel,0,0.5399818584800533
7204,a80b,7204a1feeb,a80b46b6d1,Nickel,Nickel,0,0.6042601268581422
a80b,7204,a80b46b6d1,7204a1feeb,Nickel,Nickel,0,0.6027958341736693
7204,1ed3,7204a1feeb,1ed3442cfa,Nickel,Nickel,0,0.5236347237945089
1ed3,7204,1ed3442cfa,7204a1feeb,Nickel,Nickel,0,0.5236488843863675
7204,db48,7204a1feeb,db4804f266,Nickel,Nickel,0,0.557773917865601
db48,7204,db4804f266,7204a1feeb,Nickel,Nickel,0,0.5577967033701081
7204,bf77,7204a1feeb,bf77a5ca9b,Nickel,Nickel,0,0.5445430916285128
bf77,7204,bf77a5ca9b,7204a1feeb,Nickel,Nickel,0,0.5446613075689687
7204,1318,7204a1feeb,13189e401d,Nickel,Nickel,0,0.6426898275028524
1318,7204,13189e401d,7204a1feeb,Nickel,Nickel,0,0.660024569275588
7204,d507,7204a1feeb,d5070cee0f,Nickel,Nickel,0,0.5112050551000418
d507,7204,d5070cee0f,7204a1feeb,Nickel,Nickel,0,0.5112911657703674
7204,27c4,7204a1feeb,27c44d34a4,Nickel,Nickel,0,0.6684310732385217
27c4,7204,27c44d34a4,7204a1feeb,Nickel,Nickel,0,0.6668261806840705
7204,4e01,7204a1feeb,4e0193ff9e,Nickel,Nickel,0,0.4682679917838965
4e01,7204,4e0193ff9e,7204a1feeb,Nickel,Nickel,0,0.46839467062184004
7204,3c68,7204a1feeb,3c6819beb9,Nickel,Nickel,0,0.5511937252301036
3c68,7204,3c6819beb9,7204a1feeb,Nickel,Nickel,0,0.5509362843427209
7204,3a2a,7204a1feeb,3a2a75a851,Nickel,Nickel,0,0.6010939502385071
3a2a,7204,3a2a75a851,7204a1feeb,Nickel,Nickel,0,0.5990048031987669
7204,0d99,7204a1feeb,0d991a198f,Nickel,Nickel,0,0.672626322916299
0d99,7204,0d991a198f,7204a1feeb,Nickel,Nickel,0,0.6728429432784993
ef4d,8c82,ef4d4aee2a,8c82f237f9,Nickel,Nickel,0,0.6381501466394548
8c82,ef4d,8c82f237f9,ef4d4aee2a,Nickel,Nickel,0,0.6381501466394549
ef4d,d645,ef4d4aee2a,d64504718a,Nickel,Nickel,0,0.6848118486250141
d645,ef4d,d64504718a,ef4d4aee2a,Nickel,Nickel,0,0.6846518574227025
ef4d,6e46,ef4d4aee2a,6e46d2b898,Nickel,Nickel,0,0.4433438709592257
6e46,ef4d,6e46d2b898,ef4d4aee2a,Nickel,Nickel,0,0.4421786615509525
ef4d,8eda,ef4d4aee2a,8edaa51105,Nickel,Nickel,0,0.5495605812781613
8eda,ef4d,8edaa51105,ef4d4aee2a,Nickel,Nickel,0,0.5115879609840243
ef4d,1be7,ef4d4aee2a,1be78463d7,Nickel,Nickel,0,0.6100641752189276
1be7,ef4d,1be78463d7,ef4d4aee2a,Nickel,Nickel,0,0.6071272457409518
ef4d,8197,ef4d4aee2a,8197f401c9,Nickel,Nickel,0,0.4804790657258317
8197,ef4d,8197f401c9,ef4d4aee2a,Nickel,Nickel,0,0.48087478556141017
ef4d,803e,ef4d4aee2a,803e2e304c,Nickel,Nickel,0,0.47918251474075896
803e,ef4d,803e2e304c,ef4d4aee2a,Nickel,Nickel,0,0.47932804649901656
ef4d,07ff,ef4d4aee2a,07ffa2d44f,Nickel,Nickel,0,0.39237344689032017
07ff,ef4d,07ffa2d44f,ef4d4aee2a,Nickel,Nickel,0,0.39046122386873705
ef4d,114a,ef4d4aee2a,114a81160d,Nickel,Nickel,0,0.5591444559058716
114a,ef4d,114a81160d,ef4d4aee2a,Nickel,Nickel,0,0.6501820632688298
ef4d,7db9,ef4d4aee2a,7db9fa3fdc,Nickel,Nickel,0,0.6104839912327548
7db9,ef4d,7db9fa3fdc,ef4d4aee2a,Nickel,Nickel,0,0.6201852681927607
ef4d,bd89,ef4d4aee2a,bd89ab2453,Nickel,Nickel,0,0.5574185639641639
bd89,ef4d,bd89ab2453,ef4d4aee2a,Nickel,Nickel,0,0.5576536994844177
ef4d,1f25,ef4d4aee2a,1f2544214d,Nickel,Nickel,0,0.57861780921873
1f25,ef4d,1f2544214d,ef4d4aee2a,Nickel,Nickel,0,0.5790048740093046
ef4d,c208,ef4d4aee2a,c2081b71be,Nickel,Nickel,0,0.6111146652727718
c208,ef4d,c2081b71be,ef4d4aee2a,Nickel,Nickel,0,0.6446758990072876
ef4d,a404,ef4d4aee2a,a404412c4e,Nickel,Nickel,0,0.5637488390206075
a404,ef4d,a404412c4e,ef4d4aee2a,Nickel,Nickel,0,0.5637438052237791
ef4d,ff11,ef4d4aee2a,ff11e3e39e,Nickel,Nickel,0,0.47570375790179986
ff11,ef4d,ff11e3e39e,ef4d4aee2a,Nickel,Nickel,0,0.4759128331870681
ef4d,88c2,ef4d4aee2a,88c293654f,Nickel,Nickel,0,0.6830246797391913
88c2,ef4d,88c293654f,ef4d4aee2a,Nickel,Nickel,0,0.6826418448223823
ef4d,ae9b,ef4d4aee2a,ae9b0acf0b,Nickel,Nickel,0,0.5722693480349464
ae9b,ef4d,ae9b0acf0b,ef4d4aee2a,Nickel,Nickel,0,0.5722773613095131
ef4d,a3b1,ef4d4aee2a,a3b1085bea,Nickel,Nickel,0,0.6872279773493968
a3b1,ef4d,a3b1085bea,ef4d4aee2a,Nickel,Nickel,0,0.6874858125414032
ef4d,f366,ef4d4aee2a,f366f00cde,Nickel,Nickel,0,0.5399676199751885
f366,ef4d,f366f00cde,ef4d4aee2a,Nickel,Nickel,0,0.5402525470389494
ef4d,81bb,ef4d4aee2a,81bb3cb084,Nickel,Nickel,0,0.5587196194076208
81bb,ef4d,81bb3cb084,ef4d4aee2a,Nickel,Nickel,0,0.5582525855250543
ef4d,326b,ef4d4aee2a,326bd7053d,Nickel,Nickel,0,0.503113096427097
326b,ef4d,326bd7053d,ef4d4aee2a,Nickel,Nickel,0,0.5034150175387252
ef4d,867e,ef4d4aee2a,867e742682,Nickel,Nickel,0,0.5772300671517575
867e,ef4d,867e742682,ef4d4aee2a,Nickel,Nickel,0,0.5773983080495497
ef4d,9c65,ef4d4aee2a,9c6504e345,Nickel,Nickel,0,0.572205971570721
9c65,ef4d,9c6504e345,ef4d4aee2a,Nickel,Nickel,0,0.5724865309935614
ef4d,27c0,ef4d4aee2a,27c03bf211,Nickel,Nickel,0,0.5544704628642751
27c0,ef4d,27c03bf211,ef4d4aee2a,Nickel,Nickel,0,0.5547697582315011
ef4d,ef85,ef4d4aee2a,ef85c2ef6b,Nickel,Nickel,0,0.6397521226612912
ef85,ef4d,ef85c2ef6b,ef4d4aee2a,Nickel,Nickel,0,0.6396650092607704
ef4d,9b00,ef4d4aee2a,9b00c4c264,Nickel,Nickel,0,0.55183417594221
9b00,ef4d,9b00c4c264,ef4d4aee2a,Nickel,Nickel,0,0.5518311142137654
ef4d,93f6,ef4d4aee2a,93f6afc25d,Nickel,Nickel,0,0.5899435516317293
93f6,ef4d,93f6afc25d,ef4d4aee2a,Nickel,Nickel,0,0.5902610453543967
ef4d,a54c,ef4d4aee2a,a54ce43a84,Nickel,Nickel,0,0.5581602259420609
a54c,ef4d,a54ce43a84,ef4d4aee2a,Nickel,Nickel,0,0.5577784228689231
ef4d,218a,ef4d4aee2a,218ae10a65,Nickel,Nickel,0,0.5299109323983422
218a,ef4d,218ae10a65,ef4d4aee2a,Nickel,Nickel,0,0.5298043591502697
ef4d,9645,ef4d4aee2a,9645e12969,Nickel,Nickel,0,0.5707769670007291
9645,ef4d,9645e12969,ef4d4aee2a,Nickel,Nickel,0,0.570982745677843
ef4d,0db0,ef4d4aee2a,0db08b7f9e,Nickel,Nickel,0,0.5355218678906244
0db0,ef4d,0db08b7f9e,ef4d4aee2a,Nickel,Nickel,0,0.5363538199661104
ef4d,fc6e,ef4d4aee2a,fc6e345a87,Nickel,Nickel,0,0.4422216036856747
fc6e,ef4d,fc6e345a87,ef4d4aee2a,Nickel,Nickel,0,0.44207825175706894
ef4d,5187,ef4d4aee2a,5187134316,Nickel,Nickel,0,0.6596527278553426
5187,ef4d,5187134316,ef4d4aee2a,Nickel,Nickel,0,0.6610872251692221
ef4d,9fbb,ef4d4aee2a,9fbbe4fcae,Nickel,Nickel,0,0.5269457065796086
9fbb,ef4d,9fbbe4fcae,ef4d4aee2a,Nickel,Nickel,0,0.5268860151511054
ef4d,744a,ef4d4aee2a,744a7e7690,Nickel,Nickel,0,0.5381768309459705
744a,ef4d,744a7e7690,ef4d4aee2a,Nickel,Nickel,0,0.5381768309459702
ef4d,9f5c,ef4d4aee2a,9f5cee2a11,Nickel,Nickel,0,0.532848007836693
9f5c,ef4d,9f5cee2a11,ef4d4aee2a,Nickel,Nickel,0,0.5325630183890442
ef4d,3443,ef4d4aee2a,3443ea5ba5,Nickel,Nickel,0,0.5276574039532735
3443,ef4d,3443ea5ba5,ef4d4aee2a,Nickel,Nickel,0,0.5281194346681434
ef4d,fa65,ef4d4aee2a,fa6595462f,Nickel,Nickel,0,0.6030970442925987
fa65,ef4d,fa6595462f,ef4d4aee2a,Nickel,Nickel,0,0.6045763606845093
ef4d,d469,ef4d4aee2a,d469fc3f70,Nickel,Nickel,0,0.5445462720850919
d469,ef4d,d469fc3f70,ef4d4aee2a,Nickel,Nickel,0,0.4225229586954131
ef4d,0e45,ef4d4aee2a,0e45ff7118,Nickel,Nickel,0,0.6280659351072299
0e45,ef4d,0e45ff7118,ef4d4aee2a,Nickel,Nickel,0,0.62806593510723
ef4d,a80b,ef4d4aee2a,a80b46b6d1,Nickel,Nickel,0,0.6208974779103
a80b,ef4d,a80b46b6d1,ef4d4aee2a,Nickel,Nickel,0,0.620731323097091
ef4d,1ed3,ef4d4aee2a,1ed3442cfa,Nickel,Nickel,0,0.5899607710327711
1ed3,ef4d,1ed3442cfa,ef4d4aee2a,Nickel,Nickel,0,0.5897107038561251
ef4d,db48,ef4d4aee2a,db4804f266,Nickel,Nickel,0,0.5619254882871174
db48,ef4d,db4804f266,ef4d4aee2a,Nickel,Nickel,0,0.5620276645266952
ef4d,bf77,ef4d4aee2a,bf77a5ca9b,Nickel,Nickel,0,0.5240159437704232
bf77,ef4d,bf77a5ca9b,ef4d4aee2a,Nickel,Nickel,0,0.5240159437704236
ef4d,1318,ef4d4aee2a,13189e401d,Nickel,Nickel,0,0.5742941064722695
1318,ef4d,13189e401d,ef4d4aee2a,Nickel,Nickel,0,0.5752705786303939
ef4d,d507,ef4d4aee2a,d5070cee0f,Nickel,Nickel,0,0.719401330750531
d507,ef4d,d5070cee0f,ef4d4aee2a,Nickel,Nickel,0,0.7204189123794784
ef4d,27c4,ef4d4aee2a,27c44d34a4,Nickel,Nickel,0,0.6943713896158207
27c4,ef4d,27c44d34a4,ef4d4aee2a,Nickel,Nickel,0,0.6945497131790463
ef4d,4e01,ef4d4aee2a,4e0193ff9e,Nickel,Nickel,0,0.48609551087679587
4e01,ef4d,4e0193ff9e,ef4d4aee2a,Nickel,Nickel,0,0.48635736285737713
ef4d,3c68,ef4d4aee2a,3c6819beb9,Nickel,Nickel,0,0.6805958617746296
3c68,ef4d,3c6819beb9,ef4d4aee2a,Nickel,Nickel,0,0.6807647019668484
ef4d,3a2a,ef4d4aee2a,3a2a75a851,Nickel,Nickel,0,0.44194753575891593
3a2a,ef4d,3a2a75a851,ef4d4aee2a,Nickel,Nickel,0,0.4421887836155319
ef4d,0d99,ef4d4aee2a,0d991a198f,Nickel,Nickel,0,0.6461705463873674
0d99,ef4d,0d991a198f,ef4d4aee2a,Nickel,Nickel,0,0.6461155211767614
8c82,d645,8c82f237f9,d64504718a,Nickel,Nickel,0,0.6178091776230183
d645,8c82,d64504718a,8c82f237f9,Nickel,Nickel,0,0.6177830674528566
8c82,6e46,8c82f237f9,6e46d2b898,Nickel,Nickel,0,0.4632992217093914
6e46,8c82,6e46d2b898,8c82f237f9,Nickel,Nickel,0,0.46238229215949206
8c82,8eda,8c82f237f9,8edaa51105,Nickel,Nickel,0,0.5772606074114143
8eda,8c82,8edaa51105,8c82f237f9,Nickel,Nickel,0,0.43636610476342347
8c82,1be7,8c82f237f9,1be78463d7,Nickel,Nickel,0,0.5821169250915064
1be7,8c82,1be78463d7,8c82f237f9,Nickel,Nickel,0,0.5821277289752865
8c82,8197,8c82f237f9,8197f401c9,Nickel,Nickel,0,0.43610531212996173
8197,8c82,8197f401c9,8c82f237f9,Nickel,Nickel,0,0.4355075022895053
8c82,803e,8c82f237f9,803e2e304c,Nickel,Nickel,0,0.46512288251888945
803e,8c82,803e2e304c,8c82f237f9,Nickel,Nickel,0,0.46486659295277766
8c82,07ff,8c82f237f9,07ffa2d44f,Nickel,Nickel,0,0.5169391519921639
07ff,8c82,07ffa2d44f,8c82f237f9,Nickel,Nickel,0,0.5161331708229514
8c82,114a,8c82f237f9,114a81160d,Nickel,Nickel,0,0.5332673964405408
114a,8c82,114a81160d,8c82f237f9,Nickel,Nickel,0,0.5332673964405408
8c82,7db9,8c82f237f9,7db9fa3fdc,Nickel,Nickel,0,0.5768906633381327
7db9,8c82,7db9fa3fdc,8c82f237f9,Nickel,Nickel,0,0.5776775199557284
8c82,bd89,8c82f237f9,bd89ab2453,Nickel,Nickel,0,0.5416077680331006
bd89,8c82,bd89ab2453,8c82f237f9,Nickel,Nickel,0,0.5408714392433708
8c82,1f25,8c82f237f9,1f2544214d,Nickel,Nickel,0,0.5437257876901919
1f25,8c82,1f2544214d,8c82f237f9,Nickel,Nickel,0,0.48079752553333355
8c82,c208,8c82f237f9,c2081b71be,Nickel,Nickel,0,0.5960128718185602
c208,8c82,c2081b71be,8c82f237f9,Nickel,Nickel,0,0.5944826277240044
8c82,a404,8c82f237f9,a404412c4e,Nickel,Nickel,0,0.5305232679855637
a404,8c82,a404412c4e,8c82f237f9,Nickel,Nickel,0,0.5304813255395425
8c82,ff11,8c82f237f9,ff11e3e39e,Nickel,Nickel,0,0.48838924581095905
ff11,8c82,ff11e3e39e,8c82f237f9,Nickel,Nickel,0,0.48770583293711844
8c82,88c2,8c82f237f9,88c293654f,Nickel,Nickel,0,0.5421490966645076
88c2,8c82,88c293654f,8c82f237f9,Nickel,Nickel,0,0.5418640008078713
8c82,ae9b,8c82f237f9,ae9b0acf0b,Nickel,Nickel,0,0.4752330825377192
ae9b,8c82,ae9b0acf0b,8c82f237f9,Nickel,Nickel,0,0.4755943072641087
8c82,a3b1,8c82f237f9,a3b1085bea,Nickel,Nickel,0,0.5525917911145142
a3b1,8c82,a3b1085bea,8c82f237f9,Nickel,Nickel,0,0.552941637713572
8c82,f366,8c82f237f9,f366f00cde,Nickel,Nickel,0,0.4198460715548465
f366,8c82,f366f00cde,8c82f237f9,Nickel,Nickel,0,0.42004927734894465
8c82,81bb,8c82f237f9,81bb3cb084,Nickel,Nickel,0,0.5796308127901507
81bb,8c82,81bb3cb084,8c82f237f9,Nickel,Nickel,0,0.5794713935865982
8c82,326b,8c82f237f9,326bd7053d,Nickel,Nickel,0,0.5850197762485336
326b,8c82,326bd7053d,8c82f237f9,Nickel,Nickel,0,0.584326632606091
8c82,867e,8c82f237f9,867e742682,Nickel,Nickel,0,0.511124169244198
867e,8c82,867e742682,8c82f237f9,Nickel,Nickel,0,0.5107035428477559
8c82,9c65,8c82f237f9,9c6504e345,Nickel,Nickel,0,0.5316714426548907
9c65,8c82,9c6504e345,8c82f237f9,Nickel,Nickel,0,0.5317767680991095
8c82,27c0,8c82f237f9,27c03bf211,Nickel,Nickel,0,0.5216613894778448
27c0,8c82,27c03bf211,8c82f237f9,Nickel,Nickel,0,0.5219268938016544
8c82,ef85,8c82f237f9,ef85c2ef6b,Nickel,Nickel,0,0.4303311931068294
ef85,8c82,ef85c2ef6b,8c82f237f9,Nickel,Nickel,0,0.42948367231106155
8c82,9b00,8c82f237f9,9b00c4c264,Nickel,Nickel,0,0.4407054687698711
9b00,8c82,9b00c4c264,8c82f237f9,Nickel,Nickel,0,0.44068241558445187
8c82,93f6,8c82f237f9,93f6afc25d,Nickel,Nickel,0,0.3747280665571705
93f6,8c82,93f6afc25d,8c82f237f9,Nickel,Nickel,0,0.3746551395808845
8c82,a54c,8c82f237f9,a54ce43a84,Nickel,Nickel,0,0.4062973631991754
a54c,8c82,a54ce43a84,8c82f237f9,Nickel,Nickel,0,0.40611488900419884
8c82,218a,8c82f237f9,218ae10a65,Nickel,Nickel,0,0.49189405816628035
218a,8c82,218ae10a65,8c82f237f9,Nickel,Nickel,0,0.4923094543061076
8c82,9645,8c82f237f9,9645e12969,Nickel,Nickel,0,0.3481535977699745
9645,8c82,9645e12969,8c82f237f9,Nickel,Nickel,0,0.34888325522747626
8c82,0db0,8c82f237f9,0db08b7f9e,Nickel,Nickel,0,0.38785248718325527
0db0,8c82,0db08b7f9e,8c82f237f9,Nickel,Nickel,0,0.3878023528437016
8c82,fc6e,8c82f237f9,fc6e345a87,Nickel,Nickel,0,0.4057745150919249
fc6e,8c82,fc6e345a87,8c82f237f9,Nickel,Nickel,0,0.40570956444102385
8c82,5187,8c82f237f9,5187134316,Nickel,Nickel,0,0.6638911082816776
5187,8c82,5187134316,8c82f237f9,Nickel,Nickel,0,0.6636952712203932
8c82,9fbb,8c82f237f9,9fbbe4fcae,Nickel,Nickel,0,0.5752746560787689
9fbb,8c82,9fbbe4fcae,8c82f237f9,Nickel,Nickel,0,0.5726636121432293
8c82,744a,8c82f237f9,744a7e7690,Nickel,Nickel,0,0.48649656872661684
744a,8c82,744a7e7690,8c82f237f9,Nickel,Nickel,0,0.486643158280469
8c82,9f5c,8c82f237f9,9f5cee2a11,Nickel,Nickel,0,0.5344033432516643
9f5c,8c82,9f5cee2a11,8c82f237f9,Nickel,Nickel,0,0.5347921453343367
8c82,3443,8c82f237f9,3443ea5ba5,Nickel,Nickel,0,0.4778403993512272
3443,8c82,3443ea5ba5,8c82f237f9,Nickel,Nickel,0,0.4777911674951372
8c82,fa65,8c82f237f9,fa6595462f,Nickel,Nickel,0,0.447134480282149
fa65,8c82,fa6595462f,8c82f237f9,Nickel,Nickel,0,0.4470651301357935
8c82,d469,8c82f237f9,d469fc3f70,Nickel,Nickel,0,0.48135330985811914
d469,8c82,d469fc3f70,8c82f237f9,Nickel,Nickel,0,0.4816022229072876
8c82,0e45,8c82f237f9,0e45ff7118,Nickel,Nickel,0,0.4073021876938516
0e45,8c82,0e45ff7118,8c82f237f9,Nickel,Nickel,0,0.4066214038871426
8c82,a80b,8c82f237f9,a80b46b6d1,Nickel,Nickel,0,0.6055619791396196
a80b,8c82,a80b46b6d1,8c82f237f9,Nickel,Nickel,0,0.6051964429243175
8c82,1ed3,8c82f237f9,1ed3442cfa,Nickel,Nickel,0,0.5547642826109559
1ed3,8c82,1ed3442cfa,8c82f237f9,Nickel,Nickel,0,0.5548607847085705
8c82,db48,8c82f237f9,db4804f266,Nickel,Nickel,0,0.5099390260555093
db48,8c82,db4804f266,8c82f237f9,Nickel,Nickel,0,0.5099390260555094
8c82,bf77,8c82f237f9,bf77a5ca9b,Nickel,Nickel,0,0.540102556443139
bf77,8c82,bf77a5ca9b,8c82f237f9,Nickel,Nickel,0,0.5399037619065448
8c82,1318,8c82f237f9,13189e401d,Nickel,Nickel,0,0.628233756220892
1318,8c82,13189e401d,8c82f237f9,Nickel,Nickel,0,0.6289667612297519
8c82,d507,8c82f237f9,d5070cee0f,Nickel,Nickel,0,0.4271450362946136
d507,8c82,d5070cee0f,8c82f237f9,Nickel,Nickel,0,0.4275673597096908
8c82,27c4,8c82f237f9,27c44d34a4,Nickel,Nickel,0,0.4164840562409858
27c4,8c82,27c44d34a4,8c82f237f9,Nickel,Nickel,0,0.4158827826154366
8c82,4e01,8c82f237f9,4e0193ff9e,Nickel,Nickel,0,0.5236836154644343
4e01,8c82,4e0193ff9e,8c82f237f9,Nickel,Nickel,0,0.5236499466426783
8c82,3c68,8c82f237f9,3c6819beb9,Nickel,Nickel,0,0.4843468626930217
3c68,8c82,3c6819beb9,8c82f237f9,Nickel,Nickel,0,0.48349137786366525
8c82,3a2a,8c82f237f9,3a2a75a851,Nickel,Nickel,0,0.4856329520424242
3a2a,8c82,3a2a75a851,8c82f237f9,Nickel,Nickel,0,0.4848163575922585
8c82,0d99,8c82f237f9,0d991a198f,Nickel,Nickel,0,0.5221950905753545
0d99,8c82,0d991a198f,8c82f237f9,Nickel,Nickel,0,0.5222797402281915
d645,6e46,d64504718a,6e46d2b898,Nickel,Nickel,0,0.6283629544256087
6e46,d645,6e46d2b898,d64504718a,Nickel,Nickel,0,0.62874571418442
d645,8eda,d64504718a,8edaa51105,Nickel,Nickel,0,0.5785620980246616
8eda,d645,8edaa51105,d64504718a,Nickel,Nickel,0,0.5787250541188713
d645,1be7,d64504718a,1be78463d7,Nickel,Nickel,0,0.5024223900284421
1be7,d645,1be78463d7,d64504718a,Nickel,Nickel,0,0.5030628048013727
d645,8197,d64504718a,8197f401c9,Nickel,Nickel,0,0.5655367854062476
8197,d645,8197f401c9,d64504718a,Nickel,Nickel,0,0.5655367854062473
d645,803e,d64504718a,803e2e304c,Nickel,Nickel,0,0.7006178033066848
803e,d645,803e2e304c,d64504718a,Nickel,Nickel,0,0.7008803928648958
d645,07ff,d64504718a,07ffa2d44f,Nickel,Nickel,0,0.5884345671491128
07ff,d645,07ffa2d44f,d64504718a,Nickel,Nickel,0,0.5891504749003942
d645,114a,d64504718a,114a81160d,Nickel,Nickel,0,0.5383360417325924
114a,d645,114a81160d,d64504718a,Nickel,Nickel,0,0.537886485504389
d645,7db9,d64504718a,7db9fa3fdc,Nickel,Nickel,0,0.5253722784370064
7db9,d645,7db9fa3fdc,d64504718a,Nickel,Nickel,0,0.5251303785795729
d645,bd89,d64504718a,bd89ab2453,Nickel,Nickel,0,0.6337574412034664
bd89,d645,bd89ab2453,d64504718a,Nickel,Nickel,0,0.6349867750362475
d645,1f25,d64504718a,1f2544214d,Nickel,Nickel,0,0.6190133912326264
1f25,d645,1f2544214d,d64504718a,Nickel,Nickel,0,0.6193824400365069
d645,c208,d64504718a,c2081b71be,Nickel,Nickel,0,0.527732471512878
c208,d645,c2081b71be,d64504718a,Nickel,Nickel,0,0.5270244127767935
d645,a404,d64504718a,a404412c4e,Nickel,Nickel,0,0.6999287620492564
a404,d645,a404412c4e,d64504718a,Nickel,Nickel,0,0.7001715893145003
d645,ff11,d64504718a,ff11e3e39e,Nickel,Nickel,0,0.421414660947752
ff11,d645,ff11e3e39e,d64504718a,Nickel,Nickel,0,0.4219333760046656
d645,88c2,d64504718a,88c293654f,Nickel,Nickel,0,0.5387190997044274
88c2,d645,88c293654f,d64504718a,Nickel,Nickel,0,0.5397853882322714
d645,ae9b,d64504718a,ae9b0acf0b,Nickel,Nickel,0,0.6139258544775666
ae9b,d645,ae9b0acf0b,d64504718a,Nickel,Nickel,0,0.6139258544775663
d645,a3b1,d64504718a,a3b1085bea,Nickel,Nickel,0,0.6142915811315699
a3b1,d645,a3b1085bea,d64504718a,Nickel,Nickel,0,0.6137139374595755
d645,f366,d64504718a,f366f00cde,Nickel,Nickel,0,0.47090514916754267
f366,d645,f366f00cde,d64504718a,Nickel,Nickel,0,0.4734195556783893
d645,81bb,d64504718a,81bb3cb084,Nickel,Nickel,0,0.580243197208631
81bb,d645,81bb3cb084,d64504718a,Nickel,Nickel,0,0.5796044909781325
d645,326b,d64504718a,326bd7053d,Nickel,Nickel,0,0.6343222075340097
326b,d645,326bd7053d,d64504718a,Nickel,Nickel,0,0.6345260383839423
d645,867e,d64504718a,867e742682,Nickel,Nickel,0,0.47736621680286845
867e,d645,867e742682,d64504718a,Nickel,Nickel,0,0.4771127797360867
d645,9c65,d64504718a,9c6504e345,Nickel,Nickel,0,0.5743079827319801
9c65,d645,9c6504e345,d64504718a,Nickel,Nickel,0,0.5742896189396133
d645,27c0,d64504718a,27c03bf211,Nickel,Nickel,0,0.6264694520723375
27c0,d645,27c03bf211,d64504718a,Nickel,Nickel,0,0.6262466898479938
d645,ef85,d64504718a,ef85c2ef6b,Nickel,Nickel,0,0.6833970511945352
ef85,d645,ef85c2ef6b,d64504718a,Nickel,Nickel,0,0.6825553955851066
d645,9b00,d64504718a,9b00c4c264,Nickel,Nickel,0,0.5060258984736521
9b00,d645,9b00c4c264,d64504718a,Nickel,Nickel,0,0.5061196600709821
d645,93f6,d64504718a,93f6afc25d,Nickel,Nickel,0,0.5986366077981001
93f6,d645,93f6afc25d,d64504718a,Nickel,Nickel,0,0.5981201697469962
d645,a54c,d64504718a,a54ce43a84,Nickel,Nickel,0,0.5873468677580164
a54c,d645,a54ce43a84,d64504718a,Nickel,Nickel,0,0.5872902372296378
d645,218a,d64504718a,218ae10a65,Nickel,Nickel,0,0.5336663972583696
218a,d645,218ae10a65,d64504718a,Nickel,Nickel,0,0.5336663972583694
d645,9645,d64504718a,9645e12969,Nickel,Nickel,0,0.47980300231566586
9645,d645,9645e12969,d64504718a,Nickel,Nickel,0,0.47965912159644825
d645,0db0,d64504718a,0db08b7f9e,Nickel,Nickel,0,0.43332739805582443
0db0,d645,0db08b7f9e,d64504718a,Nickel,Nickel,0,0.4341186176454719
d645,fc6e,d64504718a,fc6e345a87,Nickel,Nickel,0,0.45060646070728216
fc6e,d645,fc6e345a87,d64504718a,Nickel,Nickel,0,0.4507273092252871
d645,5187,d64504718a,5187134316,Nickel,Nickel,0,0.6050686339319118
5187,d645,5187134316,d64504718a,Nickel,Nickel,0,0.604697780314935
d645,9fbb,d64504718a,9fbbe4fcae,Nickel,Nickel,0,0.7216784305139827
9fbb,d645,9fbbe4fcae,d64504718a,Nickel,Nickel,0,0.7220262817198108
d645,744a,d64504718a,744a7e7690,Nickel,Nickel,0,0.5959319586825809
744a,d645,744a7e7690,d64504718a,Nickel,Nickel,0,0.5957929665962601
d645,9f5c,d64504718a,9f5cee2a11,Nickel,Nickel,0,0.6186719594818381
9f5c,d645,9f5cee2a11,d64504718a,Nickel,Nickel,0,0.6186436084322888
d645,3443,d64504718a,3443ea5ba5,Nickel,Nickel,0,0.637713371020134
3443,d645,3443ea5ba5,d64504718a,Nickel,Nickel,0,0.6369324870352387
d645,fa65,d64504718a,fa6595462f,Nickel,Nickel,0,0.6369179760987163
fa65,d645,fa6595462f,d64504718a,Nickel,Nickel,0,0.6368254769175006
d645,d469,d64504718a,d469fc3f70,Nickel,Nickel,0,0.5206497498225602
d469,d645,d469fc3f70,d64504718a,Nickel,Nickel,0,0.5204702698845988
d645,0e45,d64504718a,0e45ff7118,Nickel,Nickel,0,0.6453158386239355
0e45,d645,0e45ff7118,d64504718a,Nickel,Nickel,0,0.6455492538416707
d645,a80b,d64504718a,a80b46b6d1,Nickel,Nickel,0,0.5455799580146156
a80b,d645,a80b46b6d1,d64504718a,Nickel,Nickel,0,0.5451824146932871
d645,1ed3,d64504718a,1ed3442cfa,Nickel,Nickel,0,0.7341322660838326
1ed3,d645,1ed3442cfa,d64504718a,Nickel,Nickel,0,0.7349465122126982
d645,db48,d64504718a,db4804f266,Nickel,Nickel,0,0.6536888433670027
db48,d645,db4804f266,d64504718a,Nickel,Nickel,0,0.6536888433670025
d645,bf77,d64504718a,bf77a5ca9b,Nickel,Nickel,0,0.3963157188334574
bf77,d645,bf77a5ca9b,d64504718a,Nickel,Nickel,0,0.3945149289110039
d645,1318,d64504718a,13189e401d,Nickel,Nickel,0,0.6802118527220566
1318,d645,13189e401d,d64504718a,Nickel,Nickel,0,0.6802180550498943
d645,d507,d64504718a,d5070cee0f,Nickel,Nickel,0,0.5940575192191361
d507,d645,d5070cee0f,d64504718a,Nickel,Nickel,0,0.595458313191807
d645,27c4,d64504718a,27c44d34a4,Nickel,Nickel,0,0.5447695293192997
27c4,d645,27c44d34a4,d64504718a,Nickel,Nickel,0,0.5417328015929599
d645,4e01,d64504718a,4e0193ff9e,Nickel,Nickel,0,0.4892394242379101
4e01,d645,4e0193ff9e,d64504718a,Nickel,Nickel,0,0.4892831214414812
d645,3c68,d64504718a,3c6819beb9,Nickel,Nickel,0,0.5703502700919543
3c68,d645,3c6819beb9,d64504718a,Nickel,Nickel,0,0.5704019396951784
d645,3a2a,d64504718a,3a2a75a851,Nickel,Nickel,0,0.5824295058246215
3a2a,d645,3a2a75a851,d64504718a,Nickel,Nickel,0,0.5825468305909252
d645,0d99,d64504718a,0d991a198f,Nickel,Nickel,0,0.4975712016392834
0d99,d645,0d991a198f,d64504718a,Nickel,Nickel,0,0.49761105368436664
6e46,8eda,6e46d2b898,8edaa51105,Nickel,Nickel,0,0.5845127848403402
8eda,6e46,8edaa51105,6e46d2b898,Nickel,Nickel,0,0.5844618019889559
6e46,1be7,6e46d2b898,1be78463d7,Nickel,Nickel,0,0.617753804780757
1be7,6e46,1be78463d7,6e46d2b898,Nickel,Nickel,0,0.617269155405692
6e46,8197,6e46d2b898,8197f401c9,Nickel,Nickel,0,0.4302248403703806
8197,6e46,8197f401c9,6e46d2b898,Nickel,Nickel,0,0.4310161126524409
6e46,803e,6e46d2b898,803e2e304c,Nickel,Nickel,0,0.6684791134900961
803e,6e46,803e2e304c,6e46d2b898,Nickel,Nickel,0,0.6680667497366126
6e46,07ff,6e46d2b898,07ffa2d44f,Nickel,Nickel,0,0.535424813504641
07ff,6e46,07ffa2d44f,6e46d2b898,Nickel,Nickel,0,0.535903715513336
6e46,114a,6e46d2b898,114a81160d,Nickel,Nickel,0,0.535610792706806
114a,6e46,114a81160d,6e46d2b898,Nickel,Nickel,0,0.5352973437142894
6e46,7db9,6e46d2b898,7db9fa3fdc,Nickel,Nickel,0,0.5093869493401428
7db9,6e46,7db9fa3fdc,6e46d2b898,Nickel,Nickel,0,0.5092482622993246
6e46,bd89,6e46d2b898,bd89ab2453,Nickel,Nickel,0,0.4793076659307373
bd89,6e46,bd89ab2453,6e46d2b898,Nickel,Nickel,0,0.4789311573129222
6e46,1f25,6e46d2b898,1f2544214d,Nickel,Nickel,0,0.5097949758558636
1f25,6e46,1f2544214d,6e46d2b898,Nickel,Nickel,0,0.5095488147922766
6e46,c208,6e46d2b898,c2081b71be,Nickel,Nickel,0,0.565489925024702
c208,6e46,c2081b71be,6e46d2b898,Nickel,Nickel,0,0.5499346087102958
6e46,a404,6e46d2b898,a404412c4e,Nickel,Nickel,0,0.46380431467392763
a404,6e46,a404412c4e,6e46d2b898,Nickel,Nickel,0,0.46380431467392774
6e46,ff11,6e46d2b898,ff11e3e39e,Nickel,Nickel,0,0.5285773886805707
ff11,6e46,ff11e3e39e,6e46d2b898,Nickel,Nickel,0,0.5278107124819267
6e46,88c2,6e46d2b898,88c293654f,Nickel,Nickel,0,0.5731250049206243
88c2,6e46,88c293654f,6e46d2b898,Nickel,Nickel,0,0.57277932355483
6e46,ae9b,6e46d2b898,ae9b0acf0b,Nickel,Nickel,0,0.5900457578432047
ae9b,6e46,ae9b0acf0b,6e46d2b898,Nickel,Nickel,0,0.5895555156999028
6e46,a3b1,6e46d2b898,a3b1085bea,Nickel,Nickel,0,0.49757431359115445
a3b1,6e46,a3b1085bea,6e46d2b898,Nickel,Nickel,0,0.49757431359115406
6e46,f366,6e46d2b898,f366f00cde,Nickel,Nickel,0,0.48549417375331383
f366,6e46,f366f00cde,6e46d2b898,Nickel,Nickel,0,0.4859084998915713
6e46,81bb,6e46d2b898,81bb3cb084,Nickel,Nickel,0,0.46566474471193675
81bb,6e46,81bb3cb084,6e46d2b898,Nickel,Nickel,0,0.467425108237043
6e46,326b,6e46d2b898,326bd7053d,Nickel,Nickel,0,0.46395574022726704
326b,6e46,326bd7053d,6e46d2b898,Nickel,Nickel,0,0.4637739147385068
6e46,867e,6e46d2b898,867e742682,Nickel,Nickel,0,0.5479639769212583
867e,6e46,867e742682,6e46d2b898,Nickel,Nickel,0,0.54769717238737
6e46,9c65,6e46d2b898,9c6504e345,Nickel,Nickel,0,0.5260995957397562
9c65,6e46,9c6504e345,6e46d2b898,Nickel,Nickel,0,0.5258714411694799
6e46,27c0,6e46d2b898,27c03bf211,Nickel,Nickel,0,0.5440247362303848
27c0,6e46,27c03bf211,6e46d2b898,Nickel,Nickel,0,0.5440585344978345
6e46,ef85,6e46d2b898,ef85c2ef6b,Nickel,Nickel,0,0.59779948555992
ef85,6e46,ef85c2ef6b,6e46d2b898,Nickel,Nickel,0,0.5977897780138482
6e46,9b00,6e46d2b898,9b00c4c264,Nickel,Nickel,0,0.539442034645525
9b00,6e46,9b00c4c264,6e46d2b898,Nickel,Nickel,0,0.5394420346455263
6e46,93f6,6e46d2b898,93f6afc25d,Nickel,Nickel,0,0.49971556111710164
93f6,6e46,93f6afc25d,6e46d2b898,Nickel,Nickel,0,0.49959735692462576
6e46,a54c,6e46d2b898,a54ce43a84,Nickel,Nickel,0,0.5747262646759018
a54c,6e46,a54ce43a84,6e46d2b898,Nickel,Nickel,0,0.5747568629278561
6e46,218a,6e46d2b898,218ae10a65,Nickel,Nickel,0,0.7231865515911384
218a,6e46,218ae10a65,6e46d2b898,Nickel,Nickel,0,0.723247251906949
6e46,9645,6e46d2b898,9645e12969,Nickel,Nickel,0,0.5725544411117133
9645,6e46,9645e12969,6e46d2b898,Nickel,Nickel,0,0.5733606563531771
6e46,0db0,6e46d2b898,0db08b7f9e,Nickel,Nickel,0,0.4288275502393346
0db0,6e46,0db08b7f9e,6e46d2b898,Nickel,Nickel,0,0.42866992744509713
6e46,fc6e,6e46d2b898,fc6e345a87,Nickel,Nickel,0,0.5685570763337585
fc6e,6e46,fc6e345a87,6e46d2b898,Nickel,Nickel,0,0.5687400312524837
6e46,5187,6e46d2b898,5187134316,Nickel,Nickel,0,0.4345837342644572
5187,6e46,5187134316,6e46d2b898,Nickel,Nickel,0,0.43447154597061866
6e46,9fbb,6e46d2b898,9fbbe4fcae,Nickel,Nickel,0,0.4969528764881958
9fbb,6e46,9fbbe4fcae,6e46d2b898,Nickel,Nickel,0,0.5044066944164599
6e46,744a,6e46d2b898,744a7e7690,Nickel,Nickel,0,0.5576453313583021
744a,6e46,744a7e7690,6e46d2b898,Nickel,Nickel,0,0.5582938159101181
6e46,9f5c,6e46d2b898,9f5cee2a11,Nickel,Nickel,0,0.5837353370906435
9f5c,6e46,9f5cee2a11,6e46d2b898,Nickel,Nickel,0,0.5837944119949061
6e46,3443,6e46d2b898,3443ea5ba5,Nickel,Nickel,0,0.5716287311976349
3443,6e46,3443ea5ba5,6e46d2b898,Nickel,Nickel,0,0.5716975791622622
6e46,fa65,6e46d2b898,fa6595462f,Nickel,Nickel,0,0.5462275667459467
fa65,6e46,fa6595462f,6e46d2b898,Nickel,Nickel,0,0.5475788847135317
6e46,d469,6e46d2b898,d469fc3f70,Nickel,Nickel,0,0.5148950951394169
d469,6e46,d469fc3f70,6e46d2b898,Nickel,Nickel,0,0.5146902012374911
6e46,0e45,6e46d2b898,0e45ff7118,Nickel,Nickel,0,0.6459869822533817
0e45,6e46,0e45ff7118,6e46d2b898,Nickel,Nickel,0,0.6457899469069851
6e46,a80b,6e46d2b898,a80b46b6d1,Nickel,Nickel,0,0.5098398485956541
a80b,6e46,a80b46b6d1,6e46d2b898,Nickel,Nickel,0,0.5097406825032956
6e46,1ed3,6e46d2b898,1ed3442cfa,Nickel,Nickel,0,0.6252678547268554
1ed3,6e46,1ed3442cfa,6e46d2b898,Nickel,Nickel,0,0.625568941749126
6e46,db48,6e46d2b898,db4804f266,Nickel,Nickel,0,0.6533887351742054
db48,6e46,db4804f266,6e46d2b898,Nickel,Nickel,0,0.6532822911808166
6e46,bf77,6e46d2b898,bf77a5ca9b,Nickel,Nickel,0,0.4616575632108085
bf77,6e46,bf77a5ca9b,6e46d2b898,Nickel,Nickel,0,0.4616652237087899
6e46,1318,6e46d2b898,13189e401d,Nickel,Nickel,0,0.5557145706505493
1318,6e46,13189e401d,6e46d2b898,Nickel,Nickel,0,0.5554876546728581
6e46,d507,6e46d2b898,d5070cee0f,Nickel,Nickel,0,0.5456295117429448
d507,6e46,d5070cee0f,6e46d2b898,Nickel,Nickel,0,0.5455313135308265
6e46,27c4,6e46d2b898,27c44d34a4,Nickel,Nickel,0,0.5204681103230713
27c4,6e46,27c44d34a4,6e46d2b898,Nickel,Nickel,0,0.5199981809091931
6e46,4e01,6e46d2b898,4e0193ff9e,Nickel,Nickel,0,0.6676915045552757
4e01,6e46,4e0193ff9e,6e46d2b898,Nickel,Nickel,0,0.6682369097826364
6e46,3c68,6e46d2b898,3c6819beb9,Nickel,Nickel,0,0.6444918126120965
3c68,6e46,3c6819beb9,6e46d2b898,Nickel,Nickel,0,0.6447356874572139
6e46,3a2a,6e46d2b898,3a2a75a851,Nickel,Nickel,0,0.5105313282670532
3a2a,6e46,3a2a75a851,6e46d2b898,Nickel,Nickel,0,0.5105999406869152
6e46,0d99,6e46d2b898,0d991a198f,Nickel,Nickel,0,0.540302959349259
0d99,6e46,0d991a198f,6e46d2b898,Nickel,Nickel,0,0.5410677952822728
8eda,1be7,8edaa51105,1be78463d7,Nickel,Nickel,0,0.49637451305928937
1be7,8eda,1be78463d7,8edaa51105,Nickel,Nickel,0,0.49763089750967937
8eda,8197,8edaa51105,8197f401c9,Nickel,Nickel,0,0.49719484224684
8197,8eda,8197f401c9,8edaa51105,Nickel,Nickel,0,0.49674909510076526
8eda,803e,8edaa51105,803e2e304c,Nickel,Nickel,0,0.5721152651951823
803e,8eda,803e2e304c,8edaa51105,Nickel,Nickel,0,0.5718034839589294
8eda,07ff,8edaa51105,07ffa2d44f,Nickel,Nickel,0,0.5994978079965447
07ff,8eda,07ffa2d44f,8edaa51105,Nickel,Nickel,0,0.599451962473559
8eda,114a,8edaa51105,114a81160d,Nickel,Nickel,0,0.7276836789214043
114a,8eda,114a81160d,8edaa51105,Nickel,Nickel,0,0.7276836789214041
8eda,7db9,8edaa51105,7db9fa3fdc,Nickel,Nickel,0,0.6116126684162123
7db9,8eda,7db9fa3fdc,8edaa51105,Nickel,Nickel,0,0.5948520136980666
8eda,bd89,8edaa51105,bd89ab2453,Nickel,Nickel,0,0.6435862732994642
bd89,8eda,bd89ab2453,8edaa51105,Nickel,Nickel,0,0.6427413551163849
8eda,1f25,8edaa51105,1f2544214d,Nickel,Nickel,0,0.5348875626424262
1f25,8eda,1f2544214d,8edaa51105,Nickel,Nickel,0,0.5355122288320161
8eda,c208,8edaa51105,c2081b71be,Nickel,Nickel,0,0.6666940548715421
c208,8eda,c2081b71be,8edaa51105,Nickel,Nickel,0,0.6283375426288859
8eda,a404,8edaa51105,a404412c4e,Nickel,Nickel,0,0.6147264509462267
a404,8eda,a404412c4e,8edaa51105,Nickel,Nickel,0,0.6146652794664371
8eda,ff11,8edaa51105,ff11e3e39e,Nickel,Nickel,0,0.6100537423545349
ff11,8eda,ff11e3e39e,8edaa51105,Nickel,Nickel,0,0.6100537423545349
8eda,88c2,8edaa51105,88c293654f,Nickel,Nickel,0,0.570231434108951
88c2,8eda,88c293654f,8edaa51105,Nickel,Nickel,0,0.5702797712743127
8eda,ae9b,8edaa51105,ae9b0acf0b,Nickel,Nickel,0,0.5586038610026879
ae9b,8eda,ae9b0acf0b,8edaa51105,Nickel,Nickel,0,0.5585224734188017
8eda,a3b1,8edaa51105,a3b1085bea,Nickel,Nickel,0,0.5550795870228812
a3b1,8eda,a3b1085bea,8edaa51105,Nickel,Nickel,0,0.5556915572766462
8eda,f366,8edaa51105,f366f00cde,Nickel,Nickel,0,0.6683405799617984
f366,8eda,f366f00cde,8edaa51105,Nickel,Nickel,0,0.6684315994958809
8eda,81bb,8edaa51105,81bb3cb084,Nickel,Nickel,0,0.68647006610545
81bb,8eda,81bb3cb084,8edaa51105,Nickel,Nickel,0,0.6866681708258731
8eda,326b,8edaa51105,326bd7053d,Nickel,Nickel,0,0.6438903277872194
326b,8eda,326bd7053d,8edaa51105,Nickel,Nickel,0,0.642995866702612
8eda,867e,8edaa51105,867e742682,Nickel,Nickel,0,0.6493404373299357
867e,8eda,867e742682,8edaa51105,Nickel,Nickel,0,0.6486843649611185
8eda,9c65,8edaa51105,9c6504e345,Nickel,Nickel,0,0.8352611093134532
9c65,8eda,9c6504e345,8edaa51105,Nickel,Nickel,0,0.8351717643246009
8eda,27c0,8edaa51105,27c03bf211,Nickel,Nickel,0,0.651828260842818
27c0,8eda,27c03bf211,8edaa51105,Nickel,Nickel,0,0.6517228367809836
8eda,ef85,8edaa51105,ef85c2ef6b,Nickel,Nickel,0,0.503157932206299
ef85,8eda,ef85c2ef6b,8edaa51105,Nickel,Nickel,0,0.5031551518670785
8eda,9b00,8edaa51105,9b00c4c264,Nickel,Nickel,0,0.5092717871306986
9b00,8eda,9b00c4c264,8edaa51105,Nickel,Nickel,0,0.5090918819210409
8eda,93f6,8edaa51105,93f6afc25d,Nickel,Nickel,0,0.5621948391606637
93f6,8eda,93f6afc25d,8edaa51105,Nickel,Nickel,0,0.5622738835261187
8eda,a54c,8edaa51105,a54ce43a84,Nickel,Nickel,0,0.8606220550171464
a54c,8eda,a54ce43a84,8edaa51105,Nickel,Nickel,0,0.8604108015570493
8eda,218a,8edaa51105,218ae10a65,Nickel,Nickel,0,0.6695478991250361
218a,8eda,218ae10a65,8edaa51105,Nickel,Nickel,0,0.6694943859492788
8eda,9645,8edaa51105,9645e12969,Nickel,Nickel,0,0.6103760137040029
9645,8eda,9645e12969,8edaa51105,Nickel,Nickel,0,0.6104727016748384
8eda,0db0,8edaa51105,0db08b7f9e,Nickel,Nickel,0,0.6308865340593371
0db0,8eda,0db08b7f9e,8edaa51105,Nickel,Nickel,0,0.6311253337224372
8eda,fc6e,8edaa51105,fc6e345a87,Nickel,Nickel,0,0.5108114874858353
fc6e,8eda,fc6e345a87,8edaa51105,Nickel,Nickel,0,0.5108114874858354
8eda,5187,8edaa51105,5187134316,Nickel,Nickel,0,0.7572829587897635
5187,8eda,5187134316,8edaa51105,Nickel,Nickel,0,0.7555601402149119
8eda,9fbb,8edaa51105,9fbbe4fcae,Nickel,Nickel,0,0.5230495257136177
9fbb,8eda,9fbbe4fcae,8edaa51105,Nickel,Nickel,0,0.6672093222555204
8eda,744a,8edaa51105,744a7e7690,Nickel,Nickel,0,0.5820748239297423
744a,8eda,744a7e7690,8edaa51105,Nickel,Nickel,0,0.5824527679744924
8eda,9f5c,8edaa51105,9f5cee2a11,Nickel,Nickel,0,0.7252453895741415
9f5c,8eda,9f5cee2a11,8edaa51105,Nickel,Nickel,0,0.7244998442949083
8eda,3443,8edaa51105,3443ea5ba5,Nickel,Nickel,0,0.5244751397725647
3443,8eda,3443ea5ba5,8edaa51105,Nickel,Nickel,0,0.5203290422278732
8eda,fa65,8edaa51105,fa6595462f,Nickel,Nickel,0,0.649184549478424
fa65,8eda,fa6595462f,8edaa51105,Nickel,Nickel,0,0.6490808862770232
8eda,d469,8edaa51105,d469fc3f70,Nickel,Nickel,0,0.5315183262045234
d469,8eda,d469fc3f70,8edaa51105,Nickel,Nickel,0,0.5314739748010203
8eda,0e45,8edaa51105,0e45ff7118,Nickel,Nickel,0,0.5339315911654151
0e45,8eda,0e45ff7118,8edaa51105,Nickel,Nickel,0,0.5338055555849431
8eda,a80b,8edaa51105,a80b46b6d1,Nickel,Nickel,0,0.5031342478943694
a80b,8eda,a80b46b6d1,8edaa51105,Nickel,Nickel,0,0.5030740554438016
8eda,1ed3,8edaa51105,1ed3442cfa,Nickel,Nickel,0,0.5382135729228343
1ed3,8eda,1ed3442cfa,8edaa51105,Nickel,Nickel,0,0.5393063086037404
8eda,db48,8edaa51105,db4804f266,Nickel,Nickel,0,0.6783037666421853
db48,8eda,db4804f266,8edaa51105,Nickel,Nickel,0,0.6774337280094377
8eda,bf77,8edaa51105,bf77a5ca9b,Nickel,Nickel,0,0.6908655977824983
bf77,8eda,bf77a5ca9b,8edaa51105,Nickel,Nickel,0,0.6908566294792903
8eda,1318,8edaa51105,13189e401d,Nickel,Nickel,0,0.5931787647681108
1318,8eda,13189e401d,8edaa51105,Nickel,Nickel,0,0.5952742223505787
8eda,d507,8edaa51105,d5070cee0f,Nickel,Nickel,0,0.6386138539123121
d507,8eda,d5070cee0f,8edaa51105,Nickel,Nickel,0,0.6384985017088952
8eda,27c4,8edaa51105,27c44d34a4,Nickel,Nickel,0,0.6203059119948383
27c4,8eda,27c44d34a4,8edaa51105,Nickel,Nickel,0,0.6205993386780513
8eda,4e01,8edaa51105,4e0193ff9e,Nickel,Nickel,0,0.5106176350351884
4e01,8eda,4e0193ff9e,8edaa51105,Nickel,Nickel,0,0.5106049742804323
8eda,3c68,8edaa51105,3c6819beb9,Nickel,Nickel,0,0.5877989184187701
3c68,8eda,3c6819beb9,8edaa51105,Nickel,Nickel,0,0.5813849850871513
8eda,3a2a,8edaa51105,3a2a75a851,Nickel,Nickel,0,0.46378526462778585
3a2a,8eda,3a2a75a851,8edaa51105,Nickel,Nickel,0,0.4639224424918436
8eda,0d99,8edaa51105,0d991a198f,Nickel,Nickel,0,0.5583826208059581
0d99,8eda,0d991a198f,8edaa51105,Nickel,Nickel,0,0.5581699329048364
1be7,8197,1be78463d7,8197f401c9,Nickel,Nickel,0,0.43933540281485767
8197,1be7,8197f401c9,1be78463d7,Nickel,Nickel,0,0.421091956347914
1be7,803e,1be78463d7,803e2e304c,Nickel,Nickel,0,0.6213277894752711
803e,1be7,803e2e304c,1be78463d7,Nickel,Nickel,0,0.6214401282671739
1be7,07ff,1be78463d7,07ffa2d44f,Nickel,Nickel,0,0.4199462690206101
07ff,1be7,07ffa2d44f,1be78463d7,Nickel,Nickel,0,0.41996688387957315
1be7,114a,1be78463d7,114a81160d,Nickel,Nickel,0,0.6471518873176533
114a,1be7,114a81160d,1be78463d7,Nickel,Nickel,0,0.665776581462847
1be7,7db9,1be78463d7,7db9fa3fdc,Nickel,Nickel,0,0.5558933639029014
7db9,1be7,7db9fa3fdc,1be78463d7,Nickel,Nickel,0,0.5553028687537305
1be7,bd89,1be78463d7,bd89ab2453,Nickel,Nickel,0,0.49764900537774276
bd89,1be7,bd89ab2453,1be78463d7,Nickel,Nickel,0,0.4972114621368315
1be7,1f25,1be78463d7,1f2544214d,Nickel,Nickel,0,0.5897982671610605
1f25,1be7,1f2544214d,1be78463d7,Nickel,Nickel,0,0.5896372711207691
1be7,c208,1be78463d7,c2081b71be,Nickel,Nickel,0,0.5224040936232937
c208,1be7,c2081b71be,1be78463d7,Nickel,Nickel,0,0.5225040363156372
1be7,a404,1be78463d7,a404412c4e,Nickel,Nickel,0,0.46198440234123245
a404,1be7,a404412c4e,1be78463d7,Nickel,Nickel,0,0.4614379842628644
1be7,ff11,1be78463d7,ff11e3e39e,Nickel,Nickel,0,0.4578805475010032
ff11,1be7,ff11e3e39e,1be78463d7,Nickel,Nickel,0,0.4577099046652023
1be7,88c2,1be78463d7,88c293654f,Nickel,Nickel,0,0.49795259191940083
88c2,1be7,88c293654f,1be78463d7,Nickel,Nickel,0,0.49835913679825683
1be7,ae9b,1be78463d7,ae9b0acf0b,Nickel,Nickel,0,0.6909221281626425
ae9b,1be7,ae9b0acf0b,1be78463d7,Nickel,Nickel,0,0.6895086988119055
1be7,a3b1,1be78463d7,a3b1085bea,Nickel,Nickel,0,0.5338739988889926
a3b1,1be7,a3b1085bea,1be78463d7,Nickel,Nickel,0,0.5649255879844793
1be7,f366,1be78463d7,f366f00cde,Nickel,Nickel,0,0.39598553592855446
f366,1be7,f366f00cde,1be78463d7,Nickel,Nickel,0,0.39766271839615364
1be7,81bb,1be78463d7,81bb3cb084,Nickel,Nickel,0,0.5841362687305854
81bb,1be7,81bb3cb084,1be78463d7,Nickel,Nickel,0,0.5838479926310178
1be7,326b,1be78463d7,326bd7053d,Nickel,Nickel,0,0.6683967658671522
326b,1be7,326bd7053d,1be78463d7,Nickel,Nickel,0,0.7164571589436582
1be7,867e,1be78463d7,867e742682,Nickel,Nickel,0,0.6382752525733986
867e,1be7,867e742682,1be78463d7,Nickel,Nickel,0,0.6378634818994343
1be7,9c65,1be78463d7,9c6504e345,Nickel,Nickel,0,0.5012147449260947
9c65,1be7,9c6504e345,1be78463d7,Nickel,Nickel,0,0.5017629390815896
1be7,27c0,1be78463d7,27c03bf211,Nickel,Nickel,0,0.6260519766431798
27c0,1be7,27c03bf211,1be78463d7,Nickel,Nickel,0,0.6262298430166602
1be7,ef85,1be78463d7,ef85c2ef6b,Nickel,Nickel,0,0.7415466910448781
ef85,1be7,ef85c2ef6b,1be78463d7,Nickel,Nickel,0,0.7411009067700276
1be7,9b00,1be78463d7,9b00c4c264,Nickel,Nickel,0,0.41490069651819306
9b00,1be7,9b00c4c264,1be78463d7,Nickel,Nickel,0,0.41482835204184243
1be7,93f6,1be78463d7,93f6afc25d,Nickel,Nickel,0,0.630689825011169
93f6,1be7,93f6afc25d,1be78463d7,Nickel,Nickel,0,0.630472710979952
1be7,a54c,1be78463d7,a54ce43a84,Nickel,Nickel,0,0.44967915963148614
a54c,1be7,a54ce43a84,1be78463d7,Nickel,Nickel,0,0.4488067127627799
1be7,218a,1be78463d7,218ae10a65,Nickel,Nickel,0,0.47803202626810365
218a,1be7,218ae10a65,1be78463d7,Nickel,Nickel,0,0.4782472848787262
1be7,9645,1be78463d7,9645e12969,Nickel,Nickel,0,0.43386360732056156
9645,1be7,9645e12969,1be78463d7,Nickel,Nickel,0,0.4341085023719827
1be7,0db0,1be78463d7,0db08b7f9e,Nickel,Nickel,0,0.5269930001268553
0db0,1be7,0db08b7f9e,1be78463d7,Nickel,Nickel,0,0.5919620346099949
1be7,fc6e,1be78463d7,fc6e345a87,Nickel,Nickel,0,0.3994049344334194
fc6e,1be7,fc6e345a87,1be78463d7,Nickel,Nickel,0,0.39706303704128737
1be7,5187,1be78463d7,5187134316,Nickel,Nickel,0,0.5717854937262534
5187,1be7,5187134316,1be78463d7,Nickel,Nickel,0,0.5719343638304364
1be7,9fbb,1be78463d7,9fbbe4fcae,Nickel,Nickel,0,0.41646169692831625
9fbb,1be7,9fbbe4fcae,1be78463d7,Nickel,Nickel,0,0.41718673057393274
1be7,744a,1be78463d7,744a7e7690,Nickel,Nickel,0,0.4984144746691335
744a,1be7,744a7e7690,1be78463d7,Nickel,Nickel,0,0.4985636420937315
1be7,9f5c,1be78463d7,9f5cee2a11,Nickel,Nickel,0,0.4676683192988431
9f5c,1be7,9f5cee2a11,1be78463d7,Nickel,Nickel,0,0.4682197529472521
1be7,3443,1be78463d7,3443ea5ba5,Nickel,Nickel,0,0.64385962623061
3443,1be7,3443ea5ba5,1be78463d7,Nickel,Nickel,0,0.6439108736271462
1be7,fa65,1be78463d7,fa6595462f,Nickel,Nickel,0,0.6248148170173426
fa65,1be7,fa6595462f,1be78463d7,Nickel,Nickel,0,0.6254368972739542
1be7,d469,1be78463d7,d469fc3f70,Nickel,Nickel,0,0.6792332776644505
d469,1be7,d469fc3f70,1be78463d7,Nickel,Nickel,0,0.7041404584269733
1be7,0e45,1be78463d7,0e45ff7118,Nickel,Nickel,0,0.5861860550401153
0e45,1be7,0e45ff7118,1be78463d7,Nickel,Nickel,0,0.5861860550401153
1be7,a80b,1be78463d7,a80b46b6d1,Nickel,Nickel,0,0.5006141915241412
a80b,1be7,a80b46b6d1,1be78463d7,Nickel,Nickel,0,0.5010036543436638
1be7,1ed3,1be78463d7,1ed3442cfa,Nickel,Nickel,0,0.5099721178977141
1ed3,1be7,1ed3442cfa,1be78463d7,Nickel,Nickel,0,0.46626589048506606
1be7,db48,1be78463d7,db4804f266,Nickel,Nickel,0,0.5750823078331244
db48,1be7,db4804f266,1be78463d7,Nickel,Nickel,0,0.5752188494661312
1be7,bf77,1be78463d7,bf77a5ca9b,Nickel,Nickel,0,0.46919932487050087
bf77,1be7,bf77a5ca9b,1be78463d7,Nickel,Nickel,0,0.4697243601204713
1be7,1318,1be78463d7,13189e401d,Nickel,Nickel,0,0.5331830122119906
1318,1be7,13189e401d,1be78463d7,Nickel,Nickel,0,0.5334053916872663
1be7,d507,1be78463d7,d5070cee0f,Nickel,Nickel,0,0.4759153044304625
d507,1be7,d5070cee0f,1be78463d7,Nickel,Nickel,0,0.47571330398088735
1be7,27c4,1be78463d7,27c44d34a4,Nickel,Nickel,0,0.622905073224358
27c4,1be7,27c44d34a4,1be78463d7,Nickel,Nickel,0,0.6226372931286543
1be7,4e01,1be78463d7,4e0193ff9e,Nickel,Nickel,0,0.6670576187291867
4e01,1be7,4e0193ff9e,1be78463d7,Nickel,Nickel,0,0.6678907690899536
1be7,3c68,1be78463d7,3c6819beb9,Nickel,Nickel,0,0.4586728214741899
3c68,1be7,3c6819beb9,1be78463d7,Nickel,Nickel,0,0.4584425151197567
1be7,3a2a,1be78463d7,3a2a75a851,Nickel,Nickel,0,0.5421598127648013
3a2a,1be7,3a2a75a851,1be78463d7,Nickel,Nickel,0,0.566778049885265
1be7,0d99,1be78463d7,0d991a198f,Nickel,Nickel,0,0.7614306001683627
0d99,1be7,0d991a198f,1be78463d7,Nickel,Nickel,0,0.7608879578231389
8197,07ff,8197f401c9,07ffa2d44f,Nickel,Nickel,0,0.5519506336823
07ff,8197,07ffa2d44f,8197f401c9,Nickel,Nickel,0,0.5519506336822998
8197,114a,8197f401c9,114a81160d,Nickel,Nickel,0,0.5440295168807964
114a,8197,114a81160d,8197f401c9,Nickel,Nickel,0,0.5434472720866279
8197,7db9,8197f401c9,7db9fa3fdc,Nickel,Nickel,0,0.39202024812679054
7db9,8197,7db9fa3fdc,8197f401c9,Nickel,Nickel,0,0.3917932121412972
8197,bd89,8197f401c9,bd89ab2453,Nickel,Nickel,0,0.4816186961374906
bd89,8197,bd89ab2453,8197f401c9,Nickel,Nickel,0,0.4816244570577901
8197,a404,8197f401c9,a404412c4e,Nickel,Nickel,0,0.5983778406685546
a404,8197,a404412c4e,8197f401c9,Nickel,Nickel,0,0.5983778406685549
8197,a3b1,8197f401c9,a3b1085bea,Nickel,Nickel,0,0.4643343197406662
a3b1,8197,a3b1085bea,8197f401c9,Nickel,Nickel,0,0.4649543906378285
8197,f366,8197f401c9,f366f00cde,Nickel,Nickel,0,0.4900009000893901
f366,8197,f366f00cde,8197f401c9,Nickel,Nickel,0,0.4908980764976764
8197,81bb,8197f401c9,81bb3cb084,Nickel,Nickel,0,0.49892697162989097
81bb,8197,81bb3cb084,8197f401c9,Nickel,Nickel,0,0.4983973758527231
8197,326b,8197f401c9,326bd7053d,Nickel,Nickel,0,0.39408884608863964
326b,8197,326bd7053d,8197f401c9,Nickel,Nickel,0,0.39408884608863964
8197,9c65,8197f401c9,9c6504e345,Nickel,Nickel,0,0.45735639650406623
9c65,8197,9c6504e345,8197f401c9,Nickel,Nickel,0,0.457327777807034
8197,ef85,8197f401c9,ef85c2ef6b,Nickel,Nickel,0,0.5927573898653764
ef85,8197,ef85c2ef6b,8197f401c9,Nickel,Nickel,0,0.591349637840092
8197,9b00,8197f401c9,9b00c4c264,Nickel,Nickel,0,0.35572401926655794
9b00,8197,9b00c4c264,8197f401c9,Nickel,Nickel,0,0.3559885412801287
8197,218a,8197f401c9,218ae10a65,Nickel,Nickel,0,0.4899981550257663
218a,8197,218ae10a65,8197f401c9,Nickel,Nickel,0,0.4897192091721061
8197,9645,8197f401c9,9645e12969,Nickel,Nickel,0,0.44414826102085736
9645,8197,9645e12969,8197f401c9,Nickel,Nickel,0,0.4448733116161338
8197,fc6e,8197f401c9,fc6e345a87,Nickel,Nickel,0,0.5795996822277657
fc6e,8197,fc6e345a87,8197f401c9,Nickel,Nickel,0,0.5783837244200761
8197,5187,8197f401c9,5187134316,Nickel,Nickel,0,0.38350332829884715
5187,8197,5187134316,8197f401c9,Nickel,Nickel,0,0.38271697332541926
8197,9fbb,8197f401c9,9fbbe4fcae,Nickel,Nickel,0,0.33484545303367325
9fbb,8197,9fbbe4fcae,8197f401c9,Nickel,Nickel,0,0.33421283641308824
8197,3443,8197f401c9,3443ea5ba5,Nickel,Nickel,0,0.42956286823433043
3443,8197,3443ea5ba5,8197f401c9,Nickel,Nickel,0,0.42796627387312686
8197,fa65,8197f401c9,fa6595462f,Nickel,Nickel,0,0.6019072337936431
fa65,8197,fa6595462f,8197f401c9,Nickel,Nickel,0,0.6908964390012456
8197,d469,8197f401c9,d469fc3f70,Nickel,Nickel,0,0.5352053236638354
d469,8197,d469fc3f70,8197f401c9,Nickel,Nickel,0,0.5352881844985893
8197,0e45,8197f401c9,0e45ff7118,Nickel,Nickel,0,0.4803695144180878
0e45,8197,0e45ff7118,8197f401c9,Nickel,Nickel,0,0.4800500235177039
8197,a80b,8197f401c9,a80b46b6d1,Nickel,Nickel,0,0.5782203662925496
a80b,8197,a80b46b6d1,8197f401c9,Nickel,Nickel,0,0.5779228401617167
8197,db48,8197f401c9,db4804f266,Nickel,Nickel,0,0.4546720560806033
db48,8197,db4804f266,8197f401c9,Nickel,Nickel,0,0.45493181336427396
8197,bf77,8197f401c9,bf77a5ca9b,Nickel,Nickel,0,0.3774816396110716
bf77,8197,bf77a5ca9b,8197f401c9,Nickel,Nickel,0,0.37710578889982815
8197,1318,8197f401c9,13189e401d,Nickel,Nickel,0,0.4294671139174039
1318,8197,13189e401d,8197f401c9,Nickel,Nickel,0,0.4292268336534085
8197,27c4,8197f401c9,27c44d34a4,Nickel,Nickel,0,0.6181062492906141
27c4,8197,27c44d34a4,8197f401c9,Nickel,Nickel,0,0.6178112571297788
8197,3c68,8197f401c9,3c6819beb9,Nickel,Nickel,0,0.5668694058753173
3c68,8197,3c6819beb9,8197f401c9,Nickel,Nickel,0,0.5658132390941577
8197,3a2a,8197f401c9,3a2a75a851,Nickel,Nickel,0,0.46071758895314857
3a2a,8197,3a2a75a851,8197f401c9,Nickel,Nickel,0,0.45659899715935404
8197,0d99,8197f401c9,0d991a198f,Nickel,Nickel,0,0.5050178183457377
0d99,8197,0d991a198f,8197f401c9,Nickel,Nickel,0,0.5041152204631036
803e,07ff,803e2e304c,07ffa2d44f,Nickel,Nickel,0,0.5492690625824724
07ff,803e,07ffa2d44f,803e2e304c,Nickel,Nickel,0,0.5492690625824723
803e,114a,803e2e304c,114a81160d,Nickel,Nickel,0,0.6963336934437004
114a,803e,114a81160d,803e2e304c,Nickel,Nickel,0,0.702226268259417
803e,7db9,803e2e304c,7db9fa3fdc,Nickel,Nickel,0,0.5315340745646473
7db9,803e,7db9fa3fdc,803e2e304c,Nickel,Nickel,0,0.530388417390647
803e,bd89,803e2e304c,bd89ab2453,Nickel,Nickel,0,0.48197154570996986
bd89,803e,bd89ab2453,803e2e304c,Nickel,Nickel,0,0.4823109997144605
803e,a404,803e2e304c,a404412c4e,Nickel,Nickel,0,0.545567669727269
a404,803e,a404412c4e,803e2e304c,Nickel,Nickel,0,0.5458821727098871
803e,a3b1,803e2e304c,a3b1085bea,Nickel,Nickel,0,0.6732366317334745
a3b1,803e,a3b1085bea,803e2e304c,Nickel,Nickel,0,0.6724667136185468
803e,f366,803e2e304c,f366f00cde,Nickel,Nickel,0,0.5261223026143815
f366,803e,f366f00cde,803e2e304c,Nickel,Nickel,0,0.5258666512891512
803e,81bb,803e2e304c,81bb3cb084,Nickel,Nickel,0,0.719328319116184
81bb,803e,81bb3cb084,803e2e304c,Nickel,Nickel,0,0.7167594074854102
803e,326b,803e2e304c,326bd7053d,Nickel,Nickel,0,0.5751658687375587
326b,803e,326bd7053d,803e2e304c,Nickel,Nickel,0,0.5748378484796007
803e,9c65,803e2e304c,9c6504e345,Nickel,Nickel,0,0.7236940335253061
9c65,803e,9c6504e345,803e2e304c,Nickel,Nickel,0,0.7231038193823931
803e,ef85,803e2e304c,ef85c2ef6b,Nickel,Nickel,0,0.5364861856726194
ef85,803e,ef85c2ef6b,803e2e304c,Nickel,Nickel,0,0.53603420899275
803e,9b00,803e2e304c,9b00c4c264,Nickel,Nickel,0,0.4359773068835345
9b00,803e,9b00c4c264,803e2e304c,Nickel,Nickel,0,0.5215880404050169
803e,218a,803e2e304c,218ae10a65,Nickel,Nickel,0,0.5468633851010022
218a,803e,218ae10a65,803e2e304c,Nickel,Nickel,0,0.5454679631467341
803e,9645,803e2e304c,9645e12969,Nickel,Nickel,0,0.5695876204209854
9645,803e,9645e12969,803e2e304c,Nickel,Nickel,0,0.569468899317744
803e,fc6e,803e2e304c,fc6e345a87,Nickel,Nickel,0,0.45525414712107487
fc6e,803e,fc6e345a87,803e2e304c,Nickel,Nickel,0,0.4721125660151071
803e,5187,803e2e304c,5187134316,Nickel,Nickel,0,0.6374907686152234
5187,803e,5187134316,803e2e304c,Nickel,Nickel,0,0.6375214212198714
803e,9fbb,803e2e304c,9fbbe4fcae,Nickel,Nickel,0,0.583886053360101
9fbb,803e,9fbbe4fcae,803e2e304c,Nickel,Nickel,0,0.5838168550327277
803e,3443,803e2e304c,3443ea5ba5,Nickel,Nickel,0,0.5016784734747161
3443,803e,3443ea5ba5,803e2e304c,Nickel,Nickel,0,0.5015598717489842
803e,fa65,803e2e304c,fa6595462f,Nickel,Nickel,0,0.6561832251930608
fa65,803e,fa6595462f,803e2e304c,Nickel,Nickel,0,0.6563237569023015
803e,d469,803e2e304c,d469fc3f70,Nickel,Nickel,0,0.6060316553511902
d469,803e,d469fc3f70,803e2e304c,Nickel,Nickel,0,0.6061908737319226
803e,0e45,803e2e304c,0e45ff7118,Nickel,Nickel,0,0.483201270634212
0e45,803e,0e45ff7118,803e2e304c,Nickel,Nickel,0,0.4825842813612446
803e,a80b,803e2e304c,a80b46b6d1,Nickel,Nickel,0,0.6026934492306801
a80b,803e,a80b46b6d1,803e2e304c,Nickel,Nickel,0,0.6022366610357462
803e,db48,803e2e304c,db4804f266,Nickel,Nickel,0,0.7125439120277559
db48,803e,db4804f266,803e2e304c,Nickel,Nickel,0,0.6379744402228513
803e,bf77,803e2e304c,bf77a5ca9b,Nickel,Nickel,0,0.6611688060803835
bf77,803e,bf77a5ca9b,803e2e304c,Nickel,Nickel,0,0.660417779634698
803e,1318,803e2e304c,13189e401d,Nickel,Nickel,0,0.7061729170015684
1318,803e,13189e401d,803e2e304c,Nickel,Nickel,0,0.7751954984855617
803e,27c4,803e2e304c,27c44d34a4,Nickel,Nickel,0,0.49081640496192225
27c4,803e,27c44d34a4,803e2e304c,Nickel,Nickel,0,0.6288517048266847
803e,3c68,803e2e304c,3c6819beb9,Nickel,Nickel,0,0.533427923192681
3c68,803e,3c6819beb9,803e2e304c,Nickel,Nickel,0,0.5332830262325358
803e,3a2a,803e2e304c,3a2a75a851,Nickel,Nickel,0,0.5342083769280734
3a2a,803e,3a2a75a851,803e2e304c,Nickel,Nickel,0,0.5327626478582203
803e,0d99,803e2e304c,0d991a198f,Nickel,Nickel,0,0.6030419492213794
0d99,803e,0d991a198f,803e2e304c,Nickel,Nickel,0,0.602135910296029
07ff,114a,07ffa2d44f,114a81160d,Nickel,Nickel,0,0.5370781300232477
114a,07ff,114a81160d,07ffa2d44f,Nickel,Nickel,0,0.5889947257015596
07ff,7db9,07ffa2d44f,7db9fa3fdc,Nickel,Nickel,0,0.6076123976764632
7db9,07ff,7db9fa3fdc,07ffa2d44f,Nickel,Nickel,0,0.607612397676463
07ff,bd89,07ffa2d44f,bd89ab2453,Nickel,Nickel,0,0.5623102464345503
bd89,07ff,bd89ab2453,07ffa2d44f,Nickel,Nickel,0,0.5630412943888026
07ff,1f25,07ffa2d44f,1f2544214d,Nickel,Nickel,0,0.6373473345311068
1f25,07ff,1f2544214d,07ffa2d44f,Nickel,Nickel,0,0.6368726328423768
07ff,c208,07ffa2d44f,c2081b71be,Nickel,Nickel,0,0.5598481921312064
c208,07ff,c2081b71be,07ffa2d44f,Nickel,Nickel,0,0.5603620752880284
07ff,a404,07ffa2d44f,a404412c4e,Nickel,Nickel,0,0.7203187462668843
a404,07ff,a404412c4e,07ffa2d44f,Nickel,Nickel,0,0.721376032430215
07ff,ff11,07ffa2d44f,ff11e3e39e,Nickel,Nickel,0,0.708255973238228
ff11,07ff,ff11e3e39e,07ffa2d44f,Nickel,Nickel,0,0.708300732000784
07ff,88c2,07ffa2d44f,88c293654f,Nickel,Nickel,0,0.6974219606050942
88c2,07ff,88c293654f,07ffa2d44f,Nickel,Nickel,0,0.6975783063939421
07ff,ae9b,07ffa2d44f,ae9b0acf0b,Nickel,Nickel,0,0.6182108473572214
ae9b,07ff,ae9b0acf0b,07ffa2d44f,Nickel,Nickel,0,0.554439429551821
07ff,a3b1,07ffa2d44f,a3b1085bea,Nickel,Nickel,0,0.7293433927227287
a3b1,07ff,a3b1085bea,07ffa2d44f,Nickel,Nickel,0,0.7298261189845652
07ff,f366,07ffa2d44f,f366f00cde,Nickel,Nickel,0,0.5147562945411115
f366,07ff,f366f00cde,07ffa2d44f,Nickel,Nickel,0,0.5173537351822041
07ff,81bb,07ffa2d44f,81bb3cb084,Nickel,Nickel,0,0.43176246697496234
81bb,07ff,81bb3cb084,07ffa2d44f,Nickel,Nickel,0,0.43364833737173303
07ff,326b,07ffa2d44f,326bd7053d,Nickel,Nickel,0,0.5917495659094079
326b,07ff,326bd7053d,07ffa2d44f,Nickel,Nickel,0,0.5915844216632672
07ff,867e,07ffa2d44f,867e742682,Nickel,Nickel,0,0.5382996659886777
867e,07ff,867e742682,07ffa2d44f,Nickel,Nickel,0,0.5379917345205052
07ff,9c65,07ffa2d44f,9c6504e345,Nickel,Nickel,0,0.7557175178704582
9c65,07ff,9c6504e345,07ffa2d44f,Nickel,Nickel,0,0.7536432655646761
07ff,27c0,07ffa2d44f,27c03bf211,Nickel,Nickel,0,0.6192569949734071
27c0,07ff,27c03bf211,07ffa2d44f,Nickel,Nickel,0,0.6189308307386439
07ff,ef85,07ffa2d44f,ef85c2ef6b,Nickel,Nickel,0,0.6295225121917719
ef85,07ff,ef85c2ef6b,07ffa2d44f,Nickel,Nickel,0,0.6295639565317742
07ff,9b00,07ffa2d44f,9b00c4c264,Nickel,Nickel,0,0.5466465687362906
9b00,07ff,9b00c4c264,07ffa2d44f,Nickel,Nickel,0,0.5466542447464711
07ff,93f6,07ffa2d44f,93f6afc25d,Nickel,Nickel,0,0.6301778370397777
93f6,07ff,93f6afc25d,07ffa2d44f,Nickel,Nickel,0,0.4919761005154099
07ff,a54c,07ffa2d44f,a54ce43a84,Nickel,Nickel,0,0.6180173235873219
a54c,07ff,a54ce43a84,07ffa2d44f,Nickel,Nickel,0,0.6199818839800485
07ff,218a,07ffa2d44f,218ae10a65,Nickel,Nickel,0,0.5191060745464787
218a,07ff,218ae10a65,07ffa2d44f,Nickel,Nickel,0,0.5189734714330647
07ff,9645,07ffa2d44f,9645e12969,Nickel,Nickel,0,0.6698328125763452
9645,07ff,9645e12969,07ffa2d44f,Nickel,Nickel,0,0.6699242197381483
07ff,0db0,07ffa2d44f,0db08b7f9e,Nickel,Nickel,0,0.7062038157264594
0db0,07ff,0db08b7f9e,07ffa2d44f,Nickel,Nickel,0,0.7061153147575975
07ff,fc6e,07ffa2d44f,fc6e345a87,Nickel,Nickel,0,0.44599906662109007
fc6e,07ff,fc6e345a87,07ffa2d44f,Nickel,Nickel,0,0.44823030121404056
07ff,5187,07ffa2d44f,5187134316,Nickel,Nickel,0,0.7001189686339755
5187,07ff,5187134316,07ffa2d44f,Nickel,Nickel,0,0.7004568813363543
07ff,9fbb,07ffa2d44f,9fbbe4fcae,Nickel,Nickel,0,0.7161885707939412
9fbb,07ff,9fbbe4fcae,07ffa2d44f,Nickel,Nickel,0,0.7161327756801119
07ff,744a,07ffa2d44f,744a7e7690,Nickel,Nickel,0,0.42023109899075867
744a,07ff,744a7e7690,07ffa2d44f,Nickel,Nickel,0,0.42058718785206683
07ff,9f5c,07ffa2d44f,9f5cee2a11,Nickel,Nickel,0,0.4881113097113538
9f5c,07ff,9f5cee2a11,07ffa2d44f,Nickel,Nickel,0,0.4882589605450835
07ff,3443,07ffa2d44f,3443ea5ba5,Nickel,Nickel,0,0.5379597663422426
3443,07ff,3443ea5ba5,07ffa2d44f,Nickel,Nickel,0,0.5383996611394137
07ff,fa65,07ffa2d44f,fa6595462f,Nickel,Nickel,0,0.5998889253936036
fa65,07ff,fa6595462f,07ffa2d44f,Nickel,Nickel,0,0.5995926127845864
07ff,d469,07ffa2d44f,d469fc3f70,Nickel,Nickel,0,0.6790288800584984
d469,07ff,d469fc3f70,07ffa2d44f,Nickel,Nickel,0,0.6790288800584982
07ff,0e45,07ffa2d44f,0e45ff7118,Nickel,Nickel,0,0.5978710797046746
0e45,07ff,0e45ff7118,07ffa2d44f,Nickel,Nickel,0,0.5977993898133543
07ff,a80b,07ffa2d44f,a80b46b6d1,Nickel,Nickel,0,0.6556553723718681
a80b,07ff,a80b46b6d1,07ffa2d44f,Nickel,Nickel,0,0.6908431755047273
07ff,1ed3,07ffa2d44f,1ed3442cfa,Nickel,Nickel,0,0.5091382430170774
1ed3,07ff,1ed3442cfa,07ffa2d44f,Nickel,Nickel,0,0.5096112738608561
07ff,db48,07ffa2d44f,db4804f266,Nickel,Nickel,0,0.7115990799664997
db48,07ff,db4804f266,07ffa2d44f,Nickel,Nickel,0,0.7122972553539059
07ff,bf77,07ffa2d44f,bf77a5ca9b,Nickel,Nickel,0,0.6522197662634733
bf77,07ff,bf77a5ca9b,07ffa2d44f,Nickel,Nickel,0,0.6519479918276916
07ff,1318,07ffa2d44f,13189e401d,Nickel,Nickel,0,0.6431699135506472
1318,07ff,13189e401d,07ffa2d44f,Nickel,Nickel,0,0.6442459624754173
07ff,d507,07ffa2d44f,d5070cee0f,Nickel,Nickel,0,0.6402062393713641
d507,07ff,d5070cee0f,07ffa2d44f,Nickel,Nickel,0,0.6402062393713637
07ff,27c4,07ffa2d44f,27c44d34a4,Nickel,Nickel,0,0.5556000466766271
27c4,07ff,27c44d34a4,07ffa2d44f,Nickel,Nickel,0,0.5559828150685552
07ff,4e01,07ffa2d44f,4e0193ff9e,Nickel,Nickel,0,0.5013007793703048
4e01,07ff,4e0193ff9e,07ffa2d44f,Nickel,Nickel,0,0.5010053468756616
07ff,3c68,07ffa2d44f,3c6819beb9,Nickel,Nickel,0,0.5820113660135533
3c68,07ff,3c6819beb9,07ffa2d44f,Nickel,Nickel,0,0.5816534670843173
07ff,3a2a,07ffa2d44f,3a2a75a851,Nickel,Nickel,0,0.46889032081242643
3a2a,07ff,3a2a75a851,07ffa2d44f,Nickel,Nickel,0,0.46914594673361415
07ff,0d99,07ffa2d44f,0d991a198f,Nickel,Nickel,0,0.6290325625768176
0d99,07ff,0d991a198f,07ffa2d44f,Nickel,Nickel,0,0.6291107579428961
114a,7db9,114a81160d,7db9fa3fdc,Nickel,Nickel,0,0.511659396286075
7db9,114a,7db9fa3fdc,114a81160d,Nickel,Nickel,0,0.5087112032066702
114a,bd89,114a81160d,bd89ab2453,Nickel,Nickel,0,0.64133493698419
bd89,114a,bd89ab2453,114a81160d,Nickel,Nickel,0,0.6414347421415183
114a,1f25,114a81160d,1f2544214d,Nickel,Nickel,0,0.7158197713592048
1f25,114a,1f2544214d,114a81160d,Nickel,Nickel,0,0.7160866785157384
114a,c208,114a81160d,c2081b71be,Nickel,Nickel,0,0.7251991242987083
c208,114a,c2081b71be,114a81160d,Nickel,Nickel,0,0.7250787454003358
114a,a404,114a81160d,a404412c4e,Nickel,Nickel,0,0.49765726268231814
a404,114a,a404412c4e,114a81160d,Nickel,Nickel,0,0.4975772702828793
114a,ff11,114a81160d,ff11e3e39e,Nickel,Nickel,0,0.5111922712818789
ff11,114a,ff11e3e39e,114a81160d,Nickel,Nickel,0,0.5079875487355288
114a,88c2,114a81160d,88c293654f,Nickel,Nickel,0,0.47632069792324505
88c2,114a,88c293654f,114a81160d,Nickel,Nickel,0,0.47669231730568845
114a,ae9b,114a81160d,ae9b0acf0b,Nickel,Nickel,0,0.6237025087560433
ae9b,114a,ae9b0acf0b,114a81160d,Nickel,Nickel,0,0.62269138560635
114a,a3b1,114a81160d,a3b1085bea,Nickel,Nickel,0,0.47945041428786317
a3b1,114a,a3b1085bea,114a81160d,Nickel,Nickel,0,0.4769971242365649
114a,f366,114a81160d,f366f00cde,Nickel,Nickel,0,0.5714927272184427
f366,114a,f366f00cde,114a81160d,Nickel,Nickel,0,0.5717897608850593
114a,81bb,114a81160d,81bb3cb084,Nickel,Nickel,0,0.5463186393405223
81bb,114a,81bb3cb084,114a81160d,Nickel,Nickel,0,0.5460649480997091
114a,326b,114a81160d,326bd7053d,Nickel,Nickel,0,0.5695665472636638
326b,114a,326bd7053d,114a81160d,Nickel,Nickel,0,0.5687895021792618
114a,867e,114a81160d,867e742682,Nickel,Nickel,0,0.5838609144558308
867e,114a,867e742682,114a81160d,Nickel,Nickel,0,0.5838609144558309
114a,9c65,114a81160d,9c6504e345,Nickel,Nickel,0,0.6876227571975638
9c65,114a,9c6504e345,114a81160d,Nickel,Nickel,0,0.687622757197564
114a,27c0,114a81160d,27c03bf211,Nickel,Nickel,0,0.6395899488979557
27c0,114a,27c03bf211,114a81160d,Nickel,Nickel,0,0.6700722462300515
114a,ef85,114a81160d,ef85c2ef6b,Nickel,Nickel,0,0.610529601840362
ef85,114a,ef85c2ef6b,114a81160d,Nickel,Nickel,0,0.6098860971671223
114a,9b00,114a81160d,9b00c4c264,Nickel,Nickel,0,0.6432375525025418
9b00,114a,9b00c4c264,114a81160d,Nickel,Nickel,0,0.6433307938038506
114a,93f6,114a81160d,93f6afc25d,Nickel,Nickel,0,0.6425541817162175
93f6,114a,93f6afc25d,114a81160d,Nickel,Nickel,0,0.6423733329989854
114a,a54c,114a81160d,a54ce43a84,Nickel,Nickel,0,0.557541060394746
a54c,114a,a54ce43a84,114a81160d,Nickel,Nickel,0,0.556650493011203
114a,218a,114a81160d,218ae10a65,Nickel,Nickel,0,0.8031441883070959
218a,114a,218ae10a65,114a81160d,Nickel,Nickel,0,0.7602005639418992
114a,9645,114a81160d,9645e12969,Nickel,Nickel,0,0.7170619134221266
9645,114a,9645e12969,114a81160d,Nickel,Nickel,0,0.7151188095739015
114a,0db0,114a81160d,0db08b7f9e,Nickel,Nickel,0,0.6287267402553119
0db0,114a,0db08b7f9e,114a81160d,Nickel,Nickel,0,0.6287267402553122
114a,fc6e,114a81160d,fc6e345a87,Nickel,Nickel,0,0.46228173645995513
fc6e,114a,fc6e345a87,114a81160d,Nickel,Nickel,0,0.45892739498810353
114a,5187,114a81160d,5187134316,Nickel,Nickel,0,0.5778446927241777
5187,114a,5187134316,114a81160d,Nickel,Nickel,0,0.5774133727658322
114a,9fbb,114a81160d,9fbbe4fcae,Nickel,Nickel,0,0.4312033145407953
9fbb,114a,9fbbe4fcae,114a81160d,Nickel,Nickel,0,0.42994624253301894
114a,744a,114a81160d,744a7e7690,Nickel,Nickel,0,0.6659918024291013
744a,114a,744a7e7690,114a81160d,Nickel,Nickel,0,0.6627980521401202
114a,9f5c,114a81160d,9f5cee2a11,Nickel,Nickel,0,0.6560208938490535
9f5c,114a,9f5cee2a11,114a81160d,Nickel,Nickel,0,0.6550349850331231
114a,3443,114a81160d,3443ea5ba5,Nickel,Nickel,0,0.74927593556336
3443,114a,3443ea5ba5,114a81160d,Nickel,Nickel,0,0.7489440035712905
114a,fa65,114a81160d,fa6595462f,Nickel,Nickel,0,0.6090830672149059
fa65,114a,fa6595462f,114a81160d,Nickel,Nickel,0,0.6090327495601949
114a,d469,114a81160d,d469fc3f70,Nickel,Nickel,0,0.6533489320574821
d469,114a,d469fc3f70,114a81160d,Nickel,Nickel,0,0.6514999494022509
114a,0e45,114a81160d,0e45ff7118,Nickel,Nickel,0,0.5378879028004188
0e45,114a,0e45ff7118,114a81160d,Nickel,Nickel,0,0.5370992936665311
114a,a80b,114a81160d,a80b46b6d1,Nickel,Nickel,0,0.6079095347532982
a80b,114a,a80b46b6d1,114a81160d,Nickel,Nickel,0,0.608310263669721
114a,1ed3,114a81160d,1ed3442cfa,Nickel,Nickel,0,0.6486855604760251
1ed3,114a,1ed3442cfa,114a81160d,Nickel,Nickel,0,0.6486948811584691
114a,db48,114a81160d,db4804f266,Nickel,Nickel,0,0.5542803905704174
db48,114a,db4804f266,114a81160d,Nickel,Nickel,0,0.552675585456278
114a,bf77,114a81160d,bf77a5ca9b,Nickel,Nickel,0,0.4461103468817421
bf77,114a,bf77a5ca9b,114a81160d,Nickel,Nickel,0,0.4459895023204602
114a,1318,114a81160d,13189e401d,Nickel,Nickel,0,0.6875017939890774
1318,114a,13189e401d,114a81160d,Nickel,Nickel,0,0.6873361377590883
114a,d507,114a81160d,d5070cee0f,Nickel,Nickel,0,0.5251871589928488
d507,114a,d5070cee0f,114a81160d,Nickel,Nickel,0,0.5253645052866818
114a,27c4,114a81160d,27c44d34a4,Nickel,Nickel,0,0.5991135953462862
27c4,114a,27c44d34a4,114a81160d,Nickel,Nickel,0,0.5996435957769646
114a,4e01,114a81160d,4e0193ff9e,Nickel,Nickel,0,0.4966106694624062
4e01,114a,4e0193ff9e,114a81160d,Nickel,Nickel,0,0.4959490085382294
114a,3c68,114a81160d,3c6819beb9,Nickel,Nickel,0,0.4262924719943092
3c68,114a,3c6819beb9,114a81160d,Nickel,Nickel,0,0.42654470575777814
114a,3a2a,114a81160d,3a2a75a851,Nickel,Nickel,0,0.5890072354023845
3a2a,114a,3a2a75a851,114a81160d,Nickel,Nickel,0,0.5887157511570622
114a,0d99,114a81160d,0d991a198f,Nickel,Nickel,0,0.5725676672245649
0d99,114a,0d991a198f,114a81160d,Nickel,Nickel,0,0.5716153697165357
7db9,bd89,7db9fa3fdc,bd89ab2453,Nickel,Nickel,0,0.6635976156987949
bd89,7db9,bd89ab2453,7db9fa3fdc,Nickel,Nickel,0,0.6632626031676259
7db9,1f25,7db9fa3fdc,1f2544214d,Nickel,Nickel,0,0.6570434421395293
1f25,7db9,1f2544214d,7db9fa3fdc,Nickel,Nickel,0,0.6565867309158122
7db9,c208,7db9fa3fdc,c2081b71be,Nickel,Nickel,0,0.5075717601797308
c208,7db9,c2081b71be,7db9fa3fdc,Nickel,Nickel,0,0.507572610822841
7db9,a404,7db9fa3fdc,a404412c4e,Nickel,Nickel,0,0.5383146164259329
a404,7db9,a404412c4e,7db9fa3fdc,Nickel,Nickel,0,0.5373614469935909
7db9,ff11,7db9fa3fdc,ff11e3e39e,Nickel,Nickel,0,0.5790174614718
ff11,7db9,ff11e3e39e,7db9fa3fdc,Nickel,Nickel,0,0.5793437233506803
7db9,88c2,7db9fa3fdc,88c293654f,Nickel,Nickel,0,0.721744890922283
88c2,7db9,88c293654f,7db9fa3fdc,Nickel,Nickel,0,0.7219445507485858
7db9,ae9b,7db9fa3fdc,ae9b0acf0b,Nickel,Nickel,0,0.4609972825480943
ae9b,7db9,ae9b0acf0b,7db9fa3fdc,Nickel,Nickel,0,0.45979179256416924
7db9,a3b1,7db9fa3fdc,a3b1085bea,Nickel,Nickel,0,0.7288078997000378
a3b1,7db9,a3b1085bea,7db9fa3fdc,Nickel,Nickel,0,0.7284342340260115
7db9,f366,7db9fa3fdc,f366f00cde,Nickel,Nickel,0,0.6305544706731779
f366,7db9,f366f00cde,7db9fa3fdc,Nickel,Nickel,0,0.63079945974783
7db9,81bb,7db9fa3fdc,81bb3cb084,Nickel,Nickel,0,0.5337565771157433
81bb,7db9,81bb3cb084,7db9fa3fdc,Nickel,Nickel,0,0.5336850971672567
7db9,326b,7db9fa3fdc,326bd7053d,Nickel,Nickel,0,0.7058194843468973
326b,7db9,326bd7053d,7db9fa3fdc,Nickel,Nickel,0,0.705394852650878
7db9,867e,7db9fa3fdc,867e742682,Nickel,Nickel,0,0.5316848546604815
867e,7db9,867e742682,7db9fa3fdc,Nickel,Nickel,0,0.5305375772099207
7db9,9c65,7db9fa3fdc,9c6504e345,Nickel,Nickel,0,0.4605116714290998
9c65,7db9,9c6504e345,7db9fa3fdc,Nickel,Nickel,0,0.46039403007610136
7db9,27c0,7db9fa3fdc,27c03bf211,Nickel,Nickel,0,0.7416817139312512
27c0,7db9,27c03bf211,7db9fa3fdc,Nickel,Nickel,0,0.7416817139312514
7db9,ef85,7db9fa3fdc,ef85c2ef6b,Nickel,Nickel,0,0.6398473522642716
ef85,7db9,ef85c2ef6b,7db9fa3fdc,Nickel,Nickel,0,0.6394047866817089
7db9,9b00,7db9fa3fdc,9b00c4c264,Nickel,Nickel,0,0.6288243016462206
9b00,7db9,9b00c4c264,7db9fa3fdc,Nickel,Nickel,0,0.6286572106036652
7db9,93f6,7db9fa3fdc,93f6afc25d,Nickel,Nickel,0,0.6086079276321559
93f6,7db9,93f6afc25d,7db9fa3fdc,Nickel,Nickel,0,0.6082833559545576
7db9,a54c,7db9fa3fdc,a54ce43a84,Nickel,Nickel,0,0.6515116861293772
a54c,7db9,a54ce43a84,7db9fa3fdc,Nickel,Nickel,0,0.6522198932371631
7db9,218a,7db9fa3fdc,218ae10a65,Nickel,Nickel,0,0.5443511538118416
218a,7db9,218ae10a65,7db9fa3fdc,Nickel,Nickel,0,0.5442897365029947
7db9,9645,7db9fa3fdc,9645e12969,Nickel,Nickel,0,0.5787331056411875
9645,7db9,9645e12969,7db9fa3fdc,Nickel,Nickel,0,0.5789489386436751
7db9,0db0,7db9fa3fdc,0db08b7f9e,Nickel,Nickel,0,0.6495229727071743
0db0,7db9,0db08b7f9e,7db9fa3fdc,Nickel,Nickel,0,0.6523342957159972
7db9,fc6e,7db9fa3fdc,fc6e345a87,Nickel,Nickel,0,0.5031760523254393
fc6e,7db9,fc6e345a87,7db9fa3fdc,Nickel,Nickel,0,0.5028887256677378
7db9,5187,7db9fa3fdc,5187134316,Nickel,Nickel,0,0.6958941964138969
5187,7db9,5187134316,7db9fa3fdc,Nickel,Nickel,0,0.6959110222645294
7db9,9fbb,7db9fa3fdc,9fbbe4fcae,Nickel,Nickel,0,0.6815198662185128
9fbb,7db9,9fbbe4fcae,7db9fa3fdc,Nickel,Nickel,0,0.6815482576074666
7db9,744a,7db9fa3fdc,744a7e7690,Nickel,Nickel,0,0.6217089499561148
744a,7db9,744a7e7690,7db9fa3fdc,Nickel,Nickel,0,0.6213729784243359
7db9,9f5c,7db9fa3fdc,9f5cee2a11,Nickel,Nickel,0,0.6805415481841368
9f5c,7db9,9f5cee2a11,7db9fa3fdc,Nickel,Nickel,0,0.6805415481841373
7db9,3443,7db9fa3fdc,3443ea5ba5,Nickel,Nickel,0,0.5105570299958783
3443,7db9,3443ea5ba5,7db9fa3fdc,Nickel,Nickel,0,0.5094817373077835
7db9,fa65,7db9fa3fdc,fa6595462f,Nickel,Nickel,0,0.5455870694668368
fa65,7db9,fa6595462f,7db9fa3fdc,Nickel,Nickel,0,0.5463022727229288
7db9,d469,7db9fa3fdc,d469fc3f70,Nickel,Nickel,0,0.5247006963351847
d469,7db9,d469fc3f70,7db9fa3fdc,Nickel,Nickel,0,0.5485156631970042
7db9,0e45,7db9fa3fdc,0e45ff7118,Nickel,Nickel,0,0.5644352624131547
0e45,7db9,0e45ff7118,7db9fa3fdc,Nickel,Nickel,0,0.5412751408045782
7db9,a80b,7db9fa3fdc,a80b46b6d1,Nickel,Nickel,0,0.6677650935255353
a80b,7db9,a80b46b6d1,7db9fa3fdc,Nickel,Nickel,0,0.6679261048441025
7db9,1ed3,7db9fa3fdc,1ed3442cfa,Nickel,Nickel,0,0.5709058467636215
1ed3,7db9,1ed3442cfa,7db9fa3fdc,Nickel,Nickel,0,0.5709058467636212
7db9,db48,7db9fa3fdc,db4804f266,Nickel,Nickel,0,0.5405782913711638
db48,7db9,db4804f266,7db9fa3fdc,Nickel,Nickel,0,0.5414553271226655
7db9,bf77,7db9fa3fdc,bf77a5ca9b,Nickel,Nickel,0,0.4496764530032432
bf77,7db9,bf77a5ca9b,7db9fa3fdc,Nickel,Nickel,0,0.45022281528866176
7db9,1318,7db9fa3fdc,13189e401d,Nickel,Nickel,0,0.6712512558674033
1318,7db9,13189e401d,7db9fa3fdc,Nickel,Nickel,0,0.6256980706764917
7db9,d507,7db9fa3fdc,d5070cee0f,Nickel,Nickel,0,0.4296812174598184
d507,7db9,d5070cee0f,7db9fa3fdc,Nickel,Nickel,0,0.42963017857564545
7db9,27c4,7db9fa3fdc,27c44d34a4,Nickel,Nickel,0,0.5419596943204739
27c4,7db9,27c44d34a4,7db9fa3fdc,Nickel,Nickel,0,0.5414549976066647
7db9,4e01,7db9fa3fdc,4e0193ff9e,Nickel,Nickel,0,0.5965522810298088
4e01,7db9,4e0193ff9e,7db9fa3fdc,Nickel,Nickel,0,0.5967551977648279
7db9,3c68,7db9fa3fdc,3c6819beb9,Nickel,Nickel,0,0.560005366917593
3c68,7db9,3c6819beb9,7db9fa3fdc,Nickel,Nickel,0,0.560005366917593
7db9,3a2a,7db9fa3fdc,3a2a75a851,Nickel,Nickel,0,0.5767509923194651
3a2a,7db9,3a2a75a851,7db9fa3fdc,Nickel,Nickel,0,0.5767509923194651
7db9,0d99,7db9fa3fdc,0d991a198f,Nickel,Nickel,0,0.684201292511046
0d99,7db9,0d991a198f,7db9fa3fdc,Nickel,Nickel,0,0.6841359039189755
bd89,1f25,bd89ab2453,1f2544214d,Nickel,Nickel,0,0.6745149470664491
1f25,bd89,1f2544214d,bd89ab2453,Nickel,Nickel,0,0.6752990003361309
bd89,c208,bd89ab2453,c2081b71be,Nickel,Nickel,0,0.5666865095127911
c208,bd89,c2081b71be,bd89ab2453,Nickel,Nickel,0,0.5669577614045965
bd89,a404,bd89ab2453,a404412c4e,Nickel,Nickel,0,0.6572515015237183
a404,bd89,a404412c4e,bd89ab2453,Nickel,Nickel,0,0.6571801268042559
bd89,ff11,bd89ab2453,ff11e3e39e,Nickel,Nickel,0,0.6335279285607535
ff11,bd89,ff11e3e39e,bd89ab2453,Nickel,Nickel,0,0.633021439863702
bd89,88c2,bd89ab2453,88c293654f,Nickel,Nickel,0,0.5657702414425603
88c2,bd89,88c293654f,bd89ab2453,Nickel,Nickel,0,0.5657702414425602
bd89,ae9b,bd89ab2453,ae9b0acf0b,Nickel,Nickel,0,0.5844486804598732
ae9b,bd89,ae9b0acf0b,bd89ab2453,Nickel,Nickel,0,0.5615542987040762
bd89,a3b1,bd89ab2453,a3b1085bea,Nickel,Nickel,0,0.7637808501020867
a3b1,bd89,a3b1085bea,bd89ab2453,Nickel,Nickel,0,0.7641678318090905
bd89,f366,bd89ab2453,f366f00cde,Nickel,Nickel,0,0.4758750140376621
f366,bd89,f366f00cde,bd89ab2453,Nickel,Nickel,0,0.4761187459090368
bd89,81bb,bd89ab2453,81bb3cb084,Nickel,Nickel,0,0.511140383605775
81bb,bd89,81bb3cb084,bd89ab2453,Nickel,Nickel,0,0.5108783284859791
bd89,326b,bd89ab2453,326bd7053d,Nickel,Nickel,0,0.549540135891546
326b,bd89,326bd7053d,bd89ab2453,Nickel,Nickel,0,0.5493850343830506
bd89,867e,bd89ab2453,867e742682,Nickel,Nickel,0,0.5736240248372364
867e,bd89,867e742682,bd89ab2453,Nickel,Nickel,0,0.5737652911886486
bd89,9c65,bd89ab2453,9c6504e345,Nickel,Nickel,0,0.661600934302298
9c65,bd89,9c6504e345,bd89ab2453,Nickel,Nickel,0,0.630087403356684
bd89,27c0,bd89ab2453,27c03bf211,Nickel,Nickel,0,0.5550793475904976
27c0,bd89,27c03bf211,bd89ab2453,Nickel,Nickel,0,0.5550142375112614
bd89,ef85,bd89ab2453,ef85c2ef6b,Nickel,Nickel,0,0.6125372122016636
ef85,bd89,ef85c2ef6b,bd89ab2453,Nickel,Nickel,0,0.6119657583746305
bd89,9b00,bd89ab2453,9b00c4c264,Nickel,Nickel,0,0.7562051487725548
9b00,bd89,9b00c4c264,bd89ab2453,Nickel,Nickel,0,0.7558278019673803
bd89,93f6,bd89ab2453,93f6afc25d,Nickel,Nickel,0,0.5846553411926173
93f6,bd89,93f6afc25d,bd89ab2453,Nickel,Nickel,0,0.5142234076253783
bd89,a54c,bd89ab2453,a54ce43a84,Nickel,Nickel,0,0.6473614360066672
a54c,bd89,a54ce43a84,bd89ab2453,Nickel,Nickel,0,0.6470818217204785
bd89,218a,bd89ab2453,218ae10a65,Nickel,Nickel,0,0.5556123450981378
218a,bd89,218ae10a65,bd89ab2453,Nickel,Nickel,0,0.5555165807139826
bd89,9645,bd89ab2453,9645e12969,Nickel,Nickel,0,0.4692544266686953
9645,bd89,9645e12969,bd89ab2453,Nickel,Nickel,0,0.4693027014738798
bd89,0db0,bd89ab2453,0db08b7f9e,Nickel,Nickel,0,0.5279897088393329
0db0,bd89,0db08b7f9e,bd89ab2453,Nickel,Nickel,0,0.5282208239056787
bd89,fc6e,bd89ab2453,fc6e345a87,Nickel,Nickel,0,0.5199476244992887
fc6e,bd89,fc6e345a87,bd89ab2453,Nickel,Nickel,0,0.5237999710917854
bd89,5187,bd89ab2453,5187134316,Nickel,Nickel,0,0.6183889251000337
5187,bd89,5187134316,bd89ab2453,Nickel,Nickel,0,0.6184544746607065
bd89,9fbb,bd89ab2453,9fbbe4fcae,Nickel,Nickel,0,0.6026340624482514
9fbb,bd89,9fbbe4fcae,bd89ab2453,Nickel,Nickel,0,0.6026922516894366
bd89,744a,bd89ab2453,744a7e7690,Nickel,Nickel,0,0.46572693740181126
744a,bd89,744a7e7690,bd89ab2453,Nickel,Nickel,0,0.4655045235516109
bd89,9f5c,bd89ab2453,9f5cee2a11,Nickel,Nickel,0,0.7078300644647216
9f5c,bd89,9f5cee2a11,bd89ab2453,Nickel,Nickel,0,0.7078300644647219
bd89,3443,bd89ab2453,3443ea5ba5,Nickel,Nickel,0,0.6660557699531746
3443,bd89,3443ea5ba5,bd89ab2453,Nickel,Nickel,0,0.6673976599031175
bd89,fa65,bd89ab2453,fa6595462f,Nickel,Nickel,0,0.5850628127707647
fa65,bd89,fa6595462f,bd89ab2453,Nickel,Nickel,0,0.5861797999944875
bd89,d469,bd89ab2453,d469fc3f70,Nickel,Nickel,0,0.506581511182749
d469,bd89,d469fc3f70,bd89ab2453,Nickel,Nickel,0,0.5069489880690451
bd89,0e45,bd89ab2453,0e45ff7118,Nickel,Nickel,0,0.4543313044693353
0e45,bd89,0e45ff7118,bd89ab2453,Nickel,Nickel,0,0.45337817683550524
bd89,a80b,bd89ab2453,a80b46b6d1,Nickel,Nickel,0,0.6859885867383556
a80b,bd89,a80b46b6d1,bd89ab2453,Nickel,Nickel,0,0.6866532463486449
bd89,1ed3,bd89ab2453,1ed3442cfa,Nickel,Nickel,0,0.5501735657688245
1ed3,bd89,1ed3442cfa,bd89ab2453,Nickel,Nickel,0,0.5512174988403258
bd89,db48,bd89ab2453,db4804f266,Nickel,Nickel,0,0.6314940256424649
db48,bd89,db4804f266,bd89ab2453,Nickel,Nickel,0,0.6319724116282104
bd89,bf77,bd89ab2453,bf77a5ca9b,Nickel,Nickel,0,0.4763924269120599
bf77,bd89,bf77a5ca9b,bd89ab2453,Nickel,Nickel,0,0.4766980269577139
bd89,1318,bd89ab2453,13189e401d,Nickel,Nickel,0,0.5091400651887322
1318,bd89,13189e401d,bd89ab2453,Nickel,Nickel,0,0.5097697099378233
bd89,d507,bd89ab2453,d5070cee0f,Nickel,Nickel,0,0.7347009786390913
d507,bd89,d5070cee0f,bd89ab2453,Nickel,Nickel,0,0.7347043169815971
bd89,27c4,bd89ab2453,27c44d34a4,Nickel,Nickel,0,0.5763839151380556
27c4,bd89,27c44d34a4,bd89ab2453,Nickel,Nickel,0,0.5764100386683356
bd89,4e01,bd89ab2453,4e0193ff9e,Nickel,Nickel,0,0.6081286829484281
4e01,bd89,4e0193ff9e,bd89ab2453,Nickel,Nickel,0,0.60802449440334
bd89,3c68,bd89ab2453,3c6819beb9,Nickel,Nickel,0,0.6032067153395748
3c68,bd89,3c6819beb9,bd89ab2453,Nickel,Nickel,0,0.603015112262041
bd89,3a2a,bd89ab2453,3a2a75a851,Nickel,Nickel,0,0.44469623452808654
3a2a,bd89,3a2a75a851,bd89ab2453,Nickel,Nickel,0,0.4447163783663882
bd89,0d99,bd89ab2453,0d991a198f,Nickel,Nickel,0,0.5447041256864299
0d99,bd89,0d991a198f,bd89ab2453,Nickel,Nickel,0,0.5446726632586174
1f25,a404,1f2544214d,a404412c4e,Nickel,Nickel,0,0.453897062489673
a404,1f25,a404412c4e,1f2544214d,Nickel,Nickel,0,0.4536714211052881
1f25,a3b1,1f2544214d,a3b1085bea,Nickel,Nickel,0,0.7322556104399232
a3b1,1f25,a3b1085bea,1f2544214d,Nickel,Nickel,0,0.731099803642722
1f25,f366,1f2544214d,f366f00cde,Nickel,Nickel,0,0.45638328101452114
f366,1f25,f366f00cde,1f2544214d,Nickel,Nickel,0,0.40891713998693263
1f25,81bb,1f2544214d,81bb3cb084,Nickel,Nickel,0,0.36882947614688033
81bb,1f25,81bb3cb084,1f2544214d,Nickel,Nickel,0,0.36775403460197525
1f25,326b,1f2544214d,326bd7053d,Nickel,Nickel,0,0.4262575276451146
326b,1f25,326bd7053d,1f2544214d,Nickel,Nickel,0,0.42565332708959974
1f25,9c65,1f2544214d,9c6504e345,Nickel,Nickel,0,0.5977165430276868
9c65,1f25,9c6504e345,1f2544214d,Nickel,Nickel,0,0.597764605375314
1f25,ef85,1f2544214d,ef85c2ef6b,Nickel,Nickel,0,0.5681147160836911
ef85,1f25,ef85c2ef6b,1f2544214d,Nickel,Nickel,0,0.5680880815242395
1f25,9b00,1f2544214d,9b00c4c264,Nickel,Nickel,0,0.6012356352227681
9b00,1f25,9b00c4c264,1f2544214d,Nickel,Nickel,0,0.6006840452102253
1f25,218a,1f2544214d,218ae10a65,Nickel,Nickel,0,0.6441262827880622
218a,1f25,218ae10a65,1f2544214d,Nickel,Nickel,0,0.6435142547875107
1f25,9645,1f2544214d,9645e12969,Nickel,Nickel,0,0.5819928389592823
9645,1f25,9645e12969,1f2544214d,Nickel,Nickel,0,0.5813231558685993
1f25,fc6e,1f2544214d,fc6e345a87,Nickel,Nickel,0,0.5263237084036484
fc6e,1f25,fc6e345a87,1f2544214d,Nickel,Nickel,0,0.5263633278833042
1f25,5187,1f2544214d,5187134316,Nickel,Nickel,0,0.5074869571771334
5187,1f25,5187134316,1f2544214d,Nickel,Nickel,0,0.5065551980285933
1f25,9fbb,1f2544214d,9fbbe4fcae,Nickel,Nickel,0,0.5369085698921415
9fbb,1f25,9fbbe4fcae,1f2544214d,Nickel,Nickel,0,0.5356464824214404
1f25,3443,1f2544214d,3443ea5ba5,Nickel,Nickel,0,0.6690515149975427
3443,1f25,3443ea5ba5,1f2544214d,Nickel,Nickel,0,0.6683453611757056
1f25,fa65,1f2544214d,fa6595462f,Nickel,Nickel,0,0.5654840109958094
fa65,1f25,fa6595462f,1f2544214d,Nickel,Nickel,0,0.565484010995809
1f25,d469,1f2544214d,d469fc3f70,Nickel,Nickel,0,0.5277379362084083
d469,1f25,d469fc3f70,1f2544214d,Nickel,Nickel,0,0.5277039855269997
1f25,0e45,1f2544214d,0e45ff7118,Nickel,Nickel,0,0.5573357828707696
0e45,1f25,0e45ff7118,1f2544214d,Nickel,Nickel,0,0.5572202362354555
1f25,a80b,1f2544214d,a80b46b6d1,Nickel,Nickel,0,0.6262596524669587
a80b,1f25,a80b46b6d1,1f2544214d,Nickel,Nickel,0,0.6267747188399738
1f25,db48,1f2544214d,db4804f266,Nickel,Nickel,0,0.5708646587067939
db48,1f25,db4804f266,1f2544214d,Nickel,Nickel,0,0.5712077557209306
1f25,bf77,1f2544214d,bf77a5ca9b,Nickel,Nickel,0,0.47461617914251464
bf77,1f25,bf77a5ca9b,1f2544214d,Nickel,Nickel,0,0.4736818759968616
1f25,1318,1f2544214d,13189e401d,Nickel,Nickel,0,0.5712941689548776
1318,1f25,13189e401d,1f2544214d,Nickel,Nickel,0,0.5709953566497
1f25,27c4,1f2544214d,27c44d34a4,Nickel,Nickel,0,0.35913954811503
27c4,1f25,27c44d34a4,1f2544214d,Nickel,Nickel,0,0.35735912313901397
1f25,3c68,1f2544214d,3c6819beb9,Nickel,Nickel,0,0.49619453455134876
3c68,1f25,3c6819beb9,1f2544214d,Nickel,Nickel,0,0.4961516978764693
1f25,3a2a,1f2544214d,3a2a75a851,Nickel,Nickel,0,0.42295494055008054
3a2a,1f25,3a2a75a851,1f2544214d,Nickel,Nickel,0,0.42308753056641213
1f25,0d99,1f2544214d,0d991a198f,Nickel,Nickel,0,0.5020290133451167
0d99,1f25,0d991a198f,1f2544214d,Nickel,Nickel,0,0.5015301919533681
c208,a404,c2081b71be,a404412c4e,Nickel,Nickel,0,0.6964764884520157
a404,c208,a404412c4e,c2081b71be,Nickel,Nickel,0,0.6964264777574117
c208,a3b1,c2081b71be,a3b1085bea,Nickel,Nickel,0,0.6571193275005779
a3b1,c208,a3b1085bea,c2081b71be,Nickel,Nickel,0,0.656958253113449
c208,f366,c2081b71be,f366f00cde,Nickel,Nickel,0,0.635291747427244
f366,c208,f366f00cde,c2081b71be,Nickel,Nickel,0,0.63561542280891
c208,81bb,c2081b71be,81bb3cb084,Nickel,Nickel,0,0.5897117280783069
81bb,c208,81bb3cb084,c2081b71be,Nickel,Nickel,0,0.5918653155431863
c208,326b,c2081b71be,326bd7053d,Nickel,Nickel,0,0.6940371831548935
326b,c208,326bd7053d,c2081b71be,Nickel,Nickel,0,0.694509937575733
c208,9c65,c2081b71be,9c6504e345,Nickel,Nickel,0,0.576966511091613
9c65,c208,9c6504e345,c2081b71be,Nickel,Nickel,0,0.5766872337583748
c208,ef85,c2081b71be,ef85c2ef6b,Nickel,Nickel,0,0.6686191688628791
ef85,c208,ef85c2ef6b,c2081b71be,Nickel,Nickel,0,0.668846262114984
c208,9b00,c2081b71be,9b00c4c264,Nickel,Nickel,0,0.5816126431974132
9b00,c208,9b00c4c264,c2081b71be,Nickel,Nickel,0,0.5811962944687249
c208,218a,c2081b71be,218ae10a65,Nickel,Nickel,0,0.6272054287180676
218a,c208,218ae10a65,c2081b71be,Nickel,Nickel,0,0.6278024557693627
c208,9645,c2081b71be,9645e12969,Nickel,Nickel,0,0.6254793513140391
9645,c208,9645e12969,c2081b71be,Nickel,Nickel,0,0.684653081457699
c208,fc6e,c2081b71be,fc6e345a87,Nickel,Nickel,0,0.6212601892213437
fc6e,c208,fc6e345a87,c2081b71be,Nickel,Nickel,0,0.6210552815337581
c208,5187,c2081b71be,5187134316,Nickel,Nickel,0,0.5449972038453931
5187,c208,5187134316,c2081b71be,Nickel,Nickel,0,0.5450490730769162
c208,9fbb,c2081b71be,9fbbe4fcae,Nickel,Nickel,0,0.6252425860911888
9fbb,c208,9fbbe4fcae,c2081b71be,Nickel,Nickel,0,0.6837582368294048
c208,3443,c2081b71be,3443ea5ba5,Nickel,Nickel,0,0.5603341353473115
3443,c208,3443ea5ba5,c2081b71be,Nickel,Nickel,0,0.5604116077467697
c208,fa65,c2081b71be,fa6595462f,Nickel,Nickel,0,0.619159146298835
fa65,c208,fa6595462f,c2081b71be,Nickel,Nickel,0,0.619208056231084
c208,d469,c2081b71be,d469fc3f70,Nickel,Nickel,0,0.7404401821029742
d469,c208,d469fc3f70,c2081b71be,Nickel,Nickel,0,0.7282621970925788
c208,0e45,c2081b71be,0e45ff7118,Nickel,Nickel,0,0.664693344509434
0e45,c208,0e45ff7118,c2081b71be,Nickel,Nickel,0,0.6648415956018849
c208,a80b,c2081b71be,a80b46b6d1,Nickel,Nickel,0,0.6898656193196631
a80b,c208,a80b46b6d1,c2081b71be,Nickel,Nickel,0,0.6895471419992302
c208,db48,c2081b71be,db4804f266,Nickel,Nickel,0,0.5204708559896648
db48,c208,db4804f266,c2081b71be,Nickel,Nickel,0,0.5206846923995073
c208,bf77,c2081b71be,bf77a5ca9b,Nickel,Nickel,0,0.6162585363655328
bf77,c208,bf77a5ca9b,c2081b71be,Nickel,Nickel,0,0.6161718958980659
c208,1318,c2081b71be,13189e401d,Nickel,Nickel,0,0.7379882407281585
1318,c208,13189e401d,c2081b71be,Nickel,Nickel,0,0.7377378493594576
c208,27c4,c2081b71be,27c44d34a4,Nickel,Nickel,0,0.7332829543360272
27c4,c208,27c44d34a4,c2081b71be,Nickel,Nickel,0,0.7336569473202976
c208,3c68,c2081b71be,3c6819beb9,Nickel,Nickel,0,0.4374790199451124
3c68,c208,3c6819beb9,c2081b71be,Nickel,Nickel,0,0.43672080834411126
c208,3a2a,c2081b71be,3a2a75a851,Nickel,Nickel,0,0.4869964474754274
3a2a,c208,3a2a75a851,c2081b71be,Nickel,Nickel,0,0.48698556809925797
c208,0d99,c2081b71be,0d991a198f,Nickel,Nickel,0,0.68947946790808
0d99,c208,0d991a198f,c2081b71be,Nickel,Nickel,0,0.6886017869792107
a404,ff11,a404412c4e,ff11e3e39e,Nickel,Nickel,0,0.6598516981574298
ff11,a404,ff11e3e39e,a404412c4e,Nickel,Nickel,0,0.6595687756086772
a404,88c2,a404412c4e,88c293654f,Nickel,Nickel,0,0.781345035478675
88c2,a404,88c293654f,a404412c4e,Nickel,Nickel,0,0.7720201623671837
a404,ae9b,a404412c4e,ae9b0acf0b,Nickel,Nickel,0,0.7947652443897233
ae9b,a404,ae9b0acf0b,a404412c4e,Nickel,Nickel,0,0.794644856204042
a404,a3b1,a404412c4e,a3b1085bea,Nickel,Nickel,0,0.6180355532497991
a3b1,a404,a3b1085bea,a404412c4e,Nickel,Nickel,0,0.6183204973888827
a404,f366,a404412c4e,f366f00cde,Nickel,Nickel,0,0.6961945909090448
f366,a404,f366f00cde,a404412c4e,Nickel,Nickel,0,0.6961356944865887
a404,81bb,a404412c4e,81bb3cb084,Nickel,Nickel,0,0.6295971464339477
81bb,a404,81bb3cb084,a404412c4e,Nickel,Nickel,0,0.6296838330877395
a404,326b,a404412c4e,326bd7053d,Nickel,Nickel,0,0.6487588940294814
326b,a404,326bd7053d,a404412c4e,Nickel,Nickel,0,0.6494912784342753
a404,867e,a404412c4e,867e742682,Nickel,Nickel,0,0.5882435495993321
867e,a404,867e742682,a404412c4e,Nickel,Nickel,0,0.5884658743767954
a404,9c65,a404412c4e,9c6504e345,Nickel,Nickel,0,0.7968734849223571
9c65,a404,9c6504e345,a404412c4e,Nickel,Nickel,0,0.7969196994566502
a404,27c0,a404412c4e,27c03bf211,Nickel,Nickel,0,0.5793965089112114
27c0,a404,27c03bf211,a404412c4e,Nickel,Nickel,0,0.5800862609265387
a404,ef85,a404412c4e,ef85c2ef6b,Nickel,Nickel,0,0.6187537658926662
ef85,a404,ef85c2ef6b,a404412c4e,Nickel,Nickel,0,0.6622983341966514
a404,9b00,a404412c4e,9b00c4c264,Nickel,Nickel,0,0.6261658107992517
9b00,a404,9b00c4c264,a404412c4e,Nickel,Nickel,0,0.623526126021333
a404,93f6,a404412c4e,93f6afc25d,Nickel,Nickel,0,0.5606418796247884
93f6,a404,93f6afc25d,a404412c4e,Nickel,Nickel,0,0.5608696018391195
a404,a54c,a404412c4e,a54ce43a84,Nickel,Nickel,0,0.672861502256487
a54c,a404,a54ce43a84,a404412c4e,Nickel,Nickel,0,0.6709964734447309
a404,218a,a404412c4e,218ae10a65,Nickel,Nickel,0,0.6506770115122671
218a,a404,218ae10a65,a404412c4e,Nickel,Nickel,0,0.6505032119784953
a404,9645,a404412c4e,9645e12969,Nickel,Nickel,0,0.6048869392347067
9645,a404,9645e12969,a404412c4e,Nickel,Nickel,0,0.5720251143829989
a404,0db0,a404412c4e,0db08b7f9e,Nickel,Nickel,0,0.5491290762904942
0db0,a404,0db08b7f9e,a404412c4e,Nickel,Nickel,0,0.5502423626519035
a404,fc6e,a404412c4e,fc6e345a87,Nickel,Nickel,0,0.4905261515398855
fc6e,a404,fc6e345a87,a404412c4e,Nickel,Nickel,0,0.49233283808685363
a404,5187,a404412c4e,5187134316,Nickel,Nickel,0,0.6394888139056238
5187,a404,5187134316,a404412c4e,Nickel,Nickel,0,0.63921651593218
a404,9fbb,a404412c4e,9fbbe4fcae,Nickel,Nickel,0,0.6815568433208018
9fbb,a404,9fbbe4fcae,a404412c4e,Nickel,Nickel,0,0.6813369763615702
a404,744a,a404412c4e,744a7e7690,Nickel,Nickel,0,0.5276642454540609
744a,a404,744a7e7690,a404412c4e,Nickel,Nickel,0,0.5241709459358747
a404,9f5c,a404412c4e,9f5cee2a11,Nickel,Nickel,0,0.5575472884365004
9f5c,a404,9f5cee2a11,a404412c4e,Nickel,Nickel,0,0.5579722355158406
a404,3443,a404412c4e,3443ea5ba5,Nickel,Nickel,0,0.5950685898606705
3443,a404,3443ea5ba5,a404412c4e,Nickel,Nickel,0,0.5955365901033036
a404,fa65,a404412c4e,fa6595462f,Nickel,Nickel,0,0.5355165730603715
fa65,a404,fa6595462f,a404412c4e,Nickel,Nickel,0,0.5354507327669363
a404,d469,a404412c4e,d469fc3f70,Nickel,Nickel,0,0.5972086135311406
d469,a404,d469fc3f70,a404412c4e,Nickel,Nickel,0,0.5972905309027404
a404,0e45,a404412c4e,0e45ff7118,Nickel,Nickel,0,0.5933545904965991
0e45,a404,0e45ff7118,a404412c4e,Nickel,Nickel,0,0.5942812876782616
a404,a80b,a404412c4e,a80b46b6d1,Nickel,Nickel,0,0.6311575837886113
a80b,a404,a80b46b6d1,a404412c4e,Nickel,Nickel,0,0.6343387237850456
a404,1ed3,a404412c4e,1ed3442cfa,Nickel,Nickel,0,0.5192265526351397
1ed3,a404,1ed3442cfa,a404412c4e,Nickel,Nickel,0,0.5192134575061044
a404,db48,a404412c4e,db4804f266,Nickel,Nickel,0,0.6438964230419898
db48,a404,db4804f266,a404412c4e,Nickel,Nickel,0,0.6438964230419895
a404,bf77,a404412c4e,bf77a5ca9b,Nickel,Nickel,0,0.648280042150564
bf77,a404,bf77a5ca9b,a404412c4e,Nickel,Nickel,0,0.6483256318354769
a404,1318,a404412c4e,13189e401d,Nickel,Nickel,0,0.5970521273874038
1318,a404,13189e401d,a404412c4e,Nickel,Nickel,0,0.5972048226831896
a404,d507,a404412c4e,d5070cee0f,Nickel,Nickel,0,0.6272497125209968
d507,a404,d5070cee0f,a404412c4e,Nickel,Nickel,0,0.6272497125209968
a404,27c4,a404412c4e,27c44d34a4,Nickel,Nickel,0,0.694304418969217
27c4,a404,27c44d34a4,a404412c4e,Nickel,Nickel,0,0.6945189975252232
a404,4e01,a404412c4e,4e0193ff9e,Nickel,Nickel,0,0.554698657527744
4e01,a404,4e0193ff9e,a404412c4e,Nickel,Nickel,0,0.5546740150909087
a404,3c68,a404412c4e,3c6819beb9,Nickel,Nickel,0,0.6464943582577013
3c68,a404,3c6819beb9,a404412c4e,Nickel,Nickel,0,0.6464565202035626
a404,3a2a,a404412c4e,3a2a75a851,Nickel,Nickel,0,0.5007855335991207
3a2a,a404,3a2a75a851,a404412c4e,Nickel,Nickel,0,0.5007855335991207
a404,0d99,a404412c4e,0d991a198f,Nickel,Nickel,0,0.5399694435399347
0d99,a404,0d991a198f,a404412c4e,Nickel,Nickel,0,0.5400862158129953
ff11,a3b1,ff11e3e39e,a3b1085bea,Nickel,Nickel,0,0.5996056323962903
a3b1,ff11,a3b1085bea,ff11e3e39e,Nickel,Nickel,0,0.5997715416907237
ff11,f366,ff11e3e39e,f366f00cde,Nickel,Nickel,0,0.643227471206294
f366,ff11,f366f00cde,ff11e3e39e,Nickel,Nickel,0,0.6435821329869731
ff11,81bb,ff11e3e39e,81bb3cb084,Nickel,Nickel,0,0.3994881890072644
81bb,ff11,81bb3cb084,ff11e3e39e,Nickel,Nickel,0,0.3995502392224639
ff11,326b,ff11e3e39e,326bd7053d,Nickel,Nickel,0,0.414304485723746
326b,ff11,326bd7053d,ff11e3e39e,Nickel,Nickel,0,0.4147879013937328
ff11,9c65,ff11e3e39e,9c6504e345,Nickel,Nickel,0,0.46948227650247426
9c65,ff11,9c6504e345,ff11e3e39e,Nickel,Nickel,0,0.46974152484672077
ff11,ef85,ff11e3e39e,ef85c2ef6b,Nickel,Nickel,0,0.5515511030423866
ef85,ff11,ef85c2ef6b,ff11e3e39e,Nickel,Nickel,0,0.5513972717009329
ff11,9b00,ff11e3e39e,9b00c4c264,Nickel,Nickel,0,0.5132788809752307
9b00,ff11,9b00c4c264,ff11e3e39e,Nickel,Nickel,0,0.5119521212890752
ff11,218a,ff11e3e39e,218ae10a65,Nickel,Nickel,0,0.5157384995018288
218a,ff11,218ae10a65,ff11e3e39e,Nickel,Nickel,0,0.5155752542944128
ff11,9645,ff11e3e39e,9645e12969,Nickel,Nickel,0,0.4707541549163255
9645,ff11,9645e12969,ff11e3e39e,Nickel,Nickel,0,0.4713201964797465
ff11,fc6e,ff11e3e39e,fc6e345a87,Nickel,Nickel,0,0.4637859738379948
fc6e,ff11,fc6e345a87,ff11e3e39e,Nickel,Nickel,0,0.4627685892687112
ff11,5187,ff11e3e39e,5187134316,Nickel,Nickel,0,0.7293942195066881
5187,ff11,5187134316,ff11e3e39e,Nickel,Nickel,0,0.7296632287439524
ff11,9fbb,ff11e3e39e,9fbbe4fcae,Nickel,Nickel,0,0.5912742820731303
9fbb,ff11,9fbbe4fcae,ff11e3e39e,Nickel,Nickel,0,0.591412476456483
ff11,3443,ff11e3e39e,3443ea5ba5,Nickel,Nickel,0,0.5525752924848434
3443,ff11,3443ea5ba5,ff11e3e39e,Nickel,Nickel,0,0.5527770194404886
ff11,fa65,ff11e3e39e,fa6595462f,Nickel,Nickel,0,0.543968631649984
fa65,ff11,fa6595462f,ff11e3e39e,Nickel,Nickel,0,0.5439386567625173
ff11,d469,ff11e3e39e,d469fc3f70,Nickel,Nickel,0,0.5964341208886952
d469,ff11,d469fc3f70,ff11e3e39e,Nickel,Nickel,0,0.5963174357190922
ff11,0e45,ff11e3e39e,0e45ff7118,Nickel,Nickel,0,0.4928983214383799
0e45,ff11,0e45ff7118,ff11e3e39e,Nickel,Nickel,0,0.4928983214383799
ff11,a80b,ff11e3e39e,a80b46b6d1,Nickel,Nickel,0,0.5366440081420667
a80b,ff11,a80b46b6d1,ff11e3e39e,Nickel,Nickel,0,0.5368652021110635
ff11,db48,ff11e3e39e,db4804f266,Nickel,Nickel,0,0.5434666849922377
db48,ff11,db4804f266,ff11e3e39e,Nickel,Nickel,0,0.54285315172479
ff11,bf77,ff11e3e39e,bf77a5ca9b,Nickel,Nickel,0,0.4883913387703408
bf77,ff11,bf77a5ca9b,ff11e3e39e,Nickel,Nickel,0,0.4884213692902582
ff11,1318,ff11e3e39e,13189e401d,Nickel,Nickel,0,0.5781417972205039
1318,ff11,13189e401d,ff11e3e39e,Nickel,Nickel,0,0.578658705360545
ff11,27c4,ff11e3e39e,27c44d34a4,Nickel,Nickel,0,0.40356355400159566
27c4,ff11,27c44d34a4,ff11e3e39e,Nickel,Nickel,0,0.40345006781687864
ff11,3c68,ff11e3e39e,3c6819beb9,Nickel,Nickel,0,0.600436337038347
3c68,ff11,3c6819beb9,ff11e3e39e,Nickel,Nickel,0,0.6003562579036233
ff11,3a2a,ff11e3e39e,3a2a75a851,Nickel,Nickel,0,0.7810736249638639
3a2a,ff11,3a2a75a851,ff11e3e39e,Nickel,Nickel,0,0.7809579872655521
ff11,0d99,ff11e3e39e,0d991a198f,Nickel,Nickel,0,0.6339972729144452
0d99,ff11,0d991a198f,ff11e3e39e,Nickel,Nickel,0,0.6447892172078803
88c2,a3b1,88c293654f,a3b1085bea,Nickel,Nickel,0,0.7539101101994407
a3b1,88c2,a3b1085bea,88c293654f,Nickel,Nickel,0,0.7533558966006544
88c2,f366,88c293654f,f366f00cde,Nickel,Nickel,0,0.6983087030698095
f366,88c2,f366f00cde,88c293654f,Nickel,Nickel,0,0.698811287018588
88c2,81bb,88c293654f,81bb3cb084,Nickel,Nickel,0,0.4706315852430334
81bb,88c2,81bb3cb084,88c293654f,Nickel,Nickel,0,0.46940477457783786
88c2,326b,88c293654f,326bd7053d,Nickel,Nickel,0,0.6582926773043013
326b,88c2,326bd7053d,88c293654f,Nickel,Nickel,0,0.6581459344027056
88c2,9c65,88c293654f,9c6504e345,Nickel,Nickel,0,0.5046757247568476
9c65,88c2,9c6504e345,88c293654f,Nickel,Nickel,0,0.5045879336047601
88c2,ef85,88c293654f,ef85c2ef6b,Nickel,Nickel,0,0.5465290281880598
ef85,88c2,ef85c2ef6b,88c293654f,Nickel,Nickel,0,0.5465186528492937
88c2,9b00,88c293654f,9b00c4c264,Nickel,Nickel,0,0.6627253867081474
9b00,88c2,9b00c4c264,88c293654f,Nickel,Nickel,0,0.6620537966882761
88c2,218a,88c293654f,218ae10a65,Nickel,Nickel,0,0.4489063706633771
218a,88c2,218ae10a65,88c293654f,Nickel,Nickel,0,0.4479962827406293
88c2,9645,88c293654f,9645e12969,Nickel,Nickel,0,0.6435781039124168
9645,88c2,9645e12969,88c293654f,Nickel,Nickel,0,0.6437567049231235
88c2,fc6e,88c293654f,fc6e345a87,Nickel,Nickel,0,0.41224376814919095
fc6e,88c2,fc6e345a87,88c293654f,Nickel,Nickel,0,0.4123804928711638
88c2,5187,88c293654f,5187134316,Nickel,Nickel,0,0.8181939449247108
5187,88c2,5187134316,88c293654f,Nickel,Nickel,0,0.818697951813427
88c2,9fbb,88c293654f,9fbbe4fcae,Nickel,Nickel,0,0.7260721992589088
9fbb,88c2,9fbbe4fcae,88c293654f,Nickel,Nickel,0,0.7259262830203548
88c2,3443,88c293654f,3443ea5ba5,Nickel,Nickel,0,0.6219787068175817
3443,88c2,3443ea5ba5,88c293654f,Nickel,Nickel,0,0.6219787068175819
88c2,fa65,88c293654f,fa6595462f,Nickel,Nickel,0,0.5892281273712363
fa65,88c2,fa6595462f,88c293654f,Nickel,Nickel,0,0.5907568286136093
88c2,d469,88c293654f,d469fc3f70,Nickel,Nickel,0,0.46879395308729566
d469,88c2,d469fc3f70,88c293654f,Nickel,Nickel,0,0.4689156239485202
88c2,0e45,88c293654f,0e45ff7118,Nickel,Nickel,0,0.48691584089569007
0e45,88c2,0e45ff7118,88c293654f,Nickel,Nickel,0,0.48706412722774467
88c2,a80b,88c293654f,a80b46b6d1,Nickel,Nickel,0,0.5380600264789872
a80b,88c2,a80b46b6d1,88c293654f,Nickel,Nickel,0,0.5380512556967942
88c2,db48,88c293654f,db4804f266,Nickel,Nickel,0,0.6319690460966199
db48,88c2,db4804f266,88c293654f,Nickel,Nickel,0,0.6323370956383595
88c2,bf77,88c293654f,bf77a5ca9b,Nickel,Nickel,0,0.6850102203444937
bf77,88c2,bf77a5ca9b,88c293654f,Nickel,Nickel,0,0.6849936565018746
88c2,1318,88c293654f,13189e401d,Nickel,Nickel,0,0.6878001246470383
1318,88c2,13189e401d,88c293654f,Nickel,Nickel,0,0.6882703187199836
88c2,27c4,88c293654f,27c44d34a4,Nickel,Nickel,0,0.5312956903527465
27c4,88c2,27c44d34a4,88c293654f,Nickel,Nickel,0,0.5312884850187537
88c2,3c68,88c293654f,3c6819beb9,Nickel,Nickel,0,0.7112458458517309
3c68,88c2,3c6819beb9,88c293654f,Nickel,Nickel,0,0.710849575894483
88c2,3a2a,88c293654f,3a2a75a851,Nickel,Nickel,0,0.5333793931577319
3a2a,88c2,3a2a75a851,88c293654f,Nickel,Nickel,0,0.532985106995001
88c2,0d99,88c293654f,0d991a198f,Nickel,Nickel,0,0.7991453478687771
0d99,88c2,0d991a198f,88c293654f,Nickel,Nickel,0,0.7991901468891874
ae9b,a3b1,ae9b0acf0b,a3b1085bea,Nickel,Nickel,0,0.5741879988296021
a3b1,ae9b,a3b1085bea,ae9b0acf0b,Nickel,Nickel,0,0.5742478058796361
ae9b,f366,ae9b0acf0b,f366f00cde,Nickel,Nickel,0,0.5500448318443892
f366,ae9b,f366f00cde,ae9b0acf0b,Nickel,Nickel,0,0.5495244345346535
ae9b,81bb,ae9b0acf0b,81bb3cb084,Nickel,Nickel,0,0.47139971531508085
81bb,ae9b,81bb3cb084,ae9b0acf0b,Nickel,Nickel,0,0.47156192698633215
ae9b,326b,ae9b0acf0b,326bd7053d,Nickel,Nickel,0,0.5327466337580851
326b,ae9b,326bd7053d,ae9b0acf0b,Nickel,Nickel,0,0.5327116547612277
ae9b,9c65,ae9b0acf0b,9c6504e345,Nickel,Nickel,0,0.524828000143514
9c65,ae9b,9c6504e345,ae9b0acf0b,Nickel,Nickel,0,0.5248717094338481
ae9b,ef85,ae9b0acf0b,ef85c2ef6b,Nickel,Nickel,0,0.6261099882005184
ef85,ae9b,ef85c2ef6b,ae9b0acf0b,Nickel,Nickel,0,0.6203434740208075
ae9b,9b00,ae9b0acf0b,9b00c4c264,Nickel,Nickel,0,0.342230684103252
9b00,ae9b,9b00c4c264,ae9b0acf0b,Nickel,Nickel,0,0.3424343867132879
ae9b,218a,ae9b0acf0b,218ae10a65,Nickel,Nickel,0,0.6441790822493302
218a,ae9b,218ae10a65,ae9b0acf0b,Nickel,Nickel,0,0.6442459338246467
ae9b,9645,ae9b0acf0b,9645e12969,Nickel,Nickel,0,0.44547704563469015
9645,ae9b,9645e12969,ae9b0acf0b,Nickel,Nickel,0,0.446849454222509
ae9b,fc6e,ae9b0acf0b,fc6e345a87,Nickel,Nickel,0,0.48232185956079854
fc6e,ae9b,fc6e345a87,ae9b0acf0b,Nickel,Nickel,0,0.4819880618202298
ae9b,5187,ae9b0acf0b,5187134316,Nickel,Nickel,0,0.3868910849516263
5187,ae9b,5187134316,ae9b0acf0b,Nickel,Nickel,0,0.38703249008494045
ae9b,9fbb,ae9b0acf0b,9fbbe4fcae,Nickel,Nickel,0,0.7573692877650136
9fbb,ae9b,9fbbe4fcae,ae9b0acf0b,Nickel,Nickel,0,0.7574655074139061
ae9b,3443,ae9b0acf0b,3443ea5ba5,Nickel,Nickel,0,0.39720358270358247
3443,ae9b,3443ea5ba5,ae9b0acf0b,Nickel,Nickel,0,0.39814107683723826
ae9b,fa65,ae9b0acf0b,fa6595462f,Nickel,Nickel,0,0.5707019610367315
fa65,ae9b,fa6595462f,ae9b0acf0b,Nickel,Nickel,0,0.5744810977718012
ae9b,d469,ae9b0acf0b,d469fc3f70,Nickel,Nickel,0,0.5536661765566842
d469,ae9b,d469fc3f70,ae9b0acf0b,Nickel,Nickel,0,0.5530774280163164
ae9b,0e45,ae9b0acf0b,0e45ff7118,Nickel,Nickel,0,0.5329467559863458
0e45,ae9b,0e45ff7118,ae9b0acf0b,Nickel,Nickel,0,0.5330079269184436
ae9b,a80b,ae9b0acf0b,a80b46b6d1,Nickel,Nickel,0,0.511407747667042
a80b,ae9b,a80b46b6d1,ae9b0acf0b,Nickel,Nickel,0,0.5118410884901623
ae9b,db48,ae9b0acf0b,db4804f266,Nickel,Nickel,0,0.4469359477996402
db48,ae9b,db4804f266,ae9b0acf0b,Nickel,Nickel,0,0.44703503348364654
ae9b,bf77,ae9b0acf0b,bf77a5ca9b,Nickel,Nickel,0,0.6376567599655663
bf77,ae9b,bf77a5ca9b,ae9b0acf0b,Nickel,Nickel,0,0.6376173271573927
ae9b,1318,ae9b0acf0b,13189e401d,Nickel,Nickel,0,0.6230491012882364
1318,ae9b,13189e401d,ae9b0acf0b,Nickel,Nickel,0,0.6230491012882364
ae9b,27c4,ae9b0acf0b,27c44d34a4,Nickel,Nickel,0,0.5146929276778406
27c4,ae9b,27c44d34a4,ae9b0acf0b,Nickel,Nickel,0,0.514576258443601
ae9b,3c68,ae9b0acf0b,3c6819beb9,Nickel,Nickel,0,0.4900335315833992
3c68,ae9b,3c6819beb9,ae9b0acf0b,Nickel,Nickel,0,0.5221521188665388
ae9b,3a2a,ae9b0acf0b,3a2a75a851,Nickel,Nickel,0,0.48719703887035426
3a2a,ae9b,3a2a75a851,ae9b0acf0b,Nickel,Nickel,0,0.48900020282826145
ae9b,0d99,ae9b0acf0b,0d991a198f,Nickel,Nickel,0,0.5108782620858561
0d99,ae9b,0d991a198f,ae9b0acf0b,Nickel,Nickel,0,0.5108386188453877
a3b1,f366,a3b1085bea,f366f00cde,Nickel,Nickel,0,0.5365667284707633
f366,a3b1,f366f00cde,a3b1085bea,Nickel,Nickel,0,0.5365285296376434
a3b1,81bb,a3b1085bea,81bb3cb084,Nickel,Nickel,0,0.6491163820827317
81bb,a3b1,81bb3cb084,a3b1085bea,Nickel,Nickel,0,0.6494797391824437
a3b1,326b,a3b1085bea,326bd7053d,Nickel,Nickel,0,0.714433483994369
326b,a3b1,326bd7053d,a3b1085bea,Nickel,Nickel,0,0.7144334839943689
a3b1,867e,a3b1085bea,867e742682,Nickel,Nickel,0,0.43898854413823324
867e,a3b1,867e742682,a3b1085bea,Nickel,Nickel,0,0.43941723052792175
a3b1,9c65,a3b1085bea,9c6504e345,Nickel,Nickel,0,0.5725895728362089
9c65,a3b1,9c6504e345,a3b1085bea,Nickel,Nickel,0,0.5725500361547974
a3b1,27c0,a3b1085bea,27c03bf211,Nickel,Nickel,0,0.6859436467469145
27c0,a3b1,27c03bf211,a3b1085bea,Nickel,Nickel,0,0.6865987531309988
a3b1,ef85,a3b1085bea,ef85c2ef6b,Nickel,Nickel,0,0.5426501866050614
ef85,a3b1,ef85c2ef6b,a3b1085bea,Nickel,Nickel,0,0.5426302756996184
a3b1,9b00,a3b1085bea,9b00c4c264,Nickel,Nickel,0,0.543828993863716
9b00,a3b1,9b00c4c264,a3b1085bea,Nickel,Nickel,0,0.5442543663059205
a3b1,93f6,a3b1085bea,93f6afc25d,Nickel,Nickel,0,0.5341496825891434
93f6,a3b1,93f6afc25d,a3b1085bea,Nickel,Nickel,0,0.5423443650282339
a3b1,a54c,a3b1085bea,a54ce43a84,Nickel,Nickel,0,0.5797287767359498
a54c,a3b1,a54ce43a84,a3b1085bea,Nickel,Nickel,0,0.5811523826697209
a3b1,218a,a3b1085bea,218ae10a65,Nickel,Nickel,0,0.5974275589511366
218a,a3b1,218ae10a65,a3b1085bea,Nickel,Nickel,0,0.5977770273857693
a3b1,9645,a3b1085bea,9645e12969,Nickel,Nickel,0,0.41613886977089753
9645,a3b1,9645e12969,a3b1085bea,Nickel,Nickel,0,0.4168815467732601
a3b1,0db0,a3b1085bea,0db08b7f9e,Nickel,Nickel,0,0.590685030924826
0db0,a3b1,0db08b7f9e,a3b1085bea,Nickel,Nickel,0,0.5917287669871619
a3b1,fc6e,a3b1085bea,fc6e345a87,Nickel,Nickel,0,0.5230495512031939
fc6e,a3b1,fc6e345a87,a3b1085bea,Nickel,Nickel,0,0.5231806341021558
a3b1,5187,a3b1085bea,5187134316,Nickel,Nickel,0,0.7549294862868291
5187,a3b1,5187134316,a3b1085bea,Nickel,Nickel,0,0.7553106752099835
a3b1,9fbb,a3b1085bea,9fbbe4fcae,Nickel,Nickel,0,0.716140679291966
9fbb,a3b1,9fbbe4fcae,a3b1085bea,Nickel,Nickel,0,0.7162860637318365
a3b1,744a,a3b1085bea,744a7e7690,Nickel,Nickel,0,0.5760730865992163
744a,a3b1,744a7e7690,a3b1085bea,Nickel,Nickel,0,0.5766921756584035
a3b1,9f5c,a3b1085bea,9f5cee2a11,Nickel,Nickel,0,0.5260364575497222
9f5c,a3b1,9f5cee2a11,a3b1085bea,Nickel,Nickel,0,0.5260922980521126
a3b1,3443,a3b1085bea,3443ea5ba5,Nickel,Nickel,0,0.5135113240291277
3443,a3b1,3443ea5ba5,a3b1085bea,Nickel,Nickel,0,0.5136288429807739
a3b1,fa65,a3b1085bea,fa6595462f,Nickel,Nickel,0,0.5731167639579271
fa65,a3b1,fa6595462f,a3b1085bea,Nickel,Nickel,0,0.5754177574069212
a3b1,d469,a3b1085bea,d469fc3f70,Nickel,Nickel,0,0.5688715097712342
d469,a3b1,d469fc3f70,a3b1085bea,Nickel,Nickel,0,0.5688051593197891
a3b1,0e45,a3b1085bea,0e45ff7118,Nickel,Nickel,0,0.5006171948402305
0e45,a3b1,0e45ff7118,a3b1085bea,Nickel,Nickel,0,0.4997959986116056
a3b1,a80b,a3b1085bea,a80b46b6d1,Nickel,Nickel,0,0.7204523792399254
a80b,a3b1,a80b46b6d1,a3b1085bea,Nickel,Nickel,0,0.7200796434648679
a3b1,1ed3,a3b1085bea,1ed3442cfa,Nickel,Nickel,0,0.5204187162872793
1ed3,a3b1,1ed3442cfa,a3b1085bea,Nickel,Nickel,0,0.5218149863066011
a3b1,db48,a3b1085bea,db4804f266,Nickel,Nickel,0,0.6115316487796219
db48,a3b1,db4804f266,a3b1085bea,Nickel,Nickel,0,0.6116451489968021
a3b1,bf77,a3b1085bea,bf77a5ca9b,Nickel,Nickel,0,0.6433962213144064
bf77,a3b1,bf77a5ca9b,a3b1085bea,Nickel,Nickel,0,0.6436112619310156
a3b1,1318,a3b1085bea,13189e401d,Nickel,Nickel,0,0.6449917118363458
1318,a3b1,13189e401d,a3b1085bea,Nickel,Nickel,0,0.6449917118363456
a3b1,d507,a3b1085bea,d5070cee0f,Nickel,Nickel,0,0.4457781005980357
d507,a3b1,d5070cee0f,a3b1085bea,Nickel,Nickel,0,0.4482474666342849
a3b1,27c4,a3b1085bea,27c44d34a4,Nickel,Nickel,0,0.5197868961909239
27c4,a3b1,27c44d34a4,a3b1085bea,Nickel,Nickel,0,0.5195502894620523
a3b1,4e01,a3b1085bea,4e0193ff9e,Nickel,Nickel,0,0.6974976060493022
4e01,a3b1,4e0193ff9e,a3b1085bea,Nickel,Nickel,0,0.698549338147485
a3b1,3c68,a3b1085bea,3c6819beb9,Nickel,Nickel,0,0.5691862935145108
3c68,a3b1,3c6819beb9,a3b1085bea,Nickel,Nickel,0,0.568690842248781
a3b1,3a2a,a3b1085bea,3a2a75a851,Nickel,Nickel,0,0.5577278344522822
3a2a,a3b1,3a2a75a851,a3b1085bea,Nickel,Nickel,0,0.5626547718981033
a3b1,0d99,a3b1085bea,0d991a198f,Nickel,Nickel,0,0.6620417444208785
0d99,a3b1,0d991a198f,a3b1085bea,Nickel,Nickel,0,0.6620417444208784
f366,81bb,f366f00cde,81bb3cb084,Nickel,Nickel,0,0.44123239082137156
81bb,f366,81bb3cb084,f366f00cde,Nickel,Nickel,0,0.4406878050291152
f366,326b,f366f00cde,326bd7053d,Nickel,Nickel,0,0.6526315095197577
326b,f366,326bd7053d,f366f00cde,Nickel,Nickel,0,0.6532594255220123
f366,867e,f366f00cde,867e742682,Nickel,Nickel,0,0.5414764843419763
867e,f366,867e742682,f366f00cde,Nickel,Nickel,0,0.5416219735625634
f366,9c65,f366f00cde,9c6504e345,Nickel,Nickel,0,0.667939677906816
9c65,f366,9c6504e345,f366f00cde,Nickel,Nickel,0,0.667915717273256
f366,27c0,f366f00cde,27c03bf211,Nickel,Nickel,0,0.5473851684481332
27c0,f366,27c03bf211,f366f00cde,Nickel,Nickel,0,0.5484941746413847
f366,ef85,f366f00cde,ef85c2ef6b,Nickel,Nickel,0,0.5453565256536862
ef85,f366,ef85c2ef6b,f366f00cde,Nickel,Nickel,0,0.5439308585739577
f366,9b00,f366f00cde,9b00c4c264,Nickel,Nickel,0,0.7022841961581828
9b00,f366,9b00c4c264,f366f00cde,Nickel,Nickel,0,0.7019249100778243
f366,93f6,f366f00cde,93f6afc25d,Nickel,Nickel,0,0.3577761591948642
93f6,f366,93f6afc25d,f366f00cde,Nickel,Nickel,0,0.35788979664486686
f366,a54c,f366f00cde,a54ce43a84,Nickel,Nickel,0,0.5741297741576679
a54c,f366,a54ce43a84,f366f00cde,Nickel,Nickel,0,0.5745999970799653
f366,218a,f366f00cde,218ae10a65,Nickel,Nickel,0,0.48604065834021
218a,f366,218ae10a65,f366f00cde,Nickel,Nickel,0,0.4856877398340479
f366,9645,f366f00cde,9645e12969,Nickel,Nickel,0,0.4764157906121634
9645,f366,9645e12969,f366f00cde,Nickel,Nickel,0,0.4764157906121633
f366,0db0,f366f00cde,0db08b7f9e,Nickel,Nickel,0,0.6773819086131474
0db0,f366,0db08b7f9e,f366f00cde,Nickel,Nickel,0,0.6776394876566131
f366,fc6e,f366f00cde,fc6e345a87,Nickel,Nickel,0,0.4306917508504973
fc6e,f366,fc6e345a87,f366f00cde,Nickel,Nickel,0,0.430740055168501
f366,5187,f366f00cde,5187134316,Nickel,Nickel,0,0.538820165521344
5187,f366,5187134316,f366f00cde,Nickel,Nickel,0,0.5390707656956807
f366,9fbb,f366f00cde,9fbbe4fcae,Nickel,Nickel,0,0.6632858772232233
9fbb,f366,9fbbe4fcae,f366f00cde,Nickel,Nickel,0,0.6631123016480748
f366,744a,f366f00cde,744a7e7690,Nickel,Nickel,0,0.45063694368879015
744a,f366,744a7e7690,f366f00cde,Nickel,Nickel,0,0.45063694368878987
f366,9f5c,f366f00cde,9f5cee2a11,Nickel,Nickel,0,0.46680250765157294
9f5c,f366,9f5cee2a11,f366f00cde,Nickel,Nickel,0,0.4670443585807458
f366,3443,f366f00cde,3443ea5ba5,Nickel,Nickel,0,0.5268887856188079
3443,f366,3443ea5ba5,f366f00cde,Nickel,Nickel,0,0.5269422080504846
f366,fa65,f366f00cde,fa6595462f,Nickel,Nickel,0,0.5847516917640682
fa65,f366,fa6595462f,f366f00cde,Nickel,Nickel,0,0.5843839582173915
f366,d469,f366f00cde,d469fc3f70,Nickel,Nickel,0,0.5445716620427847
d469,f366,d469fc3f70,f366f00cde,Nickel,Nickel,0,0.5445712380394165
f366,0e45,f366f00cde,0e45ff7118,Nickel,Nickel,0,0.5629959364278249
0e45,f366,0e45ff7118,f366f00cde,Nickel,Nickel,0,0.562995936427825
f366,a80b,f366f00cde,a80b46b6d1,Nickel,Nickel,0,0.8072101938588159
a80b,f366,a80b46b6d1,f366f00cde,Nickel,Nickel,0,0.8071987715013867
f366,1ed3,f366f00cde,1ed3442cfa,Nickel,Nickel,0,0.4943015717054401
1ed3,f366,1ed3442cfa,f366f00cde,Nickel,Nickel,0,0.4943015717054401
f366,db48,f366f00cde,db4804f266,Nickel,Nickel,0,0.5744308171327828
db48,f366,db4804f266,f366f00cde,Nickel,Nickel,0,0.5726754860823355
f366,bf77,f366f00cde,bf77a5ca9b,Nickel,Nickel,0,0.5464725484711123
bf77,f366,bf77a5ca9b,f366f00cde,Nickel,Nickel,0,0.5467323627285021
f366,1318,f366f00cde,13189e401d,Nickel,Nickel,0,0.6288100992521435
1318,f366,13189e401d,f366f00cde,Nickel,Nickel,0,0.6286274729577487
f366,d507,f366f00cde,d5070cee0f,Nickel,Nickel,0,0.6147903552292842
d507,f366,d5070cee0f,f366f00cde,Nickel,Nickel,0,0.6149654138699046
f366,27c4,f366f00cde,27c44d34a4,Nickel,Nickel,0,0.7792809921527262
27c4,f366,27c44d34a4,f366f00cde,Nickel,Nickel,0,0.7781485114465803
f366,4e01,f366f00cde,4e0193ff9e,Nickel,Nickel,0,0.5056020872991278
4e01,f366,4e0193ff9e,f366f00cde,Nickel,Nickel,0,0.5060802395304974
f366,3c68,f366f00cde,3c6819beb9,Nickel,Nickel,0,0.4626349231906993
3c68,f366,3c6819beb9,f366f00cde,Nickel,Nickel,0,0.4624900046825116
f366,3a2a,f366f00cde,3a2a75a851,Nickel,Nickel,0,0.4176688584968218
3a2a,f366,3a2a75a851,f366f00cde,Nickel,Nickel,0,0.4172965560183214
f366,0d99,f366f00cde,0d991a198f,Nickel,Nickel,0,0.7053378591419712
0d99,f366,0d991a198f,f366f00cde,Nickel,Nickel,0,0.7053378591419713
81bb,326b,81bb3cb084,326bd7053d,Nickel,Nickel,0,0.6511423963789962
326b,81bb,326bd7053d,81bb3cb084,Nickel,Nickel,0,0.651029508792253
81bb,867e,81bb3cb084,867e742682,Nickel,Nickel,0,0.5559157151086376
867e,81bb,867e742682,81bb3cb084,Nickel,Nickel,0,0.5556595099867739
81bb,9c65,81bb3cb084,9c6504e345,Nickel,Nickel,0,0.5918626112611929
9c65,81bb,9c6504e345,81bb3cb084,Nickel,Nickel,0,0.592527270940698
81bb,27c0,81bb3cb084,27c03bf211,Nickel,Nickel,0,0.43251920912226716
27c0,81bb,27c03bf211,81bb3cb084,Nickel,Nickel,0,0.43309892573208825
81bb,ef85,81bb3cb084,ef85c2ef6b,Nickel,Nickel,0,0.5757549799873198
ef85,81bb,ef85c2ef6b,81bb3cb084,Nickel,Nickel,0,0.5757549799873198
81bb,9b00,81bb3cb084,9b00c4c264,Nickel,Nickel,0,0.5980539818553241
9b00,81bb,9b00c4c264,81bb3cb084,Nickel,Nickel,0,0.5982950143925675
81bb,93f6,81bb3cb084,93f6afc25d,Nickel,Nickel,0,0.4905762914211069
93f6,81bb,93f6afc25d,81bb3cb084,Nickel,Nickel,0,0.5392231019871377
81bb,a54c,81bb3cb084,a54ce43a84,Nickel,Nickel,0,0.5296156018256792
a54c,81bb,a54ce43a84,81bb3cb084,Nickel,Nickel,0,0.5289584427374157
81bb,218a,81bb3cb084,218ae10a65,Nickel,Nickel,0,0.535872186569507
218a,81bb,218ae10a65,81bb3cb084,Nickel,Nickel,0,0.536207227869587
81bb,9645,81bb3cb084,9645e12969,Nickel,Nickel,0,0.654470708730833
9645,81bb,9645e12969,81bb3cb084,Nickel,Nickel,0,0.5957764135355458
81bb,0db0,81bb3cb084,0db08b7f9e,Nickel,Nickel,0,0.5179805023662979
0db0,81bb,0db08b7f9e,81bb3cb084,Nickel,Nickel,0,0.5184169220626469
81bb,fc6e,81bb3cb084,fc6e345a87,Nickel,Nickel,0,0.39561347062313973
fc6e,81bb,fc6e345a87,81bb3cb084,Nickel,Nickel,0,0.39566816922556475
81bb,5187,81bb3cb084,5187134316,Nickel,Nickel,0,0.588250869146811
5187,81bb,5187134316,81bb3cb084,Nickel,Nickel,0,0.5884187186399193
81bb,9fbb,81bb3cb084,9fbbe4fcae,Nickel,Nickel,0,0.6808123627971862
9fbb,81bb,9fbbe4fcae,81bb3cb084,Nickel,Nickel,0,0.6800114015421623
81bb,744a,81bb3cb084,744a7e7690,Nickel,Nickel,0,0.5150514200050202
744a,81bb,744a7e7690,81bb3cb084,Nickel,Nickel,0,0.5211905907791865
81bb,9f5c,81bb3cb084,9f5cee2a11,Nickel,Nickel,0,0.552135975851392
9f5c,81bb,9f5cee2a11,81bb3cb084,Nickel,Nickel,0,0.5481455417778697
81bb,3443,81bb3cb084,3443ea5ba5,Nickel,Nickel,0,0.39334709655664535
3443,81bb,3443ea5ba5,81bb3cb084,Nickel,Nickel,0,0.39237536705369036
81bb,fa65,81bb3cb084,fa6595462f,Nickel,Nickel,0,0.5267186610714217
fa65,81bb,fa6595462f,81bb3cb084,Nickel,Nickel,0,0.5280809030778255
81bb,d469,81bb3cb084,d469fc3f70,Nickel,Nickel,0,0.5283780348877782
d469,81bb,d469fc3f70,81bb3cb084,Nickel,Nickel,0,0.5112926778704755
81bb,0e45,81bb3cb084,0e45ff7118,Nickel,Nickel,0,0.5186849444471939
0e45,81bb,0e45ff7118,81bb3cb084,Nickel,Nickel,0,0.5186926127853367
81bb,a80b,81bb3cb084,a80b46b6d1,Nickel,Nickel,0,0.49303850766653906
a80b,81bb,a80b46b6d1,81bb3cb084,Nickel,Nickel,0,0.492729711967996
81bb,1ed3,81bb3cb084,1ed3442cfa,Nickel,Nickel,0,0.4908489929099638
1ed3,81bb,1ed3442cfa,81bb3cb084,Nickel,Nickel,0,0.4908335243221448
81bb,db48,81bb3cb084,db4804f266,Nickel,Nickel,0,0.6781530542913639
db48,81bb,db4804f266,81bb3cb084,Nickel,Nickel,0,0.678251902378841
81bb,bf77,81bb3cb084,bf77a5ca9b,Nickel,Nickel,0,0.5788957078072413
bf77,81bb,bf77a5ca9b,81bb3cb084,Nickel,Nickel,0,0.5787140255929232
81bb,1318,81bb3cb084,13189e401d,Nickel,Nickel,0,0.837746043827038
1318,81bb,13189e401d,81bb3cb084,Nickel,Nickel,0,0.8377193878267643
81bb,d507,81bb3cb084,d5070cee0f,Nickel,Nickel,0,0.567217669772539
d507,81bb,d5070cee0f,81bb3cb084,Nickel,Nickel,0,0.5671347071436079
81bb,27c4,81bb3cb084,27c44d34a4,Nickel,Nickel,0,0.6146659096717505
27c4,81bb,27c44d34a4,81bb3cb084,Nickel,Nickel,0,0.6139992960928926
81bb,4e01,81bb3cb084,4e0193ff9e,Nickel,Nickel,0,0.4980893503328234
4e01,81bb,4e0193ff9e,81bb3cb084,Nickel,Nickel,0,0.49832530584383394
81bb,3c68,81bb3cb084,3c6819beb9,Nickel,Nickel,0,0.565776386120318
3c68,81bb,3c6819beb9,81bb3cb084,Nickel,Nickel,0,0.565630590296531
81bb,3a2a,81bb3cb084,3a2a75a851,Nickel,Nickel,0,0.5199640742381929
3a2a,81bb,3a2a75a851,81bb3cb084,Nickel,Nickel,0,0.5197722121898665
81bb,0d99,81bb3cb084,0d991a198f,Nickel,Nickel,0,0.49309570951055876
0d99,81bb,0d991a198f,81bb3cb084,Nickel,Nickel,0,0.4927914521525481
326b,867e,326bd7053d,867e742682,Nickel,Nickel,0,0.5319484266931306
867e,326b,867e742682,326bd7053d,Nickel,Nickel,0,0.532490473392127
326b,9c65,326bd7053d,9c6504e345,Nickel,Nickel,0,0.8051062118297191
9c65,326b,9c6504e345,326bd7053d,Nickel,Nickel,0,0.8049141244386298
326b,27c0,326bd7053d,27c03bf211,Nickel,Nickel,0,0.43540574353166567
27c0,326b,27c03bf211,326bd7053d,Nickel,Nickel,0,0.43703035497511983
326b,ef85,326bd7053d,ef85c2ef6b,Nickel,Nickel,0,0.7043968523204294
ef85,326b,ef85c2ef6b,326bd7053d,Nickel,Nickel,0,0.7039590700365258
326b,9b00,326bd7053d,9b00c4c264,Nickel,Nickel,0,0.6321657560247723
9b00,326b,9b00c4c264,326bd7053d,Nickel,Nickel,0,0.6322345779807823
326b,93f6,326bd7053d,93f6afc25d,Nickel,Nickel,0,0.5272307738709627
93f6,326b,93f6afc25d,326bd7053d,Nickel,Nickel,0,0.5278813778649776
326b,a54c,326bd7053d,a54ce43a84,Nickel,Nickel,0,0.576303340376058
a54c,326b,a54ce43a84,326bd7053d,Nickel,Nickel,0,0.5766410978884084
326b,218a,326bd7053d,218ae10a65,Nickel,Nickel,0,0.4638753321619887
218a,326b,218ae10a65,326bd7053d,Nickel,Nickel,0,0.4636532224288983
326b,9645,326bd7053d,9645e12969,Nickel,Nickel,0,0.42424942000209503
9645,326b,9645e12969,326bd7053d,Nickel,Nickel,0,0.42439733316787576
326b,0db0,326bd7053d,0db08b7f9e,Nickel,Nickel,0,0.6157263032780784
0db0,326b,0db08b7f9e,326bd7053d,Nickel,Nickel,0,0.6153107724363921
326b,fc6e,326bd7053d,fc6e345a87,Nickel,Nickel,0,0.49186904669480086
fc6e,326b,fc6e345a87,326bd7053d,Nickel,Nickel,0,0.49489270787447537
326b,5187,326bd7053d,5187134316,Nickel,Nickel,0,0.7022253696215708
5187,326b,5187134316,326bd7053d,Nickel,Nickel,0,0.7038427004240366
326b,9fbb,326bd7053d,9fbbe4fcae,Nickel,Nickel,0,0.6850226534871782
9fbb,326b,9fbbe4fcae,326bd7053d,Nickel,Nickel,0,0.6820507256527663
326b,744a,326bd7053d,744a7e7690,Nickel,Nickel,0,0.6771203808241982
744a,326b,744a7e7690,326bd7053d,Nickel,Nickel,0,0.6766912859966827
326b,9f5c,326bd7053d,9f5cee2a11,Nickel,Nickel,0,0.6585387389092809
9f5c,326b,9f5cee2a11,326bd7053d,Nickel,Nickel,0,0.6589737275925808
326b,3443,326bd7053d,3443ea5ba5,Nickel,Nickel,0,0.3648175927694115
3443,326b,3443ea5ba5,326bd7053d,Nickel,Nickel,0,0.3648175927694114
326b,fa65,326bd7053d,fa6595462f,Nickel,Nickel,0,0.6809923912750124
fa65,326b,fa6595462f,326bd7053d,Nickel,Nickel,0,0.6810053151596364
326b,d469,326bd7053d,d469fc3f70,Nickel,Nickel,0,0.6850261555825895
d469,326b,d469fc3f70,326bd7053d,Nickel,Nickel,0,0.6839524471596637
326b,0e45,326bd7053d,0e45ff7118,Nickel,Nickel,0,0.6325666287635932
0e45,326b,0e45ff7118,326bd7053d,Nickel,Nickel,0,0.6314574476689622
326b,a80b,326bd7053d,a80b46b6d1,Nickel,Nickel,0,0.7412379154393353
a80b,326b,a80b46b6d1,326bd7053d,Nickel,Nickel,0,0.742173054245476
326b,1ed3,326bd7053d,1ed3442cfa,Nickel,Nickel,0,0.6412217279725175
1ed3,326b,1ed3442cfa,326bd7053d,Nickel,Nickel,0,0.6411391263466149
326b,db48,326bd7053d,db4804f266,Nickel,Nickel,0,0.7179011777319388
db48,326b,db4804f266,326bd7053d,Nickel,Nickel,0,0.7171180295514132
326b,bf77,326bd7053d,bf77a5ca9b,Nickel,Nickel,0,0.6012512996241519
bf77,326b,bf77a5ca9b,326bd7053d,Nickel,Nickel,0,0.601498114050369
326b,1318,326bd7053d,13189e401d,Nickel,Nickel,0,0.6656979910373138
1318,326b,13189e401d,326bd7053d,Nickel,Nickel,0,0.665770496092682
326b,d507,326bd7053d,d5070cee0f,Nickel,Nickel,0,0.5693497459670664
d507,326b,d5070cee0f,326bd7053d,Nickel,Nickel,0,0.5692782927017486
326b,27c4,326bd7053d,27c44d34a4,Nickel,Nickel,0,0.7603052018501582
27c4,326b,27c44d34a4,326bd7053d,Nickel,Nickel,0,0.7591536731798177
326b,4e01,326bd7053d,4e0193ff9e,Nickel,Nickel,0,0.41000341200810375
4e01,326b,4e0193ff9e,326bd7053d,Nickel,Nickel,0,0.40979525240605014
326b,3c68,326bd7053d,3c6819beb9,Nickel,Nickel,0,0.5268250965784521
3c68,326b,3c6819beb9,326bd7053d,Nickel,Nickel,0,0.526816921215976
326b,3a2a,326bd7053d,3a2a75a851,Nickel,Nickel,0,0.6877945064527282
3a2a,326b,3a2a75a851,326bd7053d,Nickel,Nickel,0,0.6877911289927907
326b,0d99,326bd7053d,0d991a198f,Nickel,Nickel,0,0.7151870681821441
0d99,326b,0d991a198f,326bd7053d,Nickel,Nickel,0,0.7153605448201791
867e,9c65,867e742682,9c6504e345,Nickel,Nickel,0,0.48440448227811816
9c65,867e,9c6504e345,867e742682,Nickel,Nickel,0,0.48434861290851255
867e,ef85,867e742682,ef85c2ef6b,Nickel,Nickel,0,0.5190199356489408
ef85,867e,ef85c2ef6b,867e742682,Nickel,Nickel,0,0.5190221967729756
867e,9b00,867e742682,9b00c4c264,Nickel,Nickel,0,0.6439378930391314
9b00,867e,9b00c4c264,867e742682,Nickel,Nickel,0,0.6437322665494362
867e,218a,867e742682,218ae10a65,Nickel,Nickel,0,0.8207533851681033
218a,867e,218ae10a65,867e742682,Nickel,Nickel,0,0.7915299532471699
867e,9645,867e742682,9645e12969,Nickel,Nickel,0,0.45404525239412685
9645,867e,9645e12969,867e742682,Nickel,Nickel,0,0.46740588099364705
867e,fc6e,867e742682,fc6e345a87,Nickel,Nickel,0,0.47790540923373
fc6e,867e,fc6e345a87,867e742682,Nickel,Nickel,0,0.47681249287101546
867e,5187,867e742682,5187134316,Nickel,Nickel,0,0.6185810791209123
5187,867e,5187134316,867e742682,Nickel,Nickel,0,0.618394068313493
867e,9fbb,867e742682,9fbbe4fcae,Nickel,Nickel,0,0.6243420640778308
9fbb,867e,9fbbe4fcae,867e742682,Nickel,Nickel,0,0.6239669780254463
867e,3443,867e742682,3443ea5ba5,Nickel,Nickel,0,0.5402925729095911
3443,867e,3443ea5ba5,867e742682,Nickel,Nickel,0,0.5402747866837317
867e,fa65,867e742682,fa6595462f,Nickel,Nickel,0,0.4520817604572708
fa65,867e,fa6595462f,867e742682,Nickel,Nickel,0,0.45215534682745767
867e,d469,867e742682,d469fc3f70,Nickel,Nickel,0,0.5415513232387529
d469,867e,d469fc3f70,867e742682,Nickel,Nickel,0,0.5415513232387523
867e,0e45,867e742682,0e45ff7118,Nickel,Nickel,0,0.5181324788207787
0e45,867e,0e45ff7118,867e742682,Nickel,Nickel,0,0.5176248641429474
867e,a80b,867e742682,a80b46b6d1,Nickel,Nickel,0,0.6036749017850085
a80b,867e,a80b46b6d1,867e742682,Nickel,Nickel,0,0.6032422129953603
867e,db48,867e742682,db4804f266,Nickel,Nickel,0,0.5219413530547665
db48,867e,db4804f266,867e742682,Nickel,Nickel,0,0.5229341530458735
867e,bf77,867e742682,bf77a5ca9b,Nickel,Nickel,0,0.5945680887905228
bf77,867e,bf77a5ca9b,867e742682,Nickel,Nickel,0,0.5947705266495795
867e,1318,867e742682,13189e401d,Nickel,Nickel,0,0.6600580804302528
1318,867e,13189e401d,867e742682,Nickel,Nickel,0,0.6596265755721468
867e,27c4,867e742682,27c44d34a4,Nickel,Nickel,0,0.5902146961624426
27c4,867e,27c44d34a4,867e742682,Nickel,Nickel,0,0.5902146961624427
867e,3c68,867e742682,3c6819beb9,Nickel,Nickel,0,0.5307760406515344
3c68,867e,3c6819beb9,867e742682,Nickel,Nickel,0,0.530791632352193
867e,3a2a,867e742682,3a2a75a851,Nickel,Nickel,0,0.47840183793682506
3a2a,867e,3a2a75a851,867e742682,Nickel,Nickel,0,0.4781888705871823
867e,0d99,867e742682,0d991a198f,Nickel,Nickel,0,0.6492732618206515
0d99,867e,0d991a198f,867e742682,Nickel,Nickel,0,0.6492279237807674
9c65,27c0,9c6504e345,27c03bf211,Nickel,Nickel,0,0.6185652838195768
27c0,9c65,27c03bf211,9c6504e345,Nickel,Nickel,0,0.6183940333440905
9c65,ef85,9c6504e345,ef85c2ef6b,Nickel,Nickel,0,0.6740681406463782
ef85,9c65,ef85c2ef6b,9c6504e345,Nickel,Nickel,0,0.6728020891234952
9c65,9b00,9c6504e345,9b00c4c264,Nickel,Nickel,0,0.7442464529748845
9b00,9c65,9b00c4c264,9c6504e345,Nickel,Nickel,0,0.7442464529748847
9c65,93f6,9c6504e345,93f6afc25d,Nickel,Nickel,0,0.5454918391242116
93f6,9c65,93f6afc25d,9c6504e345,Nickel,Nickel,0,0.5455161927770952
9c65,a54c,9c6504e345,a54ce43a84,Nickel,Nickel,0,0.5390462916151888
a54c,9c65,a54ce43a84,9c6504e345,Nickel,Nickel,0,0.53915193194298
9c65,218a,9c6504e345,218ae10a65,Nickel,Nickel,0,0.6830140763908997
218a,9c65,218ae10a65,9c6504e345,Nickel,Nickel,0,0.6756876486365094
9c65,9645,9c6504e345,9645e12969,Nickel,Nickel,0,0.5971367851611727
9645,9c65,9645e12969,9c6504e345,Nickel,Nickel,0,0.5972714228126702
9c65,0db0,9c6504e345,0db08b7f9e,Nickel,Nickel,0,0.4544336547164166
0db0,9c65,0db08b7f9e,9c6504e345,Nickel,Nickel,0,0.4543669259544165
9c65,fc6e,9c6504e345,fc6e345a87,Nickel,Nickel,0,0.42243152584248095
fc6e,9c65,fc6e345a87,9c6504e345,Nickel,Nickel,0,0.4224315258424809
9c65,5187,9c6504e345,5187134316,Nickel,Nickel,0,0.6482267644186183
5187,9c65,5187134316,9c6504e345,Nickel,Nickel,0,0.6484994298411023
9c65,9fbb,9c6504e345,9fbbe4fcae,Nickel,Nickel,0,0.7221229874840261
9fbb,9c65,9fbbe4fcae,9c6504e345,Nickel,Nickel,0,0.721982171260683
9c65,744a,9c6504e345,744a7e7690,Nickel,Nickel,0,0.4567114524290976
744a,9c65,744a7e7690,9c6504e345,Nickel,Nickel,0,0.45623499430721687
9c65,9f5c,9c6504e345,9f5cee2a11,Nickel,Nickel,0,0.6102324695703865
9f5c,9c65,9f5cee2a11,9c6504e345,Nickel,Nickel,0,0.6109957812346608
9c65,3443,9c6504e345,3443ea5ba5,Nickel,Nickel,0,0.6047580723979442
3443,9c65,3443ea5ba5,9c6504e345,Nickel,Nickel,0,0.6047580723979443
9c65,fa65,9c6504e345,fa6595462f,Nickel,Nickel,0,0.5543688710140954
fa65,9c65,fa6595462f,9c6504e345,Nickel,Nickel,0,0.5551990378283416
9c65,d469,9c6504e345,d469fc3f70,Nickel,Nickel,0,0.6010669186603068
d469,9c65,d469fc3f70,9c6504e345,Nickel,Nickel,0,0.6006069210857484
9c65,0e45,9c6504e345,0e45ff7118,Nickel,Nickel,0,0.7601441592974006
0e45,9c65,0e45ff7118,9c6504e345,Nickel,Nickel,0,0.7604555788723141
9c65,a80b,9c6504e345,a80b46b6d1,Nickel,Nickel,0,0.695862937165365
a80b,9c65,a80b46b6d1,9c6504e345,Nickel,Nickel,0,0.6969351534090062
9c65,1ed3,9c6504e345,1ed3442cfa,Nickel,Nickel,0,0.5508182684255712
1ed3,9c65,1ed3442cfa,9c6504e345,Nickel,Nickel,0,0.5506559259267545
9c65,db48,9c6504e345,db4804f266,Nickel,Nickel,0,0.6421141524002386
db48,9c65,db4804f266,9c6504e345,Nickel,Nickel,0,0.6419647946437039
9c65,bf77,9c6504e345,bf77a5ca9b,Nickel,Nickel,0,0.5174754681930587
bf77,9c65,bf77a5ca9b,9c6504e345,Nickel,Nickel,0,0.517691060896953
9c65,1318,9c6504e345,13189e401d,Nickel,Nickel,0,0.636488633808826
1318,9c65,13189e401d,9c6504e345,Nickel,Nickel,0,0.6361060573487901
9c65,d507,9c6504e345,d5070cee0f,Nickel,Nickel,0,0.7028744163987276
d507,9c65,d5070cee0f,9c6504e345,Nickel,Nickel,0,0.7027230676660406
9c65,27c4,9c6504e345,27c44d34a4,Nickel,Nickel,0,0.7392206639411438
27c4,9c65,27c44d34a4,9c6504e345,Nickel,Nickel,0,0.7393870977153589
9c65,4e01,9c6504e345,4e0193ff9e,Nickel,Nickel,0,0.5272825413972873
4e01,9c65,4e0193ff9e,9c6504e345,Nickel,Nickel,0,0.5271967459586571
9c65,3c68,9c6504e345,3c6819beb9,Nickel,Nickel,0,0.5233826020473772
3c68,9c65,3c6819beb9,9c6504e345,Nickel,Nickel,0,0.5235938922478875
9c65,3a2a,9c6504e345,3a2a75a851,Nickel,Nickel,0,0.5561404480370659
3a2a,9c65,3a2a75a851,9c6504e345,Nickel,Nickel,0,0.5562779316097304
9c65,0d99,9c6504e345,0d991a198f,Nickel,Nickel,0,0.5094427454253011
0d99,9c65,0d991a198f,9c6504e345,Nickel,Nickel,0,0.5085037504198013
27c0,ef85,27c03bf211,ef85c2ef6b,Nickel,Nickel,0,0.6644694883239689
ef85,27c0,ef85c2ef6b,27c03bf211,Nickel,Nickel,0,0.6629057225147544
27c0,9b00,27c03bf211,9b00c4c264,Nickel,Nickel,0,0.5563644696603841
9b00,27c0,9b00c4c264,27c03bf211,Nickel,Nickel,0,0.5554844940271506
27c0,218a,27c03bf211,218ae10a65,Nickel,Nickel,0,0.6629096680996559
218a,27c0,218ae10a65,27c03bf211,Nickel,Nickel,0,0.6629741027241765
27c0,9645,27c03bf211,9645e12969,Nickel,Nickel,0,0.45254786980800576
9645,27c0,9645e12969,27c03bf211,Nickel,Nickel,0,0.4528529026444836
27c0,fc6e,27c03bf211,fc6e345a87,Nickel,Nickel,0,0.4941018404485843
fc6e,27c0,fc6e345a87,27c03bf211,Nickel,Nickel,0,0.4941659740193969
27c0,5187,27c03bf211,5187134316,Nickel,Nickel,0,0.7299781735030654
5187,27c0,5187134316,27c03bf211,Nickel,Nickel,0,0.7303106971102968
27c0,9fbb,27c03bf211,9fbbe4fcae,Nickel,Nickel,0,0.6742374240610415
9fbb,27c0,9fbbe4fcae,27c03bf211,Nickel,Nickel,0,0.6733066364457702
27c0,3443,27c03bf211,3443ea5ba5,Nickel,Nickel,0,0.6309927363879717
3443,27c0,3443ea5ba5,27c03bf211,Nickel,Nickel,0,0.6305076942480224
27c0,fa65,27c03bf211,fa6595462f,Nickel,Nickel,0,0.5615511127442409
fa65,27c0,fa6595462f,27c03bf211,Nickel,Nickel,0,0.561138130984025
27c0,d469,27c03bf211,d469fc3f70,Nickel,Nickel,0,0.4391220284767485
d469,27c0,d469fc3f70,27c03bf211,Nickel,Nickel,0,0.4390226063692045
27c0,0e45,27c03bf211,0e45ff7118,Nickel,Nickel,0,0.4735953251486534
0e45,27c0,0e45ff7118,27c03bf211,Nickel,Nickel,0,0.47342405389152203
27c0,a80b,27c03bf211,a80b46b6d1,Nickel,Nickel,0,0.6237208046191842
a80b,27c0,a80b46b6d1,27c03bf211,Nickel,Nickel,0,0.6237520644487083
27c0,db48,27c03bf211,db4804f266,Nickel,Nickel,0,0.47724081323024065
db48,27c0,db4804f266,27c03bf211,Nickel,Nickel,0,0.4774800289706244
27c0,bf77,27c03bf211,bf77a5ca9b,Nickel,Nickel,0,0.48571640886588774
bf77,27c0,bf77a5ca9b,27c03bf211,Nickel,Nickel,0,0.4857164088658878
27c0,1318,27c03bf211,13189e401d,Nickel,Nickel,0,0.6665260545547198
1318,27c0,13189e401d,27c03bf211,Nickel,Nickel,0,0.6758673388891503
27c0,27c4,27c03bf211,27c44d34a4,Nickel,Nickel,0,0.38598194688152676
27c4,27c0,27c44d34a4,27c03bf211,Nickel,Nickel,0,0.3837913819541121
27c0,3c68,27c03bf211,3c6819beb9,Nickel,Nickel,0,0.5739653399214826
3c68,27c0,3c6819beb9,27c03bf211,Nickel,Nickel,0,0.5738002367574276
27c0,3a2a,27c03bf211,3a2a75a851,Nickel,Nickel,0,0.6128595490358408
3a2a,27c0,3a2a75a851,27c03bf211,Nickel,Nickel,0,0.6128595490358408
27c0,0d99,27c03bf211,0d991a198f,Nickel,Nickel,0,0.5957210731440905
0d99,27c0,0d991a198f,27c03bf211,Nickel,Nickel,0,0.5940035772147628
ef85,9b00,ef85c2ef6b,9b00c4c264,Nickel,Nickel,0,0.4693931508837254
9b00,ef85,9b00c4c264,ef85c2ef6b,Nickel,Nickel,0,0.469129973041308
ef85,93f6,ef85c2ef6b,93f6afc25d,Nickel,Nickel,0,0.4497331586220943
93f6,ef85,93f6afc25d,ef85c2ef6b,Nickel,Nickel,0,0.4702631704770117
ef85,a54c,ef85c2ef6b,a54ce43a84,Nickel,Nickel,0,0.5391209221113793
a54c,ef85,a54ce43a84,ef85c2ef6b,Nickel,Nickel,0,0.5392125333100682
ef85,218a,ef85c2ef6b,218ae10a65,Nickel,Nickel,0,0.4432672271451405
218a,ef85,218ae10a65,ef85c2ef6b,Nickel,Nickel,0,0.528822533231871
ef85,9645,ef85c2ef6b,9645e12969,Nickel,Nickel,0,0.4691437705015208
9645,ef85,9645e12969,ef85c2ef6b,Nickel,Nickel,0,0.46931009252055855
ef85,0db0,ef85c2ef6b,0db08b7f9e,Nickel,Nickel,0,0.4621052630036482
0db0,ef85,0db08b7f9e,ef85c2ef6b,Nickel,Nickel,0,0.46192557585577787
ef85,fc6e,ef85c2ef6b,fc6e345a87,Nickel,Nickel,0,0.38321868162779765
fc6e,ef85,fc6e345a87,ef85c2ef6b,Nickel,Nickel,0,0.383059125476689
ef85,5187,ef85c2ef6b,5187134316,Nickel,Nickel,0,0.5272947539854618
5187,ef85,5187134316,ef85c2ef6b,Nickel,Nickel,0,0.5274028298697264
ef85,9fbb,ef85c2ef6b,9fbbe4fcae,Nickel,Nickel,0,0.6983786110552287
9fbb,ef85,9fbbe4fcae,ef85c2ef6b,Nickel,Nickel,0,0.697857994945274
ef85,744a,ef85c2ef6b,744a7e7690,Nickel,Nickel,0,0.5957200351461143
744a,ef85,744a7e7690,ef85c2ef6b,Nickel,Nickel,0,0.5958303138682175
ef85,9f5c,ef85c2ef6b,9f5cee2a11,Nickel,Nickel,0,0.5708396652574648
9f5c,ef85,9f5cee2a11,ef85c2ef6b,Nickel,Nickel,0,0.5711936745212026
ef85,3443,ef85c2ef6b,3443ea5ba5,Nickel,Nickel,0,0.5774692242900286
3443,ef85,3443ea5ba5,ef85c2ef6b,Nickel,Nickel,0,0.5774289730177539
ef85,fa65,ef85c2ef6b,fa6595462f,Nickel,Nickel,0,0.6479887554037467
fa65,ef85,fa6595462f,ef85c2ef6b,Nickel,Nickel,0,0.647816000413176
ef85,d469,ef85c2ef6b,d469fc3f70,Nickel,Nickel,0,0.5297042181357984
d469,ef85,d469fc3f70,ef85c2ef6b,Nickel,Nickel,0,0.5294953418311285
ef85,0e45,ef85c2ef6b,0e45ff7118,Nickel,Nickel,0,0.6248851193680329
0e45,ef85,0e45ff7118,ef85c2ef6b,Nickel,Nickel,0,0.624994443979622
ef85,a80b,ef85c2ef6b,a80b46b6d1,Nickel,Nickel,0,0.626495122233168
a80b,ef85,a80b46b6d1,ef85c2ef6b,Nickel,Nickel,0,0.6266203644110808
ef85,1ed3,ef85c2ef6b,1ed3442cfa,Nickel,Nickel,0,0.595197556430172
1ed3,ef85,1ed3442cfa,ef85c2ef6b,Nickel,Nickel,0,0.5954682931172928
ef85,db48,ef85c2ef6b,db4804f266,Nickel,Nickel,0,0.6265496283017324
db48,ef85,db4804f266,ef85c2ef6b,Nickel,Nickel,0,0.6286949784290684
ef85,bf77,ef85c2ef6b,bf77a5ca9b,Nickel,Nickel,0,0.49211452473206313
bf77,ef85,bf77a5ca9b,ef85c2ef6b,Nickel,Nickel,0,0.4920620539817247
ef85,1318,ef85c2ef6b,13189e401d,Nickel,Nickel,0,0.563652035469106
1318,ef85,13189e401d,ef85c2ef6b,Nickel,Nickel,0,0.5639237083405295
ef85,d507,ef85c2ef6b,d5070cee0f,Nickel,Nickel,0,0.6883938744434721
d507,ef85,d5070cee0f,ef85c2ef6b,Nickel,Nickel,0,0.6888928428720186
ef85,27c4,ef85c2ef6b,27c44d34a4,Nickel,Nickel,0,0.5055125165201653
27c4,ef85,27c44d34a4,ef85c2ef6b,Nickel,Nickel,0,0.5055125165201652
ef85,4e01,ef85c2ef6b,4e0193ff9e,Nickel,Nickel,0,0.709453221776557
4e01,ef85,4e0193ff9e,ef85c2ef6b,Nickel,Nickel,0,0.7160291057665232
ef85,3c68,ef85c2ef6b,3c6819beb9,Nickel,Nickel,0,0.5141977184305966
3c68,ef85,3c6819beb9,ef85c2ef6b,Nickel,Nickel,0,0.5133453100817833
ef85,3a2a,ef85c2ef6b,3a2a75a851,Nickel,Nickel,0,0.6152467948884133
3a2a,ef85,3a2a75a851,ef85c2ef6b,Nickel,Nickel,0,0.6154050086952342
ef85,0d99,ef85c2ef6b,0d991a198f,Nickel,Nickel,0,0.597975876512617
0d99,ef85,0d991a198f,ef85c2ef6b,Nickel,Nickel,0,0.598310130966407
9b00,93f6,9b00c4c264,93f6afc25d,Nickel,Nickel,0,0.6344315582877871
93f6,9b00,93f6afc25d,9b00c4c264,Nickel,Nickel,0,0.6343540734183176
9b00,a54c,9b00c4c264,a54ce43a84,Nickel,Nickel,0,0.6199458643260716
a54c,9b00,a54ce43a84,9b00c4c264,Nickel,Nickel,0,0.6200882653265543
9b00,218a,9b00c4c264,218ae10a65,Nickel,Nickel,0,0.5542347422420916
218a,9b00,218ae10a65,9b00c4c264,Nickel,Nickel,0,0.5549232745669901
9b00,9645,9b00c4c264,9645e12969,Nickel,Nickel,0,0.6567352859801296
9645,9b00,9645e12969,9b00c4c264,Nickel,Nickel,0,0.6626835246984508
9b00,0db0,9b00c4c264,0db08b7f9e,Nickel,Nickel,0,0.5532045226445449
0db0,9b00,0db08b7f9e,9b00c4c264,Nickel,Nickel,0,0.5525038951681637
9b00,fc6e,9b00c4c264,fc6e345a87,Nickel,Nickel,0,0.62773059737843
fc6e,9b00,fc6e345a87,9b00c4c264,Nickel,Nickel,0,0.6280272201273032
9b00,5187,9b00c4c264,5187134316,Nickel,Nickel,0,0.7456671739048106
5187,9b00,5187134316,9b00c4c264,Nickel,Nickel,0,0.7452568975989287
9b00,9fbb,9b00c4c264,9fbbe4fcae,Nickel,Nickel,0,0.7178509604155248
9fbb,9b00,9fbbe4fcae,9b00c4c264,Nickel,Nickel,0,0.7178124756766286
9b00,744a,9b00c4c264,744a7e7690,Nickel,Nickel,0,0.45599219523074824
744a,9b00,744a7e7690,9b00c4c264,Nickel,Nickel,0,0.456101016708076
9b00,9f5c,9b00c4c264,9f5cee2a11,Nickel,Nickel,0,0.6334753980073576
9f5c,9b00,9f5cee2a11,9b00c4c264,Nickel,Nickel,0,0.6345017584047731
9b00,3443,9b00c4c264,3443ea5ba5,Nickel,Nickel,0,0.548878212775096
3443,9b00,3443ea5ba5,9b00c4c264,Nickel,Nickel,0,0.5485083260380617
9b00,fa65,9b00c4c264,fa6595462f,Nickel,Nickel,0,0.9061633737852193
fa65,9b00,fa6595462f,9b00c4c264,Nickel,Nickel,0,0.9060682890550229
9b00,d469,9b00c4c264,d469fc3f70,Nickel,Nickel,0,0.5276417539185333
d469,9b00,d469fc3f70,9b00c4c264,Nickel,Nickel,0,0.5030236399850307
9b00,0e45,9b00c4c264,0e45ff7118,Nickel,Nickel,0,0.5219497811533477
0e45,9b00,0e45ff7118,9b00c4c264,Nickel,Nickel,0,0.520523315597205
9b00,a80b,9b00c4c264,a80b46b6d1,Nickel,Nickel,0,0.6161769107447854
a80b,9b00,a80b46b6d1,9b00c4c264,Nickel,Nickel,0,0.6164176665082092
9b00,1ed3,9b00c4c264,1ed3442cfa,Nickel,Nickel,0,0.5715820531530131
1ed3,9b00,1ed3442cfa,9b00c4c264,Nickel,Nickel,0,0.5717363105458511
9b00,db48,9b00c4c264,db4804f266,Nickel,Nickel,0,0.6449095807803312
db48,9b00,db4804f266,9b00c4c264,Nickel,Nickel,0,0.5398080946726964
9b00,bf77,9b00c4c264,bf77a5ca9b,Nickel,Nickel,0,0.43875330983070127
bf77,9b00,bf77a5ca9b,9b00c4c264,Nickel,Nickel,0,0.43911992606073597
9b00,1318,9b00c4c264,13189e401d,Nickel,Nickel,0,0.6619539868343959
1318,9b00,13189e401d,9b00c4c264,Nickel,Nickel,0,0.6619539868343961
9b00,d507,9b00c4c264,d5070cee0f,Nickel,Nickel,0,0.5585523992247108
d507,9b00,d5070cee0f,9b00c4c264,Nickel,Nickel,0,0.5586589560844969
9b00,27c4,9b00c4c264,27c44d34a4,Nickel,Nickel,0,0.6398971990474241
27c4,9b00,27c44d34a4,9b00c4c264,Nickel,Nickel,0,0.64001070728379
9b00,4e01,9b00c4c264,4e0193ff9e,Nickel,Nickel,0,0.5275924682677088
4e01,9b00,4e0193ff9e,9b00c4c264,Nickel,Nickel,0,0.5281563082872514
9b00,3c68,9b00c4c264,3c6819beb9,Nickel,Nickel,0,0.5853892933218839
3c68,9b00,3c6819beb9,9b00c4c264,Nickel,Nickel,0,0.5856082810375755
9b00,3a2a,9b00c4c264,3a2a75a851,Nickel,Nickel,0,0.4072550895958747
3a2a,9b00,3a2a75a851,9b00c4c264,Nickel,Nickel,0,0.40725508959587475
9b00,0d99,9b00c4c264,0d991a198f,Nickel,Nickel,0,0.5450950759770168
0d99,9b00,0d991a198f,9b00c4c264,Nickel,Nickel,0,0.5447626962225246
93f6,218a,93f6afc25d,218ae10a65,Nickel,Nickel,0,0.5688623455768885
218a,93f6,218ae10a65,93f6afc25d,Nickel,Nickel,0,0.5688783990703938
93f6,9645,93f6afc25d,9645e12969,Nickel,Nickel,0,0.48020953848849857
9645,93f6,9645e12969,93f6afc25d,Nickel,Nickel,0,0.4800289368093869
93f6,fc6e,93f6afc25d,fc6e345a87,Nickel,Nickel,0,0.5341282784924543
fc6e,93f6,fc6e345a87,93f6afc25d,Nickel,Nickel,0,0.5338540742230197
93f6,5187,93f6afc25d,5187134316,Nickel,Nickel,0,0.6158359544916867
5187,93f6,5187134316,93f6afc25d,Nickel,Nickel,0,0.6155441932442447
93f6,9fbb,93f6afc25d,9fbbe4fcae,Nickel,Nickel,0,0.5001769731747335
9fbb,93f6,9fbbe4fcae,93f6afc25d,Nickel,Nickel,0,0.49819468473611256
93f6,3443,93f6afc25d,3443ea5ba5,Nickel,Nickel,0,0.5262513771605358
3443,93f6,3443ea5ba5,93f6afc25d,Nickel,Nickel,0,0.5262169958575372
93f6,fa65,93f6afc25d,fa6595462f,Nickel,Nickel,0,0.5087062763351639
fa65,93f6,fa6595462f,93f6afc25d,Nickel,Nickel,0,0.5643653297683778
93f6,d469,93f6afc25d,d469fc3f70,Nickel,Nickel,0,0.5406156812788195
d469,93f6,d469fc3f70,93f6afc25d,Nickel,Nickel,0,0.5406593937520331
93f6,0e45,93f6afc25d,0e45ff7118,Nickel,Nickel,0,0.426429557502818
0e45,93f6,0e45ff7118,93f6afc25d,Nickel,Nickel,0,0.42642955750281786
93f6,a80b,93f6afc25d,a80b46b6d1,Nickel,Nickel,0,0.6022428093650286
a80b,93f6,a80b46b6d1,93f6afc25d,Nickel,Nickel,0,0.6150163344052135
93f6,db48,93f6afc25d,db4804f266,Nickel,Nickel,0,0.5385389917715726
db48,93f6,db4804f266,93f6afc25d,Nickel,Nickel,0,0.5387606225979192
93f6,bf77,93f6afc25d,bf77a5ca9b,Nickel,Nickel,0,0.6181134851838341
bf77,93f6,bf77a5ca9b,93f6afc25d,Nickel,Nickel,0,0.6178575952989729
93f6,1318,93f6afc25d,13189e401d,Nickel,Nickel,0,0.5439920316226066
1318,93f6,13189e401d,93f6afc25d,Nickel,Nickel,0,0.5445849120978483
93f6,27c4,93f6afc25d,27c44d34a4,Nickel,Nickel,0,0.6807984103200893
27c4,93f6,27c44d34a4,93f6afc25d,Nickel,Nickel,0,0.6803961411734072
93f6,3c68,93f6afc25d,3c6819beb9,Nickel,Nickel,0,0.7115431715093772
3c68,93f6,3c6819beb9,93f6afc25d,Nickel,Nickel,0,0.7122886018497836
93f6,3a2a,93f6afc25d,3a2a75a851,Nickel,Nickel,0,0.46704735219357024
3a2a,93f6,3a2a75a851,93f6afc25d,Nickel,Nickel,0,0.4676873701120668
93f6,0d99,93f6afc25d,0d991a198f,Nickel,Nickel,0,0.6577200494559122
0d99,93f6,0d991a198f,93f6afc25d,Nickel,Nickel,0,0.6574488417072694
a54c,218a,a54ce43a84,218ae10a65,Nickel,Nickel,0,0.5659948188294913
218a,a54c,218ae10a65,a54ce43a84,Nickel,Nickel,0,0.5652858852502733
a54c,9645,a54ce43a84,9645e12969,Nickel,Nickel,0,0.5811302119616149
9645,a54c,9645e12969,a54ce43a84,Nickel,Nickel,0,0.5566160286288799
a54c,fc6e,a54ce43a84,fc6e345a87,Nickel,Nickel,0,0.47516135873427195
fc6e,a54c,fc6e345a87,a54ce43a84,Nickel,Nickel,0,0.4751186475593027
a54c,5187,a54ce43a84,5187134316,Nickel,Nickel,0,0.592881681235823
5187,a54c,5187134316,a54ce43a84,Nickel,Nickel,0,0.5924833011055713
a54c,9fbb,a54ce43a84,9fbbe4fcae,Nickel,Nickel,0,0.5928720708039656
9fbb,a54c,9fbbe4fcae,a54ce43a84,Nickel,Nickel,0,0.5940420266253197
a54c,3443,a54ce43a84,3443ea5ba5,Nickel,Nickel,0,0.5301334390989372
3443,a54c,3443ea5ba5,a54ce43a84,Nickel,Nickel,0,0.5264903695449429
a54c,fa65,a54ce43a84,fa6595462f,Nickel,Nickel,0,0.5504600792247342
fa65,a54c,fa6595462f,a54ce43a84,Nickel,Nickel,0,0.5512792787837046
a54c,d469,a54ce43a84,d469fc3f70,Nickel,Nickel,0,0.5343087097426346
d469,a54c,d469fc3f70,a54ce43a84,Nickel,Nickel,0,0.5310044467708193
a54c,0e45,a54ce43a84,0e45ff7118,Nickel,Nickel,0,0.604349126619068
0e45,a54c,0e45ff7118,a54ce43a84,Nickel,Nickel,0,0.6065380849077393
a54c,a80b,a54ce43a84,a80b46b6d1,Nickel,Nickel,0,0.5849208246017483
a80b,a54c,a80b46b6d1,a54ce43a84,Nickel,Nickel,0,0.5859620280937966
a54c,db48,a54ce43a84,db4804f266,Nickel,Nickel,0,0.6629988472625197
db48,a54c,db4804f266,a54ce43a84,Nickel,Nickel,0,0.6640297516227051
a54c,bf77,a54ce43a84,bf77a5ca9b,Nickel,Nickel,0,0.7700863842906065
bf77,a54c,bf77a5ca9b,a54ce43a84,Nickel,Nickel,0,0.7702908805993893
a54c,1318,a54ce43a84,13189e401d,Nickel,Nickel,0,0.5931374198427303
1318,a54c,13189e401d,a54ce43a84,Nickel,Nickel,0,0.5931789884184889
a54c,27c4,a54ce43a84,27c44d34a4,Nickel,Nickel,0,0.7487038454796119
27c4,a54c,27c44d34a4,a54ce43a84,Nickel,Nickel,0,0.7488391971203984
a54c,3c68,a54ce43a84,3c6819beb9,Nickel,Nickel,0,0.603551046890623
3c68,a54c,3c6819beb9,a54ce43a84,Nickel,Nickel,0,0.6036470965283841
a54c,3a2a,a54ce43a84,3a2a75a851,Nickel,Nickel,0,0.46935214733328556
3a2a,a54c,3a2a75a851,a54ce43a84,Nickel,Nickel,0,0.46949687726664896
a54c,0d99,a54ce43a84,0d991a198f,Nickel,Nickel,0,0.5258846097932773
0d99,a54c,0d991a198f,a54ce43a84,Nickel,Nickel,0,0.5252787685061336
218a,9645,218ae10a65,9645e12969,Nickel,Nickel,0,0.4836409937547703
9645,218a,9645e12969,218ae10a65,Nickel,Nickel,0,0.4835466094495376
218a,0db0,218ae10a65,0db08b7f9e,Nickel,Nickel,0,0.555907939228546
0db0,218a,0db08b7f9e,218ae10a65,Nickel,Nickel,0,0.5559372548575836
218a,fc6e,218ae10a65,fc6e345a87,Nickel,Nickel,0,0.6605500036267333
fc6e,218a,fc6e345a87,218ae10a65,Nickel,Nickel,0,0.6601308976871846
218a,5187,218ae10a65,5187134316,Nickel,Nickel,0,0.4988512263509689
5187,218a,5187134316,218ae10a65,Nickel,Nickel,0,0.4989411080013053
218a,9fbb,218ae10a65,9fbbe4fcae,Nickel,Nickel,0,0.6273070553093048
9fbb,218a,9fbbe4fcae,218ae10a65,Nickel,Nickel,0,0.627393066743813
218a,744a,218ae10a65,744a7e7690,Nickel,Nickel,0,0.5672423853997288
744a,218a,744a7e7690,218ae10a65,Nickel,Nickel,0,0.5671679010990446
218a,9f5c,218ae10a65,9f5cee2a11,Nickel,Nickel,0,0.6346214124753631
9f5c,218a,9f5cee2a11,218ae10a65,Nickel,Nickel,0,0.6346945985856908
218a,3443,218ae10a65,3443ea5ba5,Nickel,Nickel,0,0.5877010513828463
3443,218a,3443ea5ba5,218ae10a65,Nickel,Nickel,0,0.5876836266473471
218a,fa65,218ae10a65,fa6595462f,Nickel,Nickel,0,0.5849731830683071
fa65,218a,fa6595462f,218ae10a65,Nickel,Nickel,0,0.5855323388030961
218a,d469,218ae10a65,d469fc3f70,Nickel,Nickel,0,0.5535154432245342
d469,218a,d469fc3f70,218ae10a65,Nickel,Nickel,0,0.5536529040732499
218a,0e45,218ae10a65,0e45ff7118,Nickel,Nickel,0,0.518588840153244
0e45,218a,0e45ff7118,218ae10a65,Nickel,Nickel,0,0.5187333340823991
218a,a80b,218ae10a65,a80b46b6d1,Nickel,Nickel,0,0.6405986813192802
a80b,218a,a80b46b6d1,218ae10a65,Nickel,Nickel,0,0.6409982344104863
218a,1ed3,218ae10a65,1ed3442cfa,Nickel,Nickel,0,0.4845895361654502
1ed3,218a,1ed3442cfa,218ae10a65,Nickel,Nickel,0,0.4845452204575106
218a,db48,218ae10a65,db4804f266,Nickel,Nickel,0,0.6331011874128744
db48,218a,db4804f266,218ae10a65,Nickel,Nickel,0,0.6337968943404542
218a,bf77,218ae10a65,bf77a5ca9b,Nickel,Nickel,0,0.5238357065443237
bf77,218a,bf77a5ca9b,218ae10a65,Nickel,Nickel,0,0.5238423663457884
218a,1318,218ae10a65,13189e401d,Nickel,Nickel,0,0.5847600350385855
1318,218a,13189e401d,218ae10a65,Nickel,Nickel,0,0.584804676636666
218a,d507,218ae10a65,d5070cee0f,Nickel,Nickel,0,0.7087186225148255
d507,218a,d5070cee0f,218ae10a65,Nickel,Nickel,0,0.7087186225148253
218a,27c4,218ae10a65,27c44d34a4,Nickel,Nickel,0,0.566988459398026
27c4,218a,27c44d34a4,218ae10a65,Nickel,Nickel,0,0.5655912882901178
218a,4e01,218ae10a65,4e0193ff9e,Nickel,Nickel,0,0.586623546784302
4e01,218a,4e0193ff9e,218ae10a65,Nickel,Nickel,0,0.5865107719896475
218a,3c68,218ae10a65,3c6819beb9,Nickel,Nickel,0,0.5580215639465084
3c68,218a,3c6819beb9,218ae10a65,Nickel,Nickel,0,0.5580908075536757
218a,3a2a,218ae10a65,3a2a75a851,Nickel,Nickel,0,0.418214758469495
3a2a,218a,3a2a75a851,218ae10a65,Nickel,Nickel,0,0.4181848214375581
218a,0d99,218ae10a65,0d991a198f,Nickel,Nickel,0,0.600336105058429
0d99,218a,0d991a198f,218ae10a65,Nickel,Nickel,0,0.599877371964932
9645,0db0,9645e12969,0db08b7f9e,Nickel,Nickel,0,0.44547244135300174
0db0,9645,0db08b7f9e,9645e12969,Nickel,Nickel,0,0.44482237475897085
9645,fc6e,9645e12969,fc6e345a87,Nickel,Nickel,0,0.467580760946624
fc6e,9645,fc6e345a87,9645e12969,Nickel,Nickel,0,0.46773213961279475
9645,5187,9645e12969,5187134316,Nickel,Nickel,0,0.5824239432113537
5187,9645,5187134316,9645e12969,Nickel,Nickel,0,0.5816895955076322
9645,9fbb,9645e12969,9fbbe4fcae,Nickel,Nickel,0,0.561507179944045
9fbb,9645,9fbbe4fcae,9645e12969,Nickel,Nickel,0,0.5612231195115613
9645,744a,9645e12969,744a7e7690,Nickel,Nickel,0,0.433793052175118
744a,9645,744a7e7690,9645e12969,Nickel,Nickel,0,0.43303699685222086
9645,9f5c,9645e12969,9f5cee2a11,Nickel,Nickel,0,0.6993144666866753
9f5c,9645,9f5cee2a11,9645e12969,Nickel,Nickel,0,0.6993144666866752
9645,3443,9645e12969,3443ea5ba5,Nickel,Nickel,0,0.6056843586284212
3443,9645,3443ea5ba5,9645e12969,Nickel,Nickel,0,0.6056032207430924
9645,fa65,9645e12969,fa6595462f,Nickel,Nickel,0,0.4667769429054643
fa65,9645,fa6595462f,9645e12969,Nickel,Nickel,0,0.46677694290546423
9645,d469,9645e12969,d469fc3f70,Nickel,Nickel,0,0.6240224910709539
d469,9645,d469fc3f70,9645e12969,Nickel,Nickel,0,0.6242066821879646
9645,0e45,9645e12969,0e45ff7118,Nickel,Nickel,0,0.5399630676030818
0e45,9645,0e45ff7118,9645e12969,Nickel,Nickel,0,0.5398683926009352
9645,a80b,9645e12969,a80b46b6d1,Nickel,Nickel,0,0.5938907459056645
a80b,9645,a80b46b6d1,9645e12969,Nickel,Nickel,0,0.5938907459056643
9645,1ed3,9645e12969,1ed3442cfa,Nickel,Nickel,0,0.37059197423768003
1ed3,9645,1ed3442cfa,9645e12969,Nickel,Nickel,0,0.40251968892906204
9645,db48,9645e12969,db4804f266,Nickel,Nickel,0,0.5391304582920888
db48,9645,db4804f266,9645e12969,Nickel,Nickel,0,0.5388153169089204
9645,bf77,9645e12969,bf77a5ca9b,Nickel,Nickel,0,0.5540871529009378
bf77,9645,bf77a5ca9b,9645e12969,Nickel,Nickel,0,0.5541527716109789
9645,1318,9645e12969,13189e401d,Nickel,Nickel,0,0.4545859290069006
1318,9645,13189e401d,9645e12969,Nickel,Nickel,0,0.4544310049744337
9645,d507,9645e12969,d5070cee0f,Nickel,Nickel,0,0.581729713772269
d507,9645,d5070cee0f,9645e12969,Nickel,Nickel,0,0.582226856811169
9645,27c4,9645e12969,27c44d34a4,Nickel,Nickel,0,0.6431160215917539
27c4,9645,27c44d34a4,9645e12969,Nickel,Nickel,0,0.6431385080916917
9645,4e01,9645e12969,4e0193ff9e,Nickel,Nickel,0,0.45814730055716835
4e01,9645,4e0193ff9e,9645e12969,Nickel,Nickel,0,0.45830474724301323
9645,3c68,9645e12969,3c6819beb9,Nickel,Nickel,0,0.5046000414813901
3c68,9645,3c6819beb9,9645e12969,Nickel,Nickel,0,0.502845464253661
9645,3a2a,9645e12969,3a2a75a851,Nickel,Nickel,0,0.4209807769215227
3a2a,9645,3a2a75a851,9645e12969,Nickel,Nickel,0,0.42169708393979427
9645,0d99,9645e12969,0d991a198f,Nickel,Nickel,0,0.6339132206617336
0d99,9645,0d991a198f,9645e12969,Nickel,Nickel,0,0.6339132206617341
0db0,fc6e,0db08b7f9e,fc6e345a87,Nickel,Nickel,0,0.33565282120274104
fc6e,0db0,fc6e345a87,0db08b7f9e,Nickel,Nickel,0,0.3881601403309245
0db0,5187,0db08b7f9e,5187134316,Nickel,Nickel,0,0.5387701031546382
5187,0db0,5187134316,0db08b7f9e,Nickel,Nickel,0,0.542796516742365
0db0,9fbb,0db08b7f9e,9fbbe4fcae,Nickel,Nickel,0,0.4780297331559547
9fbb,0db0,9fbbe4fcae,0db08b7f9e,Nickel,Nickel,0,0.47812771688156824
0db0,3443,0db08b7f9e,3443ea5ba5,Nickel,Nickel,0,0.5374132206039819
3443,0db0,3443ea5ba5,0db08b7f9e,Nickel,Nickel,0,0.5374644668296223
0db0,fa65,0db08b7f9e,fa6595462f,Nickel,Nickel,0,0.6429408147167767
fa65,0db0,fa6595462f,0db08b7f9e,Nickel,Nickel,0,0.6434763124875936
0db0,d469,0db08b7f9e,d469fc3f70,Nickel,Nickel,0,0.5213020999762178
d469,0db0,d469fc3f70,0db08b7f9e,Nickel,Nickel,0,0.5213020999762181
0db0,0e45,0db08b7f9e,0e45ff7118,Nickel,Nickel,0,0.6031879885416216
0e45,0db0,0e45ff7118,0db08b7f9e,Nickel,Nickel,0,0.6027334711219196
0db0,a80b,0db08b7f9e,a80b46b6d1,Nickel,Nickel,0,0.8037449417226317
a80b,0db0,a80b46b6d1,0db08b7f9e,Nickel,Nickel,0,0.8033726372333739
0db0,db48,0db08b7f9e,db4804f266,Nickel,Nickel,0,0.62959721172437
db48,0db0,db4804f266,0db08b7f9e,Nickel,Nickel,0,0.6285507308605048
0db0,bf77,0db08b7f9e,bf77a5ca9b,Nickel,Nickel,0,0.6097858816848453
bf77,0db0,bf77a5ca9b,0db08b7f9e,Nickel,Nickel,0,0.6099679839240237
0db0,1318,0db08b7f9e,13189e401d,Nickel,Nickel,0,0.5894480907303412
1318,0db0,13189e401d,0db08b7f9e,Nickel,Nickel,0,0.5895254745629127
0db0,27c4,0db08b7f9e,27c44d34a4,Nickel,Nickel,0,0.5517867083406209
27c4,0db0,27c44d34a4,0db08b7f9e,Nickel,Nickel,0,0.5520842152693964
0db0,3c68,0db08b7f9e,3c6819beb9,Nickel,Nickel,0,0.5840466279055783
3c68,0db0,3c6819beb9,0db08b7f9e,Nickel,Nickel,0,0.5840466279055784
0db0,3a2a,0db08b7f9e,3a2a75a851,Nickel,Nickel,0,0.44607894245088076
3a2a,0db0,3a2a75a851,0db08b7f9e,Nickel,Nickel,0,0.4460424914146244
0db0,0d99,0db08b7f9e,0d991a198f,Nickel,Nickel,0,0.426330089523253
0d99,0db0,0d991a198f,0db08b7f9e,Nickel,Nickel,0,0.42573425023833944
fc6e,5187,fc6e345a87,5187134316,Nickel,Nickel,0,0.3402574161194254
5187,fc6e,5187134316,fc6e345a87,Nickel,Nickel,0,0.3404255186170888
fc6e,9fbb,fc6e345a87,9fbbe4fcae,Nickel,Nickel,0,0.42305147337706983
9fbb,fc6e,9fbbe4fcae,fc6e345a87,Nickel,Nickel,0,0.44162824892512126
fc6e,744a,fc6e345a87,744a7e7690,Nickel,Nickel,0,0.504993968125362
744a,fc6e,744a7e7690,fc6e345a87,Nickel,Nickel,0,0.5045146642617064
fc6e,9f5c,fc6e345a87,9f5cee2a11,Nickel,Nickel,0,0.454371154983051
9f5c,fc6e,9f5cee2a11,fc6e345a87,Nickel,Nickel,0,0.4544141676831011
fc6e,3443,fc6e345a87,3443ea5ba5,Nickel,Nickel,0,0.3666380877790109
3443,fc6e,3443ea5ba5,fc6e345a87,Nickel,Nickel,0,0.3659377680411369
fc6e,fa65,fc6e345a87,fa6595462f,Nickel,Nickel,0,0.4079079626030151
fa65,fc6e,fa6595462f,fc6e345a87,Nickel,Nickel,0,0.4077972568298306
fc6e,d469,fc6e345a87,d469fc3f70,Nickel,Nickel,0,0.6468175791249323
d469,fc6e,d469fc3f70,fc6e345a87,Nickel,Nickel,0,0.6487123948093299
fc6e,0e45,fc6e345a87,0e45ff7118,Nickel,Nickel,0,0.37264673634428286
0e45,fc6e,0e45ff7118,fc6e345a87,Nickel,Nickel,0,0.37343551756975507
fc6e,a80b,fc6e345a87,a80b46b6d1,Nickel,Nickel,0,0.40222343423132956
a80b,fc6e,a80b46b6d1,fc6e345a87,Nickel,Nickel,0,0.40222343423132956
fc6e,1ed3,fc6e345a87,1ed3442cfa,Nickel,Nickel,0,0.5855187705909276
1ed3,fc6e,1ed3442cfa,fc6e345a87,Nickel,Nickel,0,0.5852197972952615
fc6e,db48,fc6e345a87,db4804f266,Nickel,Nickel,0,0.6322341607178779
db48,fc6e,db4804f266,fc6e345a87,Nickel,Nickel,0,0.6318911386327031
fc6e,bf77,fc6e345a87,bf77a5ca9b,Nickel,Nickel,0,0.5842192757753915
bf77,fc6e,bf77a5ca9b,fc6e345a87,Nickel,Nickel,0,0.5842011975967849
fc6e,1318,fc6e345a87,13189e401d,Nickel,Nickel,0,0.43267841537605106
1318,fc6e,13189e401d,fc6e345a87,Nickel,Nickel,0,0.4941969006700787
fc6e,d507,fc6e345a87,d5070cee0f,Nickel,Nickel,0,0.5426476464570996
d507,fc6e,d5070cee0f,fc6e345a87,Nickel,Nickel,0,0.5427161489907176
fc6e,27c4,fc6e345a87,27c44d34a4,Nickel,Nickel,0,0.5559122757205811
27c4,fc6e,27c44d34a4,fc6e345a87,Nickel,Nickel,0,0.5555422624388199
fc6e,4e01,fc6e345a87,4e0193ff9e,Nickel,Nickel,0,0.41318602357196804
4e01,fc6e,4e0193ff9e,fc6e345a87,Nickel,Nickel,0,0.41237306574933896
fc6e,3c68,fc6e345a87,3c6819beb9,Nickel,Nickel,0,0.45000090387361175
3c68,fc6e,3c6819beb9,fc6e345a87,Nickel,Nickel,0,0.44980324959399726
fc6e,3a2a,fc6e345a87,3a2a75a851,Nickel,Nickel,0,0.4316310658800244
3a2a,fc6e,3a2a75a851,fc6e345a87,Nickel,Nickel,0,0.43096520351544443
fc6e,0d99,fc6e345a87,0d991a198f,Nickel,Nickel,0,0.682878642925533
0d99,fc6e,0d991a198f,fc6e345a87,Nickel,Nickel,0,0.6830296744834888
5187,9fbb,5187134316,9fbbe4fcae,Nickel,Nickel,0,0.6855605384534497
9fbb,5187,9fbbe4fcae,5187134316,Nickel,Nickel,0,0.6838028411675284
5187,744a,5187134316,744a7e7690,Nickel,Nickel,0,0.42358267953436746
744a,5187,744a7e7690,5187134316,Nickel,Nickel,0,0.4237247310606236
5187,9f5c,5187134316,9f5cee2a11,Nickel,Nickel,0,0.6364177609757258
9f5c,5187,9f5cee2a11,5187134316,Nickel,Nickel,0,0.6365196719193882
5187,3443,5187134316,3443ea5ba5,Nickel,Nickel,0,0.7625062533442709
3443,5187,3443ea5ba5,5187134316,Nickel,Nickel,0,0.7631600678081797
5187,fa65,5187134316,fa6595462f,Nickel,Nickel,0,0.5640523633492828
fa65,5187,fa6595462f,5187134316,Nickel,Nickel,0,0.5648557961567937
5187,d469,5187134316,d469fc3f70,Nickel,Nickel,0,0.5773331425343381
d469,5187,d469fc3f70,5187134316,Nickel,Nickel,0,0.5776183647922238
5187,0e45,5187134316,0e45ff7118,Nickel,Nickel,0,0.41786727095466564
0e45,5187,0e45ff7118,5187134316,Nickel,Nickel,0,0.41333743219522623
5187,a80b,5187134316,a80b46b6d1,Nickel,Nickel,0,0.7251484800014867
a80b,5187,a80b46b6d1,5187134316,Nickel,Nickel,0,0.7248053088591929
5187,1ed3,5187134316,1ed3442cfa,Nickel,Nickel,0,0.6300156026744892
1ed3,5187,1ed3442cfa,5187134316,Nickel,Nickel,0,0.6302168254801331
5187,db48,5187134316,db4804f266,Nickel,Nickel,0,0.6052556784574262
db48,5187,db4804f266,5187134316,Nickel,Nickel,0,0.6046581651334783
5187,bf77,5187134316,bf77a5ca9b,Nickel,Nickel,0,0.6463903419566259
bf77,5187,bf77a5ca9b,5187134316,Nickel,Nickel,0,0.645500407506619
5187,1318,5187134316,13189e401d,Nickel,Nickel,0,0.6627270709250671
1318,5187,13189e401d,5187134316,Nickel,Nickel,0,0.6628849841824567
5187,d507,5187134316,d5070cee0f,Nickel,Nickel,0,0.5946933501436653
d507,5187,d5070cee0f,5187134316,Nickel,Nickel,0,0.5945034087946268
5187,27c4,5187134316,27c44d34a4,Nickel,Nickel,0,0.54651790051621
27c4,5187,27c44d34a4,5187134316,Nickel,Nickel,0,0.5458328488911098
5187,4e01,5187134316,4e0193ff9e,Nickel,Nickel,0,0.5904458000317763
4e01,5187,4e0193ff9e,5187134316,Nickel,Nickel,0,0.5908192804903609
5187,3c68,5187134316,3c6819beb9,Nickel,Nickel,0,0.5944191330655192
3c68,5187,3c6819beb9,5187134316,Nickel,Nickel,0,0.5944826662467574
5187,3a2a,5187134316,3a2a75a851,Nickel,Nickel,0,0.46992911245217
3a2a,5187,3a2a75a851,5187134316,Nickel,Nickel,0,0.47022783382878164
5187,0d99,5187134316,0d991a198f,Nickel,Nickel,0,0.589615361048227
0d99,5187,0d991a198f,5187134316,Nickel,Nickel,0,0.5885243758017219
9fbb,744a,9fbbe4fcae,744a7e7690,Nickel,Nickel,0,0.38922770055318134
744a,9fbb,744a7e7690,9fbbe4fcae,Nickel,Nickel,0,0.38935388064546006
9fbb,9f5c,9fbbe4fcae,9f5cee2a11,Nickel,Nickel,0,0.6581137334105219
9f5c,9fbb,9f5cee2a11,9fbbe4fcae,Nickel,Nickel,0,0.6585575001138244
9fbb,3443,9fbbe4fcae,3443ea5ba5,Nickel,Nickel,0,0.6624059363691069
3443,9fbb,3443ea5ba5,9fbbe4fcae,Nickel,Nickel,0,0.6619761000858789
9fbb,fa65,9fbbe4fcae,fa6595462f,Nickel,Nickel,0,0.7024750796390777
fa65,9fbb,fa6595462f,9fbbe4fcae,Nickel,Nickel,0,0.7024750796390776
9fbb,d469,9fbbe4fcae,d469fc3f70,Nickel,Nickel,0,0.6805139211586068
d469,9fbb,d469fc3f70,9fbbe4fcae,Nickel,Nickel,0,0.679961665746539
9fbb,0e45,9fbbe4fcae,0e45ff7118,Nickel,Nickel,0,0.6414099686217195
0e45,9fbb,0e45ff7118,9fbbe4fcae,Nickel,Nickel,0,0.641380100922767
9fbb,a80b,9fbbe4fcae,a80b46b6d1,Nickel,Nickel,0,0.7018813659093018
a80b,9fbb,a80b46b6d1,9fbbe4fcae,Nickel,Nickel,0,0.7019316741341233
9fbb,1ed3,9fbbe4fcae,1ed3442cfa,Nickel,Nickel,0,0.6061566225193872
1ed3,9fbb,1ed3442cfa,9fbbe4fcae,Nickel,Nickel,0,0.6061695153855541
9fbb,db48,9fbbe4fcae,db4804f266,Nickel,Nickel,0,0.6287703144724083
db48,9fbb,db4804f266,9fbbe4fcae,Nickel,Nickel,0,0.62980798549369
9fbb,bf77,9fbbe4fcae,bf77a5ca9b,Nickel,Nickel,0,0.6665860650888918
bf77,9fbb,bf77a5ca9b,9fbbe4fcae,Nickel,Nickel,0,0.6663089322331202
9fbb,1318,9fbbe4fcae,13189e401d,Nickel,Nickel,0,0.5391683211912296
1318,9fbb,13189e401d,9fbbe4fcae,Nickel,Nickel,0,0.5394573127694375
9fbb,d507,9fbbe4fcae,d5070cee0f,Nickel,Nickel,0,0.48535298103137153
d507,9fbb,d5070cee0f,9fbbe4fcae,Nickel,Nickel,0,0.4858311226527719
9fbb,27c4,9fbbe4fcae,27c44d34a4,Nickel,Nickel,0,0.6845068218124214
27c4,9fbb,27c44d34a4,9fbbe4fcae,Nickel,Nickel,0,0.6845533873695521
9fbb,4e01,9fbbe4fcae,4e0193ff9e,Nickel,Nickel,0,0.4226379254156201
4e01,9fbb,4e0193ff9e,9fbbe4fcae,Nickel,Nickel,0,0.42360041477065014
9fbb,3c68,9fbbe4fcae,3c6819beb9,Nickel,Nickel,0,0.47047836771109114
3c68,9fbb,3c6819beb9,9fbbe4fcae,Nickel,Nickel,0,0.4703278134843505
9fbb,3a2a,9fbbe4fcae,3a2a75a851,Nickel,Nickel,0,0.3540250568859108
3a2a,9fbb,3a2a75a851,9fbbe4fcae,Nickel,Nickel,0,0.3541749121287638
9fbb,0d99,9fbbe4fcae,0d991a198f,Nickel,Nickel,0,0.5419934234174197
0d99,9fbb,0d991a198f,9fbbe4fcae,Nickel,Nickel,0,0.5423567103819389
744a,3443,744a7e7690,3443ea5ba5,Nickel,Nickel,0,0.47926185974112545
3443,744a,3443ea5ba5,744a7e7690,Nickel,Nickel,0,0.5055069129382339
744a,fa65,744a7e7690,fa6595462f,Nickel,Nickel,0,0.5463455019068354
fa65,744a,fa6595462f,744a7e7690,Nickel,Nickel,0,0.546321569245416
744a,d469,744a7e7690,d469fc3f70,Nickel,Nickel,0,0.6169110916744439
d469,744a,d469fc3f70,744a7e7690,Nickel,Nickel,0,0.6171831635949447
744a,0e45,744a7e7690,0e45ff7118,Nickel,Nickel,0,0.5382612646115268
0e45,744a,0e45ff7118,744a7e7690,Nickel,Nickel,0,0.5402669018227119
744a,a80b,744a7e7690,a80b46b6d1,Nickel,Nickel,0,0.417195655277733
a80b,744a,a80b46b6d1,744a7e7690,Nickel,Nickel,0,0.41714252033556676
744a,db48,744a7e7690,db4804f266,Nickel,Nickel,0,0.548666215086211
db48,744a,db4804f266,744a7e7690,Nickel,Nickel,0,0.5505751413843136
744a,bf77,744a7e7690,bf77a5ca9b,Nickel,Nickel,0,0.6427443515846392
bf77,744a,bf77a5ca9b,744a7e7690,Nickel,Nickel,0,0.642519206207283
744a,1318,744a7e7690,13189e401d,Nickel,Nickel,0,0.5828992015145387
1318,744a,13189e401d,744a7e7690,Nickel,Nickel,0,0.5828557494859163
744a,27c4,744a7e7690,27c44d34a4,Nickel,Nickel,0,0.5224396008302578
27c4,744a,27c44d34a4,744a7e7690,Nickel,Nickel,0,0.5226131621917975
744a,3c68,744a7e7690,3c6819beb9,Nickel,Nickel,0,0.5142662711321818
3c68,744a,3c6819beb9,744a7e7690,Nickel,Nickel,0,0.5141526597565412
744a,3a2a,744a7e7690,3a2a75a851,Nickel,Nickel,0,0.44670651876970374
3a2a,744a,3a2a75a851,744a7e7690,Nickel,Nickel,0,0.4464566053389853
744a,0d99,744a7e7690,0d991a198f,Nickel,Nickel,0,0.7900160744285004
0d99,744a,0d991a198f,744a7e7690,Nickel,Nickel,0,0.7900160744285001
9f5c,3443,9f5cee2a11,3443ea5ba5,Nickel,Nickel,0,0.6004743776901891
3443,9f5c,3443ea5ba5,9f5cee2a11,Nickel,Nickel,0,0.6007592422202618
9f5c,fa65,9f5cee2a11,fa6595462f,Nickel,Nickel,0,0.6807130496805393
fa65,9f5c,fa6595462f,9f5cee2a11,Nickel,Nickel,0,0.6805643147141922
9f5c,d469,9f5cee2a11,d469fc3f70,Nickel,Nickel,0,0.5479547347880698
d469,9f5c,d469fc3f70,9f5cee2a11,Nickel,Nickel,0,0.5464403747834964
9f5c,0e45,9f5cee2a11,0e45ff7118,Nickel,Nickel,0,0.57487210724604
0e45,9f5c,0e45ff7118,9f5cee2a11,Nickel,Nickel,0,0.551918773454768
9f5c,a80b,9f5cee2a11,a80b46b6d1,Nickel,Nickel,0,0.5583061968701098
a80b,9f5c,a80b46b6d1,9f5cee2a11,Nickel,Nickel,0,0.5583061968701092
9f5c,db48,9f5cee2a11,db4804f266,Nickel,Nickel,0,0.6130020543521283
db48,9f5c,db4804f266,9f5cee2a11,Nickel,Nickel,0,0.6133493165493044
9f5c,bf77,9f5cee2a11,bf77a5ca9b,Nickel,Nickel,0,0.5047259302200575
bf77,9f5c,bf77a5ca9b,9f5cee2a11,Nickel,Nickel,0,0.5050781871012923
9f5c,1318,9f5cee2a11,13189e401d,Nickel,Nickel,0,0.5945607352891442
1318,9f5c,13189e401d,9f5cee2a11,Nickel,Nickel,0,0.5946611800684569
9f5c,27c4,9f5cee2a11,27c44d34a4,Nickel,Nickel,0,0.6360499863084516
27c4,9f5c,27c44d34a4,9f5cee2a11,Nickel,Nickel,0,0.6339596579224706
9f5c,3c68,9f5cee2a11,3c6819beb9,Nickel,Nickel,0,0.5658108511418924
3c68,9f5c,3c6819beb9,9f5cee2a11,Nickel,Nickel,0,0.5658903159504647
9f5c,3a2a,9f5cee2a11,3a2a75a851,Nickel,Nickel,0,0.6008089581263857
3a2a,9f5c,3a2a75a851,9f5cee2a11,Nickel,Nickel,0,0.6015420772278808
9f5c,0d99,9f5cee2a11,0d991a198f,Nickel,Nickel,0,0.632641022818691
0d99,9f5c,0d991a198f,9f5cee2a11,Nickel,Nickel,0,0.6322657459143793
3443,fa65,3443ea5ba5,fa6595462f,Nickel,Nickel,0,0.618439928723062
fa65,3443,fa6595462f,3443ea5ba5,Nickel,Nickel,0,0.6204695195600951
3443,d469,3443ea5ba5,d469fc3f70,Nickel,Nickel,0,0.4721693999179343
d469,3443,d469fc3f70,3443ea5ba5,Nickel,Nickel,0,0.4710881603290326
3443,0e45,3443ea5ba5,0e45ff7118,Nickel,Nickel,0,0.5052678024734422
0e45,3443,0e45ff7118,3443ea5ba5,Nickel,Nickel,0,0.5024327642450828
3443,a80b,3443ea5ba5,a80b46b6d1,Nickel,Nickel,0,0.5960882382362219
a80b,3443,a80b46b6d1,3443ea5ba5,Nickel,Nickel,0,0.5959597361558685
3443,1ed3,3443ea5ba5,1ed3442cfa,Nickel,Nickel,0,0.560314447420705
1ed3,3443,1ed3442cfa,3443ea5ba5,Nickel,Nickel,0,0.5606434080352193
3443,db48,3443ea5ba5,db4804f266,Nickel,Nickel,0,0.5249847752292385
db48,3443,db4804f266,3443ea5ba5,Nickel,Nickel,0,0.5241369411900912
3443,bf77,3443ea5ba5,bf77a5ca9b,Nickel,Nickel,0,0.46114756893723363
bf77,3443,bf77a5ca9b,3443ea5ba5,Nickel,Nickel,0,0.4608242771685165
3443,1318,3443ea5ba5,13189e401d,Nickel,Nickel,0,0.568690739700435
1318,3443,13189e401d,3443ea5ba5,Nickel,Nickel,0,0.5689665466947657
3443,d507,3443ea5ba5,d5070cee0f,Nickel,Nickel,0,0.6426592053412448
d507,3443,d5070cee0f,3443ea5ba5,Nickel,Nickel,0,0.6427149909249011
3443,27c4,3443ea5ba5,27c44d34a4,Nickel,Nickel,0,0.6621912548154154
27c4,3443,27c44d34a4,3443ea5ba5,Nickel,Nickel,0,0.6625866475650081
3443,4e01,3443ea5ba5,4e0193ff9e,Nickel,Nickel,0,0.5292768952698945
4e01,3443,4e0193ff9e,3443ea5ba5,Nickel,Nickel,0,0.5292741721092262
3443,3c68,3443ea5ba5,3c6819beb9,Nickel,Nickel,0,0.5077068536473078
3c68,3443,3c6819beb9,3443ea5ba5,Nickel,Nickel,0,0.5083095159368535
3443,3a2a,3443ea5ba5,3a2a75a851,Nickel,Nickel,0,0.5722083299764228
3a2a,3443,3a2a75a851,3443ea5ba5,Nickel,Nickel,0,0.5705694018650083
3443,0d99,3443ea5ba5,0d991a198f,Nickel,Nickel,0,0.4660403125494032
0d99,3443,0d991a198f,3443ea5ba5,Nickel,Nickel,0,0.46558258162428334
fa65,d469,fa6595462f,d469fc3f70,Nickel,Nickel,0,0.5565359460920872
d469,fa65,d469fc3f70,fa6595462f,Nickel,Nickel,0,0.556790376650851
fa65,0e45,fa6595462f,0e45ff7118,Nickel,Nickel,0,0.5593566334855796
0e45,fa65,0e45ff7118,fa6595462f,Nickel,Nickel,0,0.5593566334855797
fa65,a80b,fa6595462f,a80b46b6d1,Nickel,Nickel,0,0.6602462465120481
a80b,fa65,a80b46b6d1,fa6595462f,Nickel,Nickel,0,0.6593984402217482
fa65,1ed3,fa6595462f,1ed3442cfa,Nickel,Nickel,0,0.5962362813628143
1ed3,fa65,1ed3442cfa,fa6595462f,Nickel,Nickel,0,0.5958331975253658
fa65,db48,fa6595462f,db4804f266,Nickel,Nickel,0,0.6013297062837514
db48,fa65,db4804f266,fa6595462f,Nickel,Nickel,0,0.6011229268135174
fa65,bf77,fa6595462f,bf77a5ca9b,Nickel,Nickel,0,0.6758216705808866
bf77,fa65,bf77a5ca9b,fa6595462f,Nickel,Nickel,0,0.6757957308176554
fa65,1318,fa6595462f,13189e401d,Nickel,Nickel,0,0.6414606343007849
1318,fa65,13189e401d,fa6595462f,Nickel,Nickel,0,0.6414606343007847
fa65,d507,fa6595462f,d5070cee0f,Nickel,Nickel,0,0.5511402429808174
d507,fa65,d5070cee0f,fa6595462f,Nickel,Nickel,0,0.552146869557991
fa65,27c4,fa6595462f,27c44d34a4,Nickel,Nickel,0,0.6791195069995393
27c4,fa65,27c44d34a4,fa6595462f,Nickel,Nickel,0,0.6787851593278185
fa65,4e01,fa6595462f,4e0193ff9e,Nickel,Nickel,0,0.5739301145696656
4e01,fa65,4e0193ff9e,fa6595462f,Nickel,Nickel,0,0.5732896209070145
fa65,3c68,fa6595462f,3c6819beb9,Nickel,Nickel,0,0.44943293082647817
3c68,fa65,3c6819beb9,fa6595462f,Nickel,Nickel,0,0.44922972526124494
fa65,3a2a,fa6595462f,3a2a75a851,Nickel,Nickel,0,0.5846951186556311
3a2a,fa65,3a2a75a851,fa6595462f,Nickel,Nickel,0,0.5846831911727008
fa65,0d99,fa6595462f,0d991a198f,Nickel,Nickel,0,0.5597628718832467
0d99,fa65,0d991a198f,fa6595462f,Nickel,Nickel,0,0.5596313666593042
d469,0e45,d469fc3f70,0e45ff7118,Nickel,Nickel,0,0.6357585903404231
0e45,d469,0e45ff7118,d469fc3f70,Nickel,Nickel,0,0.6378837066073232
d469,a80b,d469fc3f70,a80b46b6d1,Nickel,Nickel,0,0.625625709799042
a80b,d469,a80b46b6d1,d469fc3f70,Nickel,Nickel,0,0.6255302184263709
d469,1ed3,d469fc3f70,1ed3442cfa,Nickel,Nickel,0,0.5106063050572225
1ed3,d469,1ed3442cfa,d469fc3f70,Nickel,Nickel,0,0.5107185840057936
d469,db48,d469fc3f70,db4804f266,Nickel,Nickel,0,0.6567701799091772
db48,d469,db4804f266,d469fc3f70,Nickel,Nickel,0,0.6300819559630609
d469,bf77,d469fc3f70,bf77a5ca9b,Nickel,Nickel,0,0.4456506394165894
bf77,d469,bf77a5ca9b,d469fc3f70,Nickel,Nickel,0,0.44566712430392375
d469,1318,d469fc3f70,13189e401d,Nickel,Nickel,0,0.711638330734577
1318,d469,13189e401d,d469fc3f70,Nickel,Nickel,0,0.7109507941752027
d469,d507,d469fc3f70,d5070cee0f,Nickel,Nickel,0,0.5037503711287514
d507,d469,d5070cee0f,d469fc3f70,Nickel,Nickel,0,0.503807840355784
d469,27c4,d469fc3f70,27c44d34a4,Nickel,Nickel,0,0.5800823556377294
27c4,d469,27c44d34a4,d469fc3f70,Nickel,Nickel,0,0.5800823556377294
d469,4e01,d469fc3f70,4e0193ff9e,Nickel,Nickel,0,0.6136390835662644
4e01,d469,4e0193ff9e,d469fc3f70,Nickel,Nickel,0,0.6141784039917937
d469,3c68,d469fc3f70,3c6819beb9,Nickel,Nickel,0,0.5303062900854114
3c68,d469,3c6819beb9,d469fc3f70,Nickel,Nickel,0,0.5303062900854116
d469,3a2a,d469fc3f70,3a2a75a851,Nickel,Nickel,0,0.7118188991323865
3a2a,d469,3a2a75a851,d469fc3f70,Nickel,Nickel,0,0.6173785692791111
d469,0d99,d469fc3f70,0d991a198f,Nickel,Nickel,0,0.6012927676882273
0d99,d469,0d991a198f,d469fc3f70,Nickel,Nickel,0,0.6003999648755619
0e45,a80b,0e45ff7118,a80b46b6d1,Nickel,Nickel,0,0.49226975399609774
a80b,0e45,a80b46b6d1,0e45ff7118,Nickel,Nickel,0,0.49295386233698074
0e45,1ed3,0e45ff7118,1ed3442cfa,Nickel,Nickel,0,0.47380792049653475
1ed3,0e45,1ed3442cfa,0e45ff7118,Nickel,Nickel,0,0.47393880787286824
0e45,db48,0e45ff7118,db4804f266,Nickel,Nickel,0,0.7661025173744088
db48,0e45,db4804f266,0e45ff7118,Nickel,Nickel,0,0.6870387307727417
0e45,bf77,0e45ff7118,bf77a5ca9b,Nickel,Nickel,0,0.5647058312563834
bf77,0e45,bf77a5ca9b,0e45ff7118,Nickel,Nickel,0,0.5647058312563836
0e45,1318,0e45ff7118,13189e401d,Nickel,Nickel,0,0.6447520085910293
1318,0e45,13189e401d,0e45ff7118,Nickel,Nickel,0,0.7042218010134379
0e45,d507,0e45ff7118,d5070cee0f,Nickel,Nickel,0,0.6111002064105274
d507,0e45,d5070cee0f,0e45ff7118,Nickel,Nickel,0,0.6110656440033642
0e45,27c4,0e45ff7118,27c44d34a4,Nickel,Nickel,0,0.5365928222846983
27c4,0e45,27c44d34a4,0e45ff7118,Nickel,Nickel,0,0.5354246529501342
0e45,4e01,0e45ff7118,4e0193ff9e,Nickel,Nickel,0,0.6362452330125223
4e01,0e45,4e0193ff9e,0e45ff7118,Nickel,Nickel,0,0.6364009131840217
0e45,3c68,0e45ff7118,3c6819beb9,Nickel,Nickel,0,0.5497428168619878
3c68,0e45,3c6819beb9,0e45ff7118,Nickel,Nickel,0,0.5496697242500597
0e45,3a2a,0e45ff7118,3a2a75a851,Nickel,Nickel,0,0.5859397616031913
3a2a,0e45,3a2a75a851,0e45ff7118,Nickel,Nickel,0,0.5656895087541707
0e45,0d99,0e45ff7118,0d991a198f,Nickel,Nickel,0,0.6748546482984766
0d99,0e45,0d991a198f,0e45ff7118,Nickel,Nickel,0,0.6748546482984767
a80b,1ed3,a80b46b6d1,1ed3442cfa,Nickel,Nickel,0,0.5694493971366584
1ed3,a80b,1ed3442cfa,a80b46b6d1,Nickel,Nickel,0,0.5695174045968732
a80b,db48,a80b46b6d1,db4804f266,Nickel,Nickel,0,0.5906843516074429
db48,a80b,db4804f266,a80b46b6d1,Nickel,Nickel,0,0.5905306210393072
a80b,bf77,a80b46b6d1,bf77a5ca9b,Nickel,Nickel,0,0.6064426921134574
bf77,a80b,bf77a5ca9b,a80b46b6d1,Nickel,Nickel,0,0.6060820376765622
a80b,1318,a80b46b6d1,13189e401d,Nickel,Nickel,0,0.8821641063204676
1318,a80b,13189e401d,a80b46b6d1,Nickel,Nickel,0,0.8819642950930429
a80b,d507,a80b46b6d1,d5070cee0f,Nickel,Nickel,0,0.4699450025063855
d507,a80b,d5070cee0f,a80b46b6d1,Nickel,Nickel,0,0.4684542624304088
a80b,27c4,a80b46b6d1,27c44d34a4,Nickel,Nickel,0,0.5936015759551798
27c4,a80b,27c44d34a4,a80b46b6d1,Nickel,Nickel,0,0.5926439488904622
a80b,4e01,a80b46b6d1,4e0193ff9e,Nickel,Nickel,0,0.5352661884070979
4e01,a80b,4e0193ff9e,a80b46b6d1,Nickel,Nickel,0,0.5365185576457152
a80b,3c68,a80b46b6d1,3c6819beb9,Nickel,Nickel,0,0.7782568718613005
3c68,a80b,3c6819beb9,a80b46b6d1,Nickel,Nickel,0,0.7778844571946836
a80b,3a2a,a80b46b6d1,3a2a75a851,Nickel,Nickel,0,0.5605600912645271
3a2a,a80b,3a2a75a851,a80b46b6d1,Nickel,Nickel,0,0.5603399923504369
a80b,0d99,a80b46b6d1,0d991a198f,Nickel,Nickel,0,0.6720665997369792
0d99,a80b,0d991a198f,a80b46b6d1,Nickel,Nickel,0,0.6721087436441139
1ed3,db48,1ed3442cfa,db4804f266,Nickel,Nickel,0,0.5013188998488012
db48,1ed3,db4804f266,1ed3442cfa,Nickel,Nickel,0,0.5014672178926466
1ed3,bf77,1ed3442cfa,bf77a5ca9b,Nickel,Nickel,0,0.47520486575018084
bf77,1ed3,bf77a5ca9b,1ed3442cfa,Nickel,Nickel,0,0.4777893514540115
1ed3,1318,1ed3442cfa,13189e401d,Nickel,Nickel,0,0.6339745649184373
1318,1ed3,13189e401d,1ed3442cfa,Nickel,Nickel,0,0.6337114043375032
1ed3,27c4,1ed3442cfa,27c44d34a4,Nickel,Nickel,0,0.45468052653927615
27c4,1ed3,27c44d34a4,1ed3442cfa,Nickel,Nickel,0,0.454394115726332
1ed3,3c68,1ed3442cfa,3c6819beb9,Nickel,Nickel,0,0.4326667429723138
3c68,1ed3,3c6819beb9,1ed3442cfa,Nickel,Nickel,0,0.4326667429723138
1ed3,3a2a,1ed3442cfa,3a2a75a851,Nickel,Nickel,0,0.5180587208314631
3a2a,1ed3,3a2a75a851,1ed3442cfa,Nickel,Nickel,0,0.5198205905838724
1ed3,0d99,1ed3442cfa,0d991a198f,Nickel,Nickel,0,0.5927128441012736
0d99,1ed3,0d991a198f,1ed3442cfa,Nickel,Nickel,0,0.5924446633798603
db48,bf77,db4804f266,bf77a5ca9b,Nickel,Nickel,0,0.5187936716776704
bf77,db48,bf77a5ca9b,db4804f266,Nickel,Nickel,0,0.5186881149738538
db48,1318,db4804f266,13189e401d,Nickel,Nickel,0,0.5831376560295386
1318,db48,13189e401d,db4804f266,Nickel,Nickel,0,0.5833102636048899
db48,d507,db4804f266,d5070cee0f,Nickel,Nickel,0,0.6455737168006285
d507,db48,d5070cee0f,db4804f266,Nickel,Nickel,0,0.6457343049856819
db48,27c4,db4804f266,27c44d34a4,Nickel,Nickel,0,0.7914001937665719
27c4,db48,27c44d34a4,db4804f266,Nickel,Nickel,0,0.7912286499658433
db48,4e01,db4804f266,4e0193ff9e,Nickel,Nickel,0,0.5170060127365521
4e01,db48,4e0193ff9e,db4804f266,Nickel,Nickel,0,0.5176642745815898
db48,3c68,db4804f266,3c6819beb9,Nickel,Nickel,0,0.5133914582792145
3c68,db48,3c6819beb9,db4804f266,Nickel,Nickel,0,0.5134123153277206
db48,3a2a,db4804f266,3a2a75a851,Nickel,Nickel,0,0.5746855270214856
3a2a,db48,3a2a75a851,db4804f266,Nickel,Nickel,0,0.574982707844283
db48,0d99,db4804f266,0d991a198f,Nickel,Nickel,0,0.5223907571956583
0d99,db48,0d991a198f,db4804f266,Nickel,Nickel,0,0.5219857980351564
bf77,1318,bf77a5ca9b,13189e401d,Nickel,Nickel,0,0.5672598536710879
1318,bf77,13189e401d,bf77a5ca9b,Nickel,Nickel,0,0.5669967914214941
bf77,d507,bf77a5ca9b,d5070cee0f,Nickel,Nickel,0,0.6347608228723567
d507,bf77,d5070cee0f,bf77a5ca9b,Nickel,Nickel,0,0.6354236271223181
bf77,27c4,bf77a5ca9b,27c44d34a4,Nickel,Nickel,0,0.5415488144981047
27c4,bf77,27c44d34a4,bf77a5ca9b,Nickel,Nickel,0,0.5417036261743234
bf77,4e01,bf77a5ca9b,4e0193ff9e,Nickel,Nickel,0,0.5530908746337662
4e01,bf77,4e0193ff9e,bf77a5ca9b,Nickel,Nickel,0,0.6218472376179155
bf77,3c68,bf77a5ca9b,3c6819beb9,Nickel,Nickel,0,0.5707930513632565
3c68,bf77,3c6819beb9,bf77a5ca9b,Nickel,Nickel,0,0.5715303061643773
bf77,3a2a,bf77a5ca9b,3a2a75a851,Nickel,Nickel,0,0.5929972885052331
3a2a,bf77,3a2a75a851,bf77a5ca9b,Nickel,Nickel,0,0.5943196402622485
bf77,0d99,bf77a5ca9b,0d991a198f,Nickel,Nickel,0,0.46448535032680804
0d99,bf77,0d991a198f,bf77a5ca9b,Nickel,Nickel,0,0.4640970196200747
1318,d507,13189e401d,d5070cee0f,Nickel,Nickel,0,0.5127014240651633
d507,1318,d5070cee0f,13189e401d,Nickel,Nickel,0,0.5137312258101447
1318,27c4,13189e401d,27c44d34a4,Nickel,Nickel,0,0.6333412076112626
27c4,1318,27c44d34a4,13189e401d,Nickel,Nickel,0,0.6328612989746023
1318,4e01,13189e401d,4e0193ff9e,Nickel,Nickel,0,0.5088970405687052
4e01,1318,4e0193ff9e,13189e401d,Nickel,Nickel,0,0.5098834034054784
1318,3c68,13189e401d,3c6819beb9,Nickel,Nickel,0,0.49528816070323695
3c68,1318,3c6819beb9,13189e401d,Nickel,Nickel,0,0.4952713828010138
1318,3a2a,13189e401d,3a2a75a851,Nickel,Nickel,0,0.5399923772961666
3a2a,1318,3a2a75a851,13189e401d,Nickel,Nickel,0,0.5399923772961666
1318,0d99,13189e401d,0d991a198f,Nickel,Nickel,0,0.7364870548977467
0d99,1318,0d991a198f,13189e401d,Nickel,Nickel,0,0.7355320401306348
d507,27c4,d5070cee0f,27c44d34a4,Nickel,Nickel,0,0.6741409554209968
27c4,d507,27c44d34a4,d5070cee0f,Nickel,Nickel,0,0.673483042615008
d507,3c68,d5070cee0f,3c6819beb9,Nickel,Nickel,0,0.4468818498670057
3c68,d507,3c6819beb9,d5070cee0f,Nickel,Nickel,0,0.44746672864393267
d507,3a2a,d5070cee0f,3a2a75a851,Nickel,Nickel,0,0.5041648037231162
3a2a,d507,3a2a75a851,d5070cee0f,Nickel,Nickel,0,0.5041882493297878
d507,0d99,d5070cee0f,0d991a198f,Nickel,Nickel,0,0.6643342805166998
0d99,d507,0d991a198f,d5070cee0f,Nickel,Nickel,0,0.6643066380390288
27c4,4e01,27c44d34a4,4e0193ff9e,Nickel,Nickel,0,0.5091244770141177
4e01,27c4,4e0193ff9e,27c44d34a4,Nickel,Nickel,0,0.5091424160624559
27c4,3c68,27c44d34a4,3c6819beb9,Nickel,Nickel,0,0.6545923538688857
3c68,27c4,3c6819beb9,27c44d34a4,Nickel,Nickel,0,0.6550620179410659
27c4,3a2a,27c44d34a4,3a2a75a851,Nickel,Nickel,0,0.5028178153291345
3a2a,27c4,3a2a75a851,27c44d34a4,Nickel,Nickel,0,0.43399989358412305
27c4,0d99,27c44d34a4,0d991a198f,Nickel,Nickel,0,0.6863018956126935
0d99,27c4,0d991a198f,27c44d34a4,Nickel,Nickel,0,0.6866102218525163
4e01,3c68,4e0193ff9e,3c6819beb9,Nickel,Nickel,0,0.4529830478294447
3c68,4e01,3c6819beb9,4e0193ff9e,Nickel,Nickel,0,0.4529219567066275
4e01,3a2a,4e0193ff9e,3a2a75a851,Nickel,Nickel,0,0.523018356932297
3a2a,4e01,3a2a75a851,4e0193ff9e,Nickel,Nickel,0,0.5214586813247081
4e01,0d99,4e0193ff9e,0d991a198f,Nickel,Nickel,0,0.5491354454992929
0d99,4e01,0d991a198f,4e0193ff9e,Nickel,Nickel,0,0.5491319605455005
3c68,3a2a,3c6819beb9,3a2a75a851,Nickel,Nickel,0,0.4994973148039114
3a2a,3c68,3a2a75a851,3c6819beb9,Nickel,Nickel,0,0.49872478506691337
3c68,0d99,3c6819beb9,0d991a198f,Nickel,Nickel,0,0.6269278090508159
0d99,3c68,0d991a198f,3c6819beb9,Nickel,Nickel,0,0.6269105621341188
3a2a,0d99,3a2a75a851,0d991a198f,Nickel,Nickel,0,0.4463549712542018
0d99,3a2a,0d991a198f,3a2a75a851,Nickel,Nickel,0,0.4465543281557288
